<item>
  <title>Rising (1)</title>
  <meta>
    <content>episode</content>
    <imdb>tt0374455</imdb>
    <tvshowtitle>  Stargate Atlantis</tvshowtitle>
    <year>  2004</year>
    <title>Rising (1)</title>
    <premiered>2004-07-17</premiered>
    <season>1</season>
    <episode>1</episode>
  </meta>
  <link>
    <sublink>search</sublink>
    <sublink>searchsd</sublink>
  </link>
  <thumbnail>https://image.tmdb.org/t/p/w1280//9VY06DH7RbPaZdyRd3OKQCpDYve.jpg</thumbnail>
  <fanart>
  </fanart>
</item>
<item>
  <title>Rising (2)</title>
  <meta>
    <content>episode</content>
    <imdb>tt0374455</imdb>
    <tvshowtitle>  Stargate Atlantis</tvshowtitle>
    <year>  2004</year>
    <title>Rising (2)</title>
    <premiered>2004-07-17</premiered>
    <season>1</season>
    <episode>2</episode>
  </meta>
  <link>
    <sublink>search</sublink>
    <sublink>searchsd</sublink>
  </link>
  <thumbnail>https://image.tmdb.org/t/p/w1280//e6zj8lDejqNOYiqe6fpnr6wlyid.jpg</thumbnail>
  <fanart>
  </fanart>
</item>
<item>
  <title>Hide and Seek</title>
  <meta>
    <content>episode</content>
    <imdb>tt0374455</imdb>
    <tvshowtitle>  Stargate Atlantis</tvshowtitle>
    <year>  2004</year>
    <title>Hide and Seek</title>
    <premiered>2004-07-24</premiered>
    <season>1</season>
    <episode>3</episode>
  </meta>
  <link>
    <sublink>search</sublink>
    <sublink>searchsd</sublink>
  </link>
  <thumbnail>https://image.tmdb.org/t/p/w1280//zGsj7E3BLHxOxKjHpmBlZc2TwqV.jpg</thumbnail>
  <fanart>
  </fanart>
</item>
<item>
  <title>Thirty-Eight Minutes</title>
  <meta>
    <content>episode</content>
    <imdb>tt0374455</imdb>
    <tvshowtitle>  Stargate Atlantis</tvshowtitle>
    <year>  2004</year>
    <title>Thirty-Eight Minutes</title>
    <premiered>2004-07-31</premiered>
    <season>1</season>
    <episode>4</episode>
  </meta>
  <link>
    <sublink>search</sublink>
    <sublink>searchsd</sublink>
  </link>
  <thumbnail>https://image.tmdb.org/t/p/w1280//3MBBKpJ3qEabTF0TskMEHvcdsk4.jpg</thumbnail>
  <fanart>
  </fanart>
</item>
<item>
  <title>Suspicion</title>
  <meta>
    <content>episode</content>
    <imdb>tt0374455</imdb>
    <tvshowtitle>  Stargate Atlantis</tvshowtitle>
    <year>  2004</year>
    <title>Suspicion</title>
    <premiered>2004-08-07</premiered>
    <season>1</season>
    <episode>5</episode>
  </meta>
  <link>
    <sublink>search</sublink>
    <sublink>searchsd</sublink>
  </link>
  <thumbnail>https://image.tmdb.org/t/p/w1280//hbpUae2x6URBcChb4EhBZHLGO3a.jpg</thumbnail>
  <fanart>
  </fanart>
</item>
<item>
  <title>Childhood's End</title>
  <meta>
    <content>episode</content>
    <imdb>tt0374455</imdb>
    <tvshowtitle>  Stargate Atlantis</tvshowtitle>
    <year>  2004</year>
    <title>Childhood's End</title>
    <premiered>2004-08-14</premiered>
    <season>1</season>
    <episode>6</episode>
  </meta>
  <link>
    <sublink>search</sublink>
    <sublink>searchsd</sublink>
  </link>
  <thumbnail>https://image.tmdb.org/t/p/w1280//z3aATa6Kz1tDVk6pGJnzO2Mp2n8.jpg</thumbnail>
  <fanart>
  </fanart>
</item>
<item>
  <title>Poisoning the Well</title>
  <meta>
    <content>episode</content>
    <imdb>tt0374455</imdb>
    <tvshowtitle>  Stargate Atlantis</tvshowtitle>
    <year>  2004</year>
    <title>Poisoning the Well</title>
    <premiered>2004-08-21</premiered>
    <season>1</season>
    <episode>7</episode>
  </meta>
  <link>
    <sublink>search</sublink>
    <sublink>searchsd</sublink>
  </link>
  <thumbnail>https://image.tmdb.org/t/p/w1280//rEAMaOY4j4ndBZ39gNynjW2nNTA.jpg</thumbnail>
  <fanart>
  </fanart>
</item>
<item>
  <title>Underground</title>
  <meta>
    <content>episode</content>
    <imdb>tt0374455</imdb>
    <tvshowtitle>  Stargate Atlantis</tvshowtitle>
    <year>  2004</year>
    <title>Underground</title>
    <premiered>2004-08-28</premiered>
    <season>1</season>
    <episode>8</episode>
  </meta>
  <link>
    <sublink>search</sublink>
    <sublink>searchsd</sublink>
  </link>
  <thumbnail>https://image.tmdb.org/t/p/w1280//85SyJMzCkkBEJbXxl2jogqFvhVC.jpg</thumbnail>
  <fanart>
  </fanart>
</item>
<item>
  <title>Home</title>
  <meta>
    <content>episode</content>
    <imdb>tt0374455</imdb>
    <tvshowtitle>  Stargate Atlantis</tvshowtitle>
    <year>  2004</year>
    <title>Home</title>
    <premiered>2004-09-11</premiered>
    <season>1</season>
    <episode>9</episode>
  </meta>
  <link>
    <sublink>search</sublink>
    <sublink>searchsd</sublink>
  </link>
  <thumbnail>https://image.tmdb.org/t/p/w1280//7UOWtktzimhLrVIc4z7387L6cBt.jpg</thumbnail>
  <fanart>
  </fanart>
</item>
<item>
  <title>The Storm (1)</title>
  <meta>
    <content>episode</content>
    <imdb>tt0374455</imdb>
    <tvshowtitle>  Stargate Atlantis</tvshowtitle>
    <year>  2004</year>
    <title>The Storm (1)</title>
    <premiered>2004-09-18</premiered>
    <season>1</season>
    <episode>10</episode>
  </meta>
  <link>
    <sublink>search</sublink>
    <sublink>searchsd</sublink>
  </link>
  <thumbnail>https://image.tmdb.org/t/p/w1280//l2GwHYP9okEuE2HMkWf0cilMva9.jpg</thumbnail>
  <fanart>
  </fanart>
</item>
<item>
  <title>The Eye (2)</title>
  <meta>
    <content>episode</content>
    <imdb>tt0374455</imdb>
    <tvshowtitle>  Stargate Atlantis</tvshowtitle>
    <year>  2004</year>
    <title>The Eye (2)</title>
    <premiered>2005-01-22</premiered>
    <season>1</season>
    <episode>11</episode>
  </meta>
  <link>
    <sublink>search</sublink>
    <sublink>searchsd</sublink>
  </link>
  <thumbnail>https://image.tmdb.org/t/p/w1280//b6c5Jbs1ME9IJUQrXYr21pXNQ0x.jpg</thumbnail>
  <fanart>
  </fanart>
</item>
<item>
  <title>The Defiant One</title>
  <meta>
    <content>episode</content>
    <imdb>tt0374455</imdb>
    <tvshowtitle>  Stargate Atlantis</tvshowtitle>
    <year>  2004</year>
    <title>The Defiant One</title>
    <premiered>2005-01-29</premiered>
    <season>1</season>
    <episode>12</episode>
  </meta>
  <link>
    <sublink>search</sublink>
    <sublink>searchsd</sublink>
  </link>
  <thumbnail>https://image.tmdb.org/t/p/w1280//esOYvF4PiRK3lFhjAkGslvchygZ.jpg</thumbnail>
  <fanart>
  </fanart>
</item>
<item>
  <title>Hot Zone</title>
  <meta>
    <content>episode</content>
    <imdb>tt0374455</imdb>
    <tvshowtitle>  Stargate Atlantis</tvshowtitle>
    <year>  2004</year>
    <title>Hot Zone</title>
    <premiered>2005-02-05</premiered>
    <season>1</season>
    <episode>13</episode>
  </meta>
  <link>
    <sublink>search</sublink>
    <sublink>searchsd</sublink>
  </link>
  <thumbnail>https://image.tmdb.org/t/p/w1280//2njidfZgwDGSz3nsLaldbb3cYyY.jpg</thumbnail>
  <fanart>
  </fanart>
</item>
<item>
  <title>Sanctuary</title>
  <meta>
    <content>episode</content>
    <imdb>tt0374455</imdb>
    <tvshowtitle>  Stargate Atlantis</tvshowtitle>
    <year>  2004</year>
    <title>Sanctuary</title>
    <premiered>2005-02-12</premiered>
    <season>1</season>
    <episode>14</episode>
  </meta>
  <link>
    <sublink>search</sublink>
    <sublink>searchsd</sublink>
  </link>
  <thumbnail>https://image.tmdb.org/t/p/w1280//tVOgzVvVXjvKaiyC90nch9IYMKZ.jpg</thumbnail>
  <fanart>
  </fanart>
</item>
<item>
  <title>Before I Sleep</title>
  <meta>
    <content>episode</content>
    <imdb>tt0374455</imdb>
    <tvshowtitle>  Stargate Atlantis</tvshowtitle>
    <year>  2004</year>
    <title>Before I Sleep</title>
    <premiered>2005-02-19</premiered>
    <season>1</season>
    <episode>15</episode>
  </meta>
  <link>
    <sublink>search</sublink>
    <sublink>searchsd</sublink>
  </link>
  <thumbnail>https://image.tmdb.org/t/p/w1280//cOkpmAP4Q8At7ILf1D36qS5GN7q.jpg</thumbnail>
  <fanart>
  </fanart>
</item>
<item>
  <title>The Brotherhood</title>
  <meta>
    <content>episode</content>
    <imdb>tt0374455</imdb>
    <tvshowtitle>  Stargate Atlantis</tvshowtitle>
    <year>  2004</year>
    <title>The Brotherhood</title>
    <premiered>2005-02-26</premiered>
    <season>1</season>
    <episode>16</episode>
  </meta>
  <link>
    <sublink>search</sublink>
    <sublink>searchsd</sublink>
  </link>
  <thumbnail>https://image.tmdb.org/t/p/w1280//rvPvLK5Oexnd9lRP2IliKGtJw2G.jpg</thumbnail>
  <fanart>
  </fanart>
</item>
<item>
  <title>Letters from Pegasus</title>
  <meta>
    <content>episode</content>
    <imdb>tt0374455</imdb>
    <tvshowtitle>  Stargate Atlantis</tvshowtitle>
    <year>  2004</year>
    <title>Letters from Pegasus</title>
    <premiered>2005-03-05</premiered>
    <season>1</season>
    <episode>17</episode>
  </meta>
  <link>
    <sublink>search</sublink>
    <sublink>searchsd</sublink>
  </link>
  <thumbnail>https://image.tmdb.org/t/p/w1280//hHV9pyR8kE7v1m4QenWXmO4GgPb.jpg</thumbnail>
  <fanart>
  </fanart>
</item>
<item>
  <title>The Gift</title>
  <meta>
    <content>episode</content>
    <imdb>tt0374455</imdb>
    <tvshowtitle>  Stargate Atlantis</tvshowtitle>
    <year>  2004</year>
    <title>The Gift</title>
    <premiered>2005-03-12</premiered>
    <season>1</season>
    <episode>18</episode>
  </meta>
  <link>
    <sublink>search</sublink>
    <sublink>searchsd</sublink>
  </link>
  <thumbnail>https://image.tmdb.org/t/p/w1280//uPTlbhBw0qLERB52szeIqFx3pZ.jpg</thumbnail>
  <fanart>
  </fanart>
</item>
<item>
  <title>The Siege (1)</title>
  <meta>
    <content>episode</content>
    <imdb>tt0374455</imdb>
    <tvshowtitle>  Stargate Atlantis</tvshowtitle>
    <year>  2004</year>
    <title>The Siege (1)</title>
    <premiered>2005-03-19</premiered>
    <season>1</season>
    <episode>19</episode>
  </meta>
  <link>
    <sublink>search</sublink>
    <sublink>searchsd</sublink>
  </link>
  <thumbnail>https://image.tmdb.org/t/p/w1280//hrMSVvLgNRXQpDnyjo78MluwDyk.jpg</thumbnail>
  <fanart>
  </fanart>
</item>
<item>
  <title>The Siege (2)</title>
  <meta>
    <content>episode</content>
    <imdb>tt0374455</imdb>
    <tvshowtitle>  Stargate Atlantis</tvshowtitle>
    <year>  2004</year>
    <title>The Siege (2)</title>
    <premiered>2005-03-26</premiered>
    <season>1</season>
    <episode>20</episode>
  </meta>
  <link>
    <sublink>search</sublink>
    <sublink>searchsd</sublink>
  </link>
  <thumbnail>https://image.tmdb.org/t/p/w1280//8TAKk6sr4TB9fslfnwnULwv1Syc.jpg</thumbnail>
  <fanart>
  </fanart>
</item>