
<item>
  <title>The Siege (3)</title>
  <meta>
    <content>episode</content>
    <imdb>tt0374455</imdb>
    <tvshowtitle>  Stargate Atlantis</tvshowtitle>
    <year>  2004</year>
    <title>The Siege (3)</title>
    <premiered>2005-07-16</premiered>
    <season>2</season>
    <episode>1</episode>
  </meta>
  <link>
    <sublink>search</sublink>
    <sublink>searchsd</sublink>
  </link>
  <thumbnail>https://image.tmdb.org/t/p/w1280//xtXwUHZrGfRuJ3pSPtfmnzizcrt.jpg</thumbnail>
  <fanart>
  </fanart>
</item>
<item>
  <title>The Intruder</title>
  <meta>
    <content>episode</content>
    <imdb>tt0374455</imdb>
    <tvshowtitle>  Stargate Atlantis</tvshowtitle>
    <year>  2004</year>
    <title>The Intruder</title>
    <premiered>2005-07-23</premiered>
    <season>2</season>
    <episode>2</episode>
  </meta>
  <link>
    <sublink>search</sublink>
    <sublink>searchsd</sublink>
  </link>
  <thumbnail>https://image.tmdb.org/t/p/w1280//wZhLlV3f28E0FDZBnqivA3Yb6hF.jpg</thumbnail>
  <fanart>
  </fanart>
</item>
<item>
  <title>Runner</title>
  <meta>
    <content>episode</content>
    <imdb>tt0374455</imdb>
    <tvshowtitle>  Stargate Atlantis</tvshowtitle>
    <year>  2004</year>
    <title>Runner</title>
    <premiered>2005-07-30</premiered>
    <season>2</season>
    <episode>3</episode>
  </meta>
  <link>
    <sublink>search</sublink>
    <sublink>searchsd</sublink>
  </link>
  <thumbnail>https://image.tmdb.org/t/p/w1280//fuGlO17NFVWPDrFhsiTyIcX1F8t.jpg</thumbnail>
  <fanart>
  </fanart>
</item>
<item>
  <title>Duet</title>
  <meta>
    <content>episode</content>
    <imdb>tt0374455</imdb>
    <tvshowtitle>  Stargate Atlantis</tvshowtitle>
    <year>  2004</year>
    <title>Duet</title>
    <premiered>2005-08-06</premiered>
    <season>2</season>
    <episode>4</episode>
  </meta>
  <link>
    <sublink>search</sublink>
    <sublink>searchsd</sublink>
  </link>
  <thumbnail>https://image.tmdb.org/t/p/w1280//aOf0YqgxuVmCYhzQQkbpNN7jYvo.jpg</thumbnail>
  <fanart>
  </fanart>
</item>
<item>
  <title>Condemned</title>
  <meta>
    <content>episode</content>
    <imdb>tt0374455</imdb>
    <tvshowtitle>  Stargate Atlantis</tvshowtitle>
    <year>  2004</year>
    <title>Condemned</title>
    <premiered>2005-08-13</premiered>
    <season>2</season>
    <episode>5</episode>
  </meta>
  <link>
    <sublink>search</sublink>
    <sublink>searchsd</sublink>
  </link>
  <thumbnail>https://image.tmdb.org/t/p/w1280//kDXnqfX12cF2RMe5vXn8G1bvSuv.jpg</thumbnail>
  <fanart>
  </fanart>
</item>
<item>
  <title>Trinity</title>
  <meta>
    <content>episode</content>
    <imdb>tt0374455</imdb>
    <tvshowtitle>  Stargate Atlantis</tvshowtitle>
    <year>  2004</year>
    <title>Trinity</title>
    <premiered>2005-08-20</premiered>
    <season>2</season>
    <episode>6</episode>
  </meta>
  <link>
    <sublink>search</sublink>
    <sublink>searchsd</sublink>
  </link>
  <thumbnail>https://image.tmdb.org/t/p/w1280//lYRmLCe479sSwXwwFr6MsrMpgNZ.jpg</thumbnail>
  <fanart>
  </fanart>
</item>
<item>
  <title>Instinct</title>
  <meta>
    <content>episode</content>
    <imdb>tt0374455</imdb>
    <tvshowtitle>  Stargate Atlantis</tvshowtitle>
    <year>  2004</year>
    <title>Instinct</title>
    <premiered>2005-08-27</premiered>
    <season>2</season>
    <episode>7</episode>
  </meta>
  <link>
    <sublink>search</sublink>
    <sublink>searchsd</sublink>
  </link>
  <thumbnail>https://image.tmdb.org/t/p/w1280//6DWLK3yY172ESRltFRqApnv6Uvl.jpg</thumbnail>
  <fanart>
  </fanart>
</item>
<item>
  <title>Conversion</title>
  <meta>
    <content>episode</content>
    <imdb>tt0374455</imdb>
    <tvshowtitle>  Stargate Atlantis</tvshowtitle>
    <year>  2004</year>
    <title>Conversion</title>
    <premiered>2005-09-10</premiered>
    <season>2</season>
    <episode>8</episode>
  </meta>
  <link>
    <sublink>search</sublink>
    <sublink>searchsd</sublink>
  </link>
  <thumbnail>https://image.tmdb.org/t/p/w1280//sgTdTvG5LTiIisnlpZRJStjvdqW.jpg</thumbnail>
  <fanart>
  </fanart>
</item>
<item>
  <title>Aurora</title>
  <meta>
    <content>episode</content>
    <imdb>tt0374455</imdb>
    <tvshowtitle>  Stargate Atlantis</tvshowtitle>
    <year>  2004</year>
    <title>Aurora</title>
    <premiered>2005-09-24</premiered>
    <season>2</season>
    <episode>9</episode>
  </meta>
  <link>
    <sublink>search</sublink>
    <sublink>searchsd</sublink>
  </link>
  <thumbnail>https://image.tmdb.org/t/p/w1280//5MvjXdkl6Kq1KhixyycKjHe3Spg.jpg</thumbnail>
  <fanart>
  </fanart>
</item>
<item>
  <title>The Lost Boys (1)</title>
  <meta>
    <content>episode</content>
    <imdb>tt0374455</imdb>
    <tvshowtitle>  Stargate Atlantis</tvshowtitle>
    <year>  2004</year>
    <title>The Lost Boys (1)</title>
    <premiered>2005-09-24</premiered>
    <season>2</season>
    <episode>10</episode>
  </meta>
  <link>
    <sublink>search</sublink>
    <sublink>searchsd</sublink>
  </link>
  <thumbnail>https://image.tmdb.org/t/p/w1280//nNB6zD6gHaehxtPvGrlFCovGdu9.jpg</thumbnail>
  <fanart>
  </fanart>
</item>
<item>
  <title>The Hive (2)</title>
  <meta>
    <content>episode</content>
    <imdb>tt0374455</imdb>
    <tvshowtitle>  Stargate Atlantis</tvshowtitle>
    <year>  2004</year>
    <title>The Hive (2)</title>
    <premiered>2005-11-22</premiered>
    <season>2</season>
    <episode>11</episode>
  </meta>
  <link>
    <sublink>search</sublink>
    <sublink>searchsd</sublink>
  </link>
  <thumbnail>https://image.tmdb.org/t/p/w1280//xgXH2bAqe4RGWeprunLeNmW9ABH.jpg</thumbnail>
  <fanart>
  </fanart>
</item>
<item>
  <title>Epiphany</title>
  <meta>
    <content>episode</content>
    <imdb>tt0374455</imdb>
    <tvshowtitle>  Stargate Atlantis</tvshowtitle>
    <year>  2004</year>
    <title>Epiphany</title>
    <premiered>2005-11-29</premiered>
    <season>2</season>
    <episode>12</episode>
  </meta>
  <link>
    <sublink>search</sublink>
    <sublink>searchsd</sublink>
  </link>
  <thumbnail>https://image.tmdb.org/t/p/w1280//u0Mlk6PHCylao1Heu18zGpc6gXe.jpg</thumbnail>
  <fanart>
  </fanart>
</item>
<item>
  <title>Critical Mass</title>
  <meta>
    <content>episode</content>
    <imdb>tt0374455</imdb>
    <tvshowtitle>  Stargate Atlantis</tvshowtitle>
    <year>  2004</year>
    <title>Critical Mass</title>
    <premiered>2005-12-06</premiered>
    <season>2</season>
    <episode>13</episode>
  </meta>
  <link>
    <sublink>search</sublink>
    <sublink>searchsd</sublink>
  </link>
  <thumbnail>https://image.tmdb.org/t/p/w1280//zxJ4MarCPdAheT7gbFz2Ww5q6LY.jpg</thumbnail>
  <fanart>
  </fanart>
</item>
<item>
  <title>Grace Under Pressure</title>
  <meta>
    <content>episode</content>
    <imdb>tt0374455</imdb>
    <tvshowtitle>  Stargate Atlantis</tvshowtitle>
    <year>  2004</year>
    <title>Grace Under Pressure</title>
    <premiered>2005-12-13</premiered>
    <season>2</season>
    <episode>14</episode>
  </meta>
  <link>
    <sublink>search</sublink>
    <sublink>searchsd</sublink>
  </link>
  <thumbnail>https://image.tmdb.org/t/p/w1280//gz3kTWlpkauQB3gNPm95Me986qY.jpg</thumbnail>
  <fanart>
  </fanart>
</item>
<item>
  <title>The Tower</title>
  <meta>
    <content>episode</content>
    <imdb>tt0374455</imdb>
    <tvshowtitle>  Stargate Atlantis</tvshowtitle>
    <year>  2004</year>
    <title>The Tower</title>
    <premiered>2005-12-20</premiered>
    <season>2</season>
    <episode>15</episode>
  </meta>
  <link>
    <sublink>search</sublink>
    <sublink>searchsd</sublink>
  </link>
  <thumbnail>https://image.tmdb.org/t/p/w1280//8vXRQ2toiUit0BvtkOX1wHlEOJz.jpg</thumbnail>
  <fanart>
  </fanart>
</item>
<item>
  <title>The Long Goodbye</title>
  <meta>
    <content>episode</content>
    <imdb>tt0374455</imdb>
    <tvshowtitle>  Stargate Atlantis</tvshowtitle>
    <year>  2004</year>
    <title>The Long Goodbye</title>
    <premiered>2006-01-03</premiered>
    <season>2</season>
    <episode>16</episode>
  </meta>
  <link>
    <sublink>search</sublink>
    <sublink>searchsd</sublink>
  </link>
  <thumbnail>https://image.tmdb.org/t/p/w1280//kH6A7txLXGpcliFdgR66x7iUEKu.jpg</thumbnail>
  <fanart>
  </fanart>
</item>
<item>
  <title>Coup D'Etat</title>
  <meta>
    <content>episode</content>
    <imdb>tt0374455</imdb>
    <tvshowtitle>  Stargate Atlantis</tvshowtitle>
    <year>  2004</year>
    <title>Coup D'Etat</title>
    <premiered>2006-01-10</premiered>
    <season>2</season>
    <episode>17</episode>
  </meta>
  <link>
    <sublink>search</sublink>
    <sublink>searchsd</sublink>
  </link>
  <thumbnail>https://image.tmdb.org/t/p/w1280//39YHHVzpTFZ30wZN0o8BvGNUarm.jpg</thumbnail>
  <fanart>
  </fanart>
</item>
<item>
  <title>Michael</title>
  <meta>
    <content>episode</content>
    <imdb>tt0374455</imdb>
    <tvshowtitle>  Stargate Atlantis</tvshowtitle>
    <year>  2004</year>
    <title>Michael</title>
    <premiered>2006-01-17</premiered>
    <season>2</season>
    <episode>18</episode>
  </meta>
  <link>
    <sublink>search</sublink>
    <sublink>searchsd</sublink>
  </link>
  <thumbnail>https://image.tmdb.org/t/p/w1280//sFLSe24CQ1nbvobaD0ukzxf0hGU.jpg</thumbnail>
  <fanart>
  </fanart>
</item>
<item>
  <title>Inferno</title>
  <meta>
    <content>episode</content>
    <imdb>tt0374455</imdb>
    <tvshowtitle>  Stargate Atlantis</tvshowtitle>
    <year>  2004</year>
    <title>Inferno</title>
    <premiered>2006-01-24</premiered>
    <season>2</season>
    <episode>19</episode>
  </meta>
  <link>
    <sublink>search</sublink>
    <sublink>searchsd</sublink>
  </link>
  <thumbnail>https://image.tmdb.org/t/p/w1280//3BbHOG3CGGxd3vHWdzQWnzyl34d.jpg</thumbnail>
  <fanart>
  </fanart>
</item>
<item>
  <title>Allies (1)</title>
  <meta>
    <content>episode</content>
    <imdb>tt0374455</imdb>
    <tvshowtitle>  Stargate Atlantis</tvshowtitle>
    <year>  2004</year>
    <title>Allies (1)</title>
    <premiered>2006-01-31</premiered>
    <season>2</season>
    <episode>20</episode>
  </meta>
  <link>
    <sublink>search</sublink>
    <sublink>searchsd</sublink>
  </link>
  <thumbnail>https://image.tmdb.org/t/p/w1280//fJIgYfzOC86EekoyuY4s9rLt1gS.jpg</thumbnail>
  <fanart>
  </fanart>
</item>