
<item>
  <title>Adrift (2)</title>
  <meta>
    <content>episode</content>
    <imdb>tt0374455</imdb>
    <tvshowtitle>  Stargate Atlantis</tvshowtitle>
    <year>  2004</year>
    <title>Adrift (2)</title>
    <premiered>2007-09-29</premiered>
    <season>4</season>
    <episode>1</episode>
  </meta>
  <link>
    <sublink>search</sublink>
    <sublink>searchsd</sublink>
  </link>
  <thumbnail>https://image.tmdb.org/t/p/w1280//5iPNm9H2Xay4SH7UdQRmn4eWn0m.jpg</thumbnail>
  <fanart>
  </fanart>
</item>
<item>
  <title>Lifeline (3)</title>
  <meta>
    <content>episode</content>
    <imdb>tt0374455</imdb>
    <tvshowtitle>  Stargate Atlantis</tvshowtitle>
    <year>  2004</year>
    <title>Lifeline (3)</title>
    <premiered>2007-10-06</premiered>
    <season>4</season>
    <episode>2</episode>
  </meta>
  <link>
    <sublink>search</sublink>
    <sublink>searchsd</sublink>
  </link>
  <thumbnail>https://image.tmdb.org/t/p/w1280//uyKulmXafgKjL51gDjndCH1jnMx.jpg</thumbnail>
  <fanart>
  </fanart>
</item>
<item>
  <title>Reunion</title>
  <meta>
    <content>episode</content>
    <imdb>tt0374455</imdb>
    <tvshowtitle>  Stargate Atlantis</tvshowtitle>
    <year>  2004</year>
    <title>Reunion</title>
    <premiered>2007-10-13</premiered>
    <season>4</season>
    <episode>3</episode>
  </meta>
  <link>
    <sublink>search</sublink>
    <sublink>searchsd</sublink>
  </link>
  <thumbnail>https://image.tmdb.org/t/p/w1280//81wgQBiWEfiSU8Zl34oHbg8mAyg.jpg</thumbnail>
  <fanart>
  </fanart>
</item>
<item>
  <title>Doppelganger</title>
  <meta>
    <content>episode</content>
    <imdb>tt0374455</imdb>
    <tvshowtitle>  Stargate Atlantis</tvshowtitle>
    <year>  2004</year>
    <title>Doppelganger</title>
    <premiered>2007-10-20</premiered>
    <season>4</season>
    <episode>4</episode>
  </meta>
  <link>
    <sublink>search</sublink>
    <sublink>searchsd</sublink>
  </link>
  <thumbnail>https://image.tmdb.org/t/p/w1280//71ZpdOGRxZiaUsT0ZLIy4QlA8Ro.jpg</thumbnail>
  <fanart>
  </fanart>
</item>
<item>
  <title>Travelers</title>
  <meta>
    <content>episode</content>
    <imdb>tt0374455</imdb>
    <tvshowtitle>  Stargate Atlantis</tvshowtitle>
    <year>  2004</year>
    <title>Travelers</title>
    <premiered>2007-10-27</premiered>
    <season>4</season>
    <episode>5</episode>
  </meta>
  <link>
    <sublink>search</sublink>
    <sublink>searchsd</sublink>
  </link>
  <thumbnail>https://image.tmdb.org/t/p/w1280//93V3KYwgVq7sCzN6LdJZplxzZZa.jpg</thumbnail>
  <fanart>
  </fanart>
</item>
<item>
  <title>Tabula Rasa</title>
  <meta>
    <content>episode</content>
    <imdb>tt0374455</imdb>
    <tvshowtitle>  Stargate Atlantis</tvshowtitle>
    <year>  2004</year>
    <title>Tabula Rasa</title>
    <premiered>2007-11-03</premiered>
    <season>4</season>
    <episode>6</episode>
  </meta>
  <link>
    <sublink>search</sublink>
    <sublink>searchsd</sublink>
  </link>
  <thumbnail>https://image.tmdb.org/t/p/w1280//zfyzlXhmM16WF5lJ878hTLz9TVP.jpg</thumbnail>
  <fanart>
  </fanart>
</item>
<item>
  <title>Missing</title>
  <meta>
    <content>episode</content>
    <imdb>tt0374455</imdb>
    <tvshowtitle>  Stargate Atlantis</tvshowtitle>
    <year>  2004</year>
    <title>Missing</title>
    <premiered>2007-11-10</premiered>
    <season>4</season>
    <episode>7</episode>
  </meta>
  <link>
    <sublink>search</sublink>
    <sublink>searchsd</sublink>
  </link>
  <thumbnail>https://image.tmdb.org/t/p/w1280//yp5pXN30F1s6p8Qx9macaeE64hp.jpg</thumbnail>
  <fanart>
  </fanart>
</item>
<item>
  <title>The Seer</title>
  <meta>
    <content>episode</content>
    <imdb>tt0374455</imdb>
    <tvshowtitle>  Stargate Atlantis</tvshowtitle>
    <year>  2004</year>
    <title>The Seer</title>
    <premiered>2007-11-17</premiered>
    <season>4</season>
    <episode>8</episode>
  </meta>
  <link>
    <sublink>search</sublink>
    <sublink>searchsd</sublink>
  </link>
  <thumbnail>https://image.tmdb.org/t/p/w1280//vz16iwFA6Nmn8KMKlgQ0IP5DR5T.jpg</thumbnail>
  <fanart>
  </fanart>
</item>
<item>
  <title>Miller's Crossing</title>
  <meta>
    <content>episode</content>
    <imdb>tt0374455</imdb>
    <tvshowtitle>  Stargate Atlantis</tvshowtitle>
    <year>  2004</year>
    <title>Miller's Crossing</title>
    <premiered>2007-12-01</premiered>
    <season>4</season>
    <episode>9</episode>
  </meta>
  <link>
    <sublink>search</sublink>
    <sublink>searchsd</sublink>
  </link>
  <thumbnail>https://image.tmdb.org/t/p/w1280//a89u1fOBporrHoLgbilaRlmrM9w.jpg</thumbnail>
  <fanart>
  </fanart>
</item>
<item>
  <title>This Mortal Coil (1)</title>
  <meta>
    <content>episode</content>
    <imdb>tt0374455</imdb>
    <tvshowtitle>  Stargate Atlantis</tvshowtitle>
    <year>  2004</year>
    <title>This Mortal Coil (1)</title>
    <premiered>2007-12-08</premiered>
    <season>4</season>
    <episode>10</episode>
  </meta>
  <link>
    <sublink>search</sublink>
    <sublink>searchsd</sublink>
  </link>
  <thumbnail>https://image.tmdb.org/t/p/w1280//oQFUMzNDvdyEoIh6Q4bcfxRocLT.jpg</thumbnail>
  <fanart>
  </fanart>
</item>
<item>
  <title>Be All My Sins Remember'd (2)</title>
  <meta>
    <content>episode</content>
    <imdb>tt0374455</imdb>
    <tvshowtitle>  Stargate Atlantis</tvshowtitle>
    <year>  2004</year>
    <title>Be All My Sins Remember'd (2)</title>
    <premiered>2008-01-05</premiered>
    <season>4</season>
    <episode>11</episode>
  </meta>
  <link>
    <sublink>search</sublink>
    <sublink>searchsd</sublink>
  </link>
  <thumbnail>https://image.tmdb.org/t/p/w1280//jLWPZcKtK6nXJ3ShhY9QKNblyCK.jpg</thumbnail>
  <fanart>
  </fanart>
</item>
<item>
  <title>Spoils of War</title>
  <meta>
    <content>episode</content>
    <imdb>tt0374455</imdb>
    <tvshowtitle>  Stargate Atlantis</tvshowtitle>
    <year>  2004</year>
    <title>Spoils of War</title>
    <premiered>2008-01-12</premiered>
    <season>4</season>
    <episode>12</episode>
  </meta>
  <link>
    <sublink>search</sublink>
    <sublink>searchsd</sublink>
  </link>
  <thumbnail>https://image.tmdb.org/t/p/w1280//ti4L7qo5za8goWEyYKSRKfAIalV.jpg</thumbnail>
  <fanart>
  </fanart>
</item>
<item>
  <title>Quarantine</title>
  <meta>
    <content>episode</content>
    <imdb>tt0374455</imdb>
    <tvshowtitle>  Stargate Atlantis</tvshowtitle>
    <year>  2004</year>
    <title>Quarantine</title>
    <premiered>2008-01-19</premiered>
    <season>4</season>
    <episode>13</episode>
  </meta>
  <link>
    <sublink>search</sublink>
    <sublink>searchsd</sublink>
  </link>
  <thumbnail>https://image.tmdb.org/t/p/w1280//7mMRxKX7JmcAnzThTiqL2e467zh.jpg</thumbnail>
  <fanart>
  </fanart>
</item>
<item>
  <title>Harmony</title>
  <meta>
    <content>episode</content>
    <imdb>tt0374455</imdb>
    <tvshowtitle>  Stargate Atlantis</tvshowtitle>
    <year>  2004</year>
    <title>Harmony</title>
    <premiered>2008-01-26</premiered>
    <season>4</season>
    <episode>14</episode>
  </meta>
  <link>
    <sublink>search</sublink>
    <sublink>searchsd</sublink>
  </link>
  <thumbnail>https://image.tmdb.org/t/p/w1280//8mqonWdl54IUhWwN6XaPnISsrf4.jpg</thumbnail>
  <fanart>
  </fanart>
</item>
<item>
  <title>Outcast</title>
  <meta>
    <content>episode</content>
    <imdb>tt0374455</imdb>
    <tvshowtitle>  Stargate Atlantis</tvshowtitle>
    <year>  2004</year>
    <title>Outcast</title>
    <premiered>2008-02-02</premiered>
    <season>4</season>
    <episode>15</episode>
  </meta>
  <link>
    <sublink>search</sublink>
    <sublink>searchsd</sublink>
  </link>
  <thumbnail>https://image.tmdb.org/t/p/w1280//oXQK1k2wjZLKpFbXCxdkkacqmwP.jpg</thumbnail>
  <fanart>
  </fanart>
</item>
<item>
  <title>Trio</title>
  <meta>
    <content>episode</content>
    <imdb>tt0374455</imdb>
    <tvshowtitle>  Stargate Atlantis</tvshowtitle>
    <year>  2004</year>
    <title>Trio</title>
    <premiered>2008-02-09</premiered>
    <season>4</season>
    <episode>16</episode>
  </meta>
  <link>
    <sublink>search</sublink>
    <sublink>searchsd</sublink>
  </link>
  <thumbnail>https://image.tmdb.org/t/p/w1280//bIgEiajAWLlFjGsihhBudMjfXoE.jpg</thumbnail>
  <fanart>
  </fanart>
</item>
<item>
  <title>Midway</title>
  <meta>
    <content>episode</content>
    <imdb>tt0374455</imdb>
    <tvshowtitle>  Stargate Atlantis</tvshowtitle>
    <year>  2004</year>
    <title>Midway</title>
    <premiered>2008-02-16</premiered>
    <season>4</season>
    <episode>17</episode>
  </meta>
  <link>
    <sublink>search</sublink>
    <sublink>searchsd</sublink>
  </link>
  <thumbnail>https://image.tmdb.org/t/p/w1280//28Znbgw9kayydHWcRmhGvJQ5jmO.jpg</thumbnail>
  <fanart>
  </fanart>
</item>
<item>
  <title>The Kindred (1)</title>
  <meta>
    <content>episode</content>
    <imdb>tt0374455</imdb>
    <tvshowtitle>  Stargate Atlantis</tvshowtitle>
    <year>  2004</year>
    <title>The Kindred (1)</title>
    <premiered>2008-02-23</premiered>
    <season>4</season>
    <episode>18</episode>
  </meta>
  <link>
    <sublink>search</sublink>
    <sublink>searchsd</sublink>
  </link>
  <thumbnail>https://image.tmdb.org/t/p/w1280//vlMWcUiwV3chrDnuwoWAN01OwwP.jpg</thumbnail>
  <fanart>
  </fanart>
</item>
<item>
  <title>The Kindred (2)</title>
  <meta>
    <content>episode</content>
    <imdb>tt0374455</imdb>
    <tvshowtitle>  Stargate Atlantis</tvshowtitle>
    <year>  2004</year>
    <title>The Kindred (2)</title>
    <premiered>2008-03-01</premiered>
    <season>4</season>
    <episode>19</episode>
  </meta>
  <link>
    <sublink>search</sublink>
    <sublink>searchsd</sublink>
  </link>
  <thumbnail>https://image.tmdb.org/t/p/w1280//sGYc8jAQSdxGrVM1CWlCs4QklLW.jpg</thumbnail>
  <fanart>
  </fanart>
</item>
<item>
  <title>The Last Man (1)</title>
  <meta>
    <content>episode</content>
    <imdb>tt0374455</imdb>
    <tvshowtitle>  Stargate Atlantis</tvshowtitle>
    <year>  2004</year>
    <title>The Last Man (1)</title>
    <premiered>2008-03-08</premiered>
    <season>4</season>
    <episode>20</episode>
  </meta>
  <link>
    <sublink>search</sublink>
    <sublink>searchsd</sublink>
  </link>
  <thumbnail>https://image.tmdb.org/t/p/w1280//g1ZYtax3hntLS6gAbeydB3eFO6m.jpg</thumbnail>
  <fanart>
  </fanart>
</item>