
<item>
  <title>Search and Rescue (2)</title>
  <meta>
    <content>episode</content>
    <imdb>tt0374455</imdb>
    <tvshowtitle>  Stargate Atlantis</tvshowtitle>
    <year>  2004</year>
    <title>Search and Rescue (2)</title>
    <premiered>2008-07-12</premiered>
    <season>5</season>
    <episode>1</episode>
  </meta>
  <link>
    <sublink>search</sublink>
    <sublink>searchsd</sublink>
  </link>
  <thumbnail>https://image.tmdb.org/t/p/w1280//kqUzqZ4VTmCUTwWC7Au4IHnTtiD.jpg</thumbnail>
  <fanart>
  </fanart>
</item>
<item>
  <title>The Seed</title>
  <meta>
    <content>episode</content>
    <imdb>tt0374455</imdb>
    <tvshowtitle>  Stargate Atlantis</tvshowtitle>
    <year>  2004</year>
    <title>The Seed</title>
    <premiered>2008-07-19</premiered>
    <season>5</season>
    <episode>2</episode>
  </meta>
  <link>
    <sublink>search</sublink>
    <sublink>searchsd</sublink>
  </link>
  <thumbnail>https://image.tmdb.org/t/p/w1280//gnDA0G9ZtErBDJIPcqmxrpZ3jKT.jpg</thumbnail>
  <fanart>
  </fanart>
</item>
<item>
  <title>Broken Ties</title>
  <meta>
    <content>episode</content>
    <imdb>tt0374455</imdb>
    <tvshowtitle>  Stargate Atlantis</tvshowtitle>
    <year>  2004</year>
    <title>Broken Ties</title>
    <premiered>2008-07-26</premiered>
    <season>5</season>
    <episode>3</episode>
  </meta>
  <link>
    <sublink>search</sublink>
    <sublink>searchsd</sublink>
  </link>
  <thumbnail>https://image.tmdb.org/t/p/w1280//oGWu7GoUCGFY6UKKOyLiP5F2P6f.jpg</thumbnail>
  <fanart>
  </fanart>
</item>
<item>
  <title>The Daedalus Variations</title>
  <meta>
    <content>episode</content>
    <imdb>tt0374455</imdb>
    <tvshowtitle>  Stargate Atlantis</tvshowtitle>
    <year>  2004</year>
    <title>The Daedalus Variations</title>
    <premiered>2008-08-02</premiered>
    <season>5</season>
    <episode>4</episode>
  </meta>
  <link>
    <sublink>search</sublink>
    <sublink>searchsd</sublink>
  </link>
  <thumbnail>https://image.tmdb.org/t/p/w1280//bQ9PvUuNO7PGNCmssxPSzXlnkj9.jpg</thumbnail>
  <fanart>
  </fanart>
</item>
<item>
  <title>Ghost in the Machine</title>
  <meta>
    <content>episode</content>
    <imdb>tt0374455</imdb>
    <tvshowtitle>  Stargate Atlantis</tvshowtitle>
    <year>  2004</year>
    <title>Ghost in the Machine</title>
    <premiered>2008-08-16</premiered>
    <season>5</season>
    <episode>5</episode>
  </meta>
  <link>
    <sublink>search</sublink>
    <sublink>searchsd</sublink>
  </link>
  <thumbnail>https://image.tmdb.org/t/p/w1280//uptKejXiiEBebFTqusUUWoBc1sa.jpg</thumbnail>
  <fanart>
  </fanart>
</item>
<item>
  <title>The Shrine</title>
  <meta>
    <content>episode</content>
    <imdb>tt0374455</imdb>
    <tvshowtitle>  Stargate Atlantis</tvshowtitle>
    <year>  2004</year>
    <title>The Shrine</title>
    <premiered>2008-08-23</premiered>
    <season>5</season>
    <episode>6</episode>
  </meta>
  <link>
    <sublink>search</sublink>
    <sublink>searchsd</sublink>
  </link>
  <thumbnail>https://image.tmdb.org/t/p/w1280//teC6sJGZPArRrUZWopTZHTTnYcU.jpg</thumbnail>
  <fanart>
  </fanart>
</item>
<item>
  <title>Whispers</title>
  <meta>
    <content>episode</content>
    <imdb>tt0374455</imdb>
    <tvshowtitle>  Stargate Atlantis</tvshowtitle>
    <year>  2004</year>
    <title>Whispers</title>
    <premiered>2008-09-06</premiered>
    <season>5</season>
    <episode>7</episode>
  </meta>
  <link>
    <sublink>search</sublink>
    <sublink>searchsd</sublink>
  </link>
  <thumbnail>https://image.tmdb.org/t/p/w1280//xtZYin9ixxxXVJiF4qBpsjNomdQ.jpg</thumbnail>
  <fanart>
  </fanart>
</item>
<item>
  <title>The Queen</title>
  <meta>
    <content>episode</content>
    <imdb>tt0374455</imdb>
    <tvshowtitle>  Stargate Atlantis</tvshowtitle>
    <year>  2004</year>
    <title>The Queen</title>
    <premiered>2008-09-13</premiered>
    <season>5</season>
    <episode>8</episode>
  </meta>
  <link>
    <sublink>search</sublink>
    <sublink>searchsd</sublink>
  </link>
  <thumbnail>https://image.tmdb.org/t/p/w1280//18UCTHfy2IYH643V9NvtxKUVCrb.jpg</thumbnail>
  <fanart>
  </fanart>
</item>
<item>
  <title>Tracker</title>
  <meta>
    <content>episode</content>
    <imdb>tt0374455</imdb>
    <tvshowtitle>  Stargate Atlantis</tvshowtitle>
    <year>  2004</year>
    <title>Tracker</title>
    <premiered>2008-09-20</premiered>
    <season>5</season>
    <episode>9</episode>
  </meta>
  <link>
    <sublink>search</sublink>
    <sublink>searchsd</sublink>
  </link>
  <thumbnail>https://image.tmdb.org/t/p/w1280//dr7ClvahYyGTqFcn4rMe7cnbArR.jpg</thumbnail>
  <fanart>
  </fanart>
</item>
<item>
  <title>First Contact (1)</title>
  <meta>
    <content>episode</content>
    <imdb>tt0374455</imdb>
    <tvshowtitle>  Stargate Atlantis</tvshowtitle>
    <year>  2004</year>
    <title>First Contact (1)</title>
    <premiered>2008-09-27</premiered>
    <season>5</season>
    <episode>10</episode>
  </meta>
  <link>
    <sublink>search</sublink>
    <sublink>searchsd</sublink>
  </link>
  <thumbnail>https://image.tmdb.org/t/p/w1280//bVEpdmsnJlGn8mLL4WgzeBQBNnl.jpg</thumbnail>
  <fanart>
  </fanart>
</item>
<item>
  <title>The Lost Tribe (2)</title>
  <meta>
    <content>episode</content>
    <imdb>tt0374455</imdb>
    <tvshowtitle>  Stargate Atlantis</tvshowtitle>
    <year>  2004</year>
    <title>The Lost Tribe (2)</title>
    <premiered>2008-10-11</premiered>
    <season>5</season>
    <episode>11</episode>
  </meta>
  <link>
    <sublink>search</sublink>
    <sublink>searchsd</sublink>
  </link>
  <thumbnail>https://image.tmdb.org/t/p/w1280//j04zBerAWYDMZkItrk2mHVXBwum.jpg</thumbnail>
  <fanart>
  </fanart>
</item>
<item>
  <title>Outsiders</title>
  <meta>
    <content>episode</content>
    <imdb>tt0374455</imdb>
    <tvshowtitle>  Stargate Atlantis</tvshowtitle>
    <year>  2004</year>
    <title>Outsiders</title>
    <premiered>2008-10-18</premiered>
    <season>5</season>
    <episode>12</episode>
  </meta>
  <link>
    <sublink>search</sublink>
    <sublink>searchsd</sublink>
  </link>
  <thumbnail>https://image.tmdb.org/t/p/w1280//kTL9G44Z4BunB3ruRFxPeftLLad.jpg</thumbnail>
  <fanart>
  </fanart>
</item>
<item>
  <title>Inquisition</title>
  <meta>
    <content>episode</content>
    <imdb>tt0374455</imdb>
    <tvshowtitle>  Stargate Atlantis</tvshowtitle>
    <year>  2004</year>
    <title>Inquisition</title>
    <premiered>2008-10-25</premiered>
    <season>5</season>
    <episode>13</episode>
  </meta>
  <link>
    <sublink>search</sublink>
    <sublink>searchsd</sublink>
  </link>
  <thumbnail>https://image.tmdb.org/t/p/w1280//pXtMpL87I2sD50whUVqWA59eQob.jpg</thumbnail>
  <fanart>
  </fanart>
</item>
<item>
  <title>The Prodigal</title>
  <meta>
    <content>episode</content>
    <imdb>tt0374455</imdb>
    <tvshowtitle>  Stargate Atlantis</tvshowtitle>
    <year>  2004</year>
    <title>The Prodigal</title>
    <premiered>2008-11-08</premiered>
    <season>5</season>
    <episode>14</episode>
  </meta>
  <link>
    <sublink>search</sublink>
    <sublink>searchsd</sublink>
  </link>
  <thumbnail>https://image.tmdb.org/t/p/w1280//eEBb9HjedgG8zMTKHC3zraVJK9M.jpg</thumbnail>
  <fanart>
  </fanart>
</item>
<item>
  <title>Remnants</title>
  <meta>
    <content>episode</content>
    <imdb>tt0374455</imdb>
    <tvshowtitle>  Stargate Atlantis</tvshowtitle>
    <year>  2004</year>
    <title>Remnants</title>
    <premiered>2008-11-15</premiered>
    <season>5</season>
    <episode>15</episode>
  </meta>
  <link>
    <sublink>search</sublink>
    <sublink>searchsd</sublink>
  </link>
  <thumbnail>https://image.tmdb.org/t/p/w1280//5vFSw2gpoUlEtF0ref4jUoebhWs.jpg</thumbnail>
  <fanart>
  </fanart>
</item>
<item>
  <title>Brain Storm</title>
  <meta>
    <content>episode</content>
    <imdb>tt0374455</imdb>
    <tvshowtitle>  Stargate Atlantis</tvshowtitle>
    <year>  2004</year>
    <title>Brain Storm</title>
    <premiered>2008-11-22</premiered>
    <season>5</season>
    <episode>16</episode>
  </meta>
  <link>
    <sublink>search</sublink>
    <sublink>searchsd</sublink>
  </link>
  <thumbnail>https://image.tmdb.org/t/p/w1280//gMsx3IH4bw4S1k2HjY78XmPm0qd.jpg</thumbnail>
  <fanart>
  </fanart>
</item>
<item>
  <title>Infection</title>
  <meta>
    <content>episode</content>
    <imdb>tt0374455</imdb>
    <tvshowtitle>  Stargate Atlantis</tvshowtitle>
    <year>  2004</year>
    <title>Infection</title>
    <premiered>2008-12-06</premiered>
    <season>5</season>
    <episode>17</episode>
  </meta>
  <link>
    <sublink>search</sublink>
    <sublink>searchsd</sublink>
  </link>
  <thumbnail>https://image.tmdb.org/t/p/w1280//tEEL8PkPxHV1cqvaE1ZGqpNNVWc.jpg</thumbnail>
  <fanart>
  </fanart>
</item>
<item>
  <title>Identity</title>
  <meta>
    <content>episode</content>
    <imdb>tt0374455</imdb>
    <tvshowtitle>  Stargate Atlantis</tvshowtitle>
    <year>  2004</year>
    <title>Identity</title>
    <premiered>2008-12-13</premiered>
    <season>5</season>
    <episode>18</episode>
  </meta>
  <link>
    <sublink>search</sublink>
    <sublink>searchsd</sublink>
  </link>
  <thumbnail>https://image.tmdb.org/t/p/w1280//mccV9rxTiqe0slMpqG7IroApeSo.jpg</thumbnail>
  <fanart>
  </fanart>
</item>
<item>
  <title>Vegas</title>
  <meta>
    <content>episode</content>
    <imdb>tt0374455</imdb>
    <tvshowtitle>  Stargate Atlantis</tvshowtitle>
    <year>  2004</year>
    <title>Vegas</title>
    <premiered>2009-01-03</premiered>
    <season>5</season>
    <episode>19</episode>
  </meta>
  <link>
    <sublink>search</sublink>
    <sublink>searchsd</sublink>
  </link>
  <thumbnail>https://image.tmdb.org/t/p/w1280//zF8U8a3uHnAuB3OxY4y5maGdbyj.jpg</thumbnail>
  <fanart>
  </fanart>
</item>
<item>
  <title>Enemy at the Gate</title>
  <meta>
    <content>episode</content>
    <imdb>tt0374455</imdb>
    <tvshowtitle>  Stargate Atlantis</tvshowtitle>
    <year>  2004</year>
    <title>Enemy at the Gate</title>
    <premiered>2009-01-10</premiered>
    <season>5</season>
    <episode>20</episode>
  </meta>
  <link>
    <sublink>search</sublink>
    <sublink>searchsd</sublink>
  </link>
  <thumbnail>https://image.tmdb.org/t/p/w1280//tAfBKzGz33CaPJsUCRABS9WHF4L.jpg</thumbnail>
  <fanart>
  </fanart>
</item>