
<item>
    <title>[B][COLOR black]==========[/COLOR][COLOR blue]ENJOY YOUR SHOW[/COLOR][COLOR black]==========[/COLOR][/B]</title>
    <thumbnail>http://entersandman.xyz/sanitypics/icon.png</thumbnail>
    <fanart>http://entersandman.xyz/sanityfanart/fanart.jpg</fanart>
  </item>

<dir>
  <title>Season 1</title>
  <meta>
    <imdb>tt0374455</imdb>
    <content>season</content>
    <season>1</season>
  </meta>
  <link>file://sanity/atlantis/atlantis season 1.xml</link>
  <thumbnail>https://image.tmdb.org/t/p/w1280//esy3x2DoWUKP6o1GQAE5UuWTZtz.jpg</thumbnail>
  <fanart>
  </fanart>
</dir>
<dir>
  <title>Season 2</title>
  <meta>
    <imdb>tt0374455</imdb>
    <content>season</content>
    <season>2</season>
  </meta>
  <link>file://sanity/atlantis/atlantis season 2.xml</link>
  <thumbnail>https://image.tmdb.org/t/p/w1280//tI5CfwO10MRiQPcHVmkVpLI6YQn.jpg</thumbnail>
  <fanart>
  </fanart>
</dir>
<dir>
  <title>Season 3</title>
  <meta>
    <imdb>tt0374455</imdb>
    <content>season</content>
    <season>3</season>
  </meta>
  <link>file://sanity/atlantis/atlantis season 3.xml</link>
  <thumbnail>https://image.tmdb.org/t/p/w1280//hRrePt2tgu6Lg5CL9iuPtJiRHvk.jpg</thumbnail>
  <fanart>
  </fanart>
</dir>
<dir>
  <title>Season 4</title>
  <meta>
    <imdb>tt0374455</imdb>
    <content>season</content>
    <season>4</season>
  </meta>
  <link>file://sanity/atlantis/atlantis season 4.xml</link>
  <thumbnail>https://image.tmdb.org/t/p/w1280//6YAykJHxa2OWf3eZxKq2uaz9wZe.jpg</thumbnail>
  <fanart>
  </fanart>
</dir>
<dir>
  <title>Season 5</title>
  <meta>
    <imdb>tt0374455</imdb>
    <content>season</content>
    <season>5</season>
  </meta>
  <link>file://sanity/atlantis/atlantis season 5.xml</link>
  <thumbnail>https://image.tmdb.org/t/p/w1280//1gGIi4wx0BZ76iFSn3eBll5HAcx.jpg</thumbnail>
  <fanart>
  </fanart>
</dir>