
<item>
    <title>[B][COLOR black]==========[/COLOR][COLOR blue]TOP HORROR STUDIOS[/COLOR][COLOR black]==========[/COLOR][/B]</title>
    <thumbnail>http://entersandman.xyz/sanitypics/icon.png</thumbnail>
    <fanart>http://entersandman.xyz/sanityfanart/fanart.jpg</fanart>
  </item>

<dir>
<title>[COLOR blue]Benderspink Productions[/COLOR]</title>
<trakt>http://api.trakt.tv/users/kayaaron13/lists/benderspink-production-company/items</trakt>
<thumbnail>http://entersandman.xyz/sanitypics/horror.png</thumbnail>
<fanart>http://entersandman.xyz/sanityfanart/productions.jpg</fanart>
</dir>

<dir>
<title>[COLOR blue]Blumhouse Productions[/COLOR]</title>
<trakt>http://api.trakt.tv/users/kayaaron13/lists/blumhouse-productions/items</trakt>
<thumbnail>http://entersandman.xyz/sanitypics/horror.png</thumbnail>
<fanart>http://entersandman.xyz/sanityfanart/productions.jpg</fanart>
</dir>

<dir>
<title>[COLOR blue]Circle of Confusion Productions[/COLOR]</title>
<trakt>http://api.trakt.tv/users/kayaaron13/lists/circle-of-confusion-productions/items</trakt>
<thumbnail>http://entersandman.xyz/sanitypics/horror.png</thumbnail>
<fanart>http://entersandman.xyz/sanityfanart/productions.jpg</fanart>
</dir>

<dir>
<title>[COLOR blue]Dark Castle Entertainment[/COLOR]</title>
<trakt>http://api.trakt.tv/users/kayaaron13/lists/dark-castle-entertainment/items</trakt>
<thumbnail>http://entersandman.xyz/sanitypics/horror.png</thumbnail>
<fanart>http://entersandman.xyz/sanityfanart/productions.jpg</fanart>
</dir>

<dir>
<title>[COLOR blue]Ghost House Pictures[/COLOR]</title>
<trakt>http://api.trakt.tv/users/kayaaron13/lists/ghost-house-pictures/items</trakt>
<thumbnail>http://entersandman.xyz/sanitypics/horror.png</thumbnail>
<fanart>http://entersandman.xyz/sanityfanart/productions.jpg</fanart>
</dir>

<dir>
<title>[COLOR blue]Platinum Dunes Productions[/COLOR]</title>
<trakt>http://api.trakt.tv/users/kayaaron13/lists/platinum-dunes-productions/items</trakt>
<thumbnail>http://entersandman.xyz/sanitypics/horror.png</thumbnail>
<fanart>http://entersandman.xyz/sanityfanart/productions.jpg</fanart>
</dir>

<dir>
<title>[COLOR blue]Rogue Pictures[/COLOR]</title>
<trakt>http://api.trakt.tv/users/kayaaron13/lists/rogue-pictures/items</trakt>
<thumbnail>http://entersandman.xyz/sanitypics/horror.png</thumbnail>
<fanart>http://entersandman.xyz/sanityfanart/productions.jpg</fanart>
</dir>

<dir>
<title>[COLOR blue]Vertigo Entertainment[/COLOR]</title>
<trakt>http://api.trakt.tv/users/kayaaron13/lists/vertigo-entertainment/items</trakt>
<thumbnail>http://entersandman.xyz/sanitypics/horror.png</thumbnail>
<fanart>http://entersandman.xyz/sanityfanart/productions.jpg</fanart>
</dir>

<dir>
<title>[COLOR blue]Twisted Pictures[/COLOR]</title>
<trakt>http://api.trakt.tv/users/kayaaron13/lists/twisted-pictures/items</trakt>
<thumbnail>http://entersandman.xyz/sanitypics/horror.png</thumbnail>
<fanart>http://entersandman.xyz/sanityfanart/productions.jpg</fanart>
</dir>