
<xml>
   <item>
    <title>[COLOR black]==========[/COLOR][COLOR blue]BEST OF JACKIE CHAN[/COLOR][COLOR black]==========[/COLOR]</title>
    <thumbnail>http://entersandman.xyz/sanitypics/icon.png</thumbnail>
    <fanart>http://entersandman.xyz/sanityfanart/fanart.jpg</fanart>
  </item>

<item>
	<title>[COLOR blue]The Legend of Drunken Master[/COLOR]</title>
	<meta>
	<imdb>tt0111512</imdb>
	<content>movie</content>
	<title>The Legend of Drunken Master</title>
	<year>1994</year>
	</meta>
	<link>
	<sublink>search</sublink>
	<sublink>searchsd</sublink>
	</link>
	<thumbnail>https://image.tmdb.org/t/p/w1280/gTUrOvD1j7g2T7OtRHG0fHE8kaB.jpg</thumbnail>
	<fanart>https://image.tmdb.org/t/p/w1280/9ajYP2DlI3loIT0vVJPWerLvNAt.jpg</fanart>
</item>
<item>
	<title>[COLOR blue]Project A[/COLOR]</title>
	<meta>
	<imdb>tt0085127</imdb>
	<content>movie</content>
	<title>Project A</title>
	<year>1983</year>
	</meta>
	<link>
	<sublink>search</sublink>
	<sublink>searchsd</sublink>
	</link>
	<thumbnail>https://image.tmdb.org/t/p/w1280/aiEtQitm0pbRC93ABsrHhw9HhMR.jpg</thumbnail>
	<fanart>https://image.tmdb.org/t/p/w1280/tuAMryZ4tZZ4LOMvXSANCcLEoWM.jpg</fanart>
</item>
<item>
	<title>[COLOR blue]Police Story[/COLOR]</title>
	<meta>
	<imdb>tt0089374</imdb>
	<content>movie</content>
	<title>Police Story</title>
	<year>1985</year>
	</meta>
	<link>
	<sublink>search</sublink>
	<sublink>searchsd</sublink>
	</link>
	<thumbnail>https://image.tmdb.org/t/p/w1280/vKQdEum0jMeCRK68eW8A1gtaQd7.jpg</thumbnail>
	<fanart>https://image.tmdb.org/t/p/w1280/s13r8sB2v0upTWZ9yeNtfPlfaPo.jpg</fanart>
</item>
<item>
	<title>[COLOR blue]Long de xin[/COLOR]</title>
	<meta>
	<imdb>tt0091427</imdb>
	<content>movie</content>
	<title>Long de xin</title>
	<year>1985</year>
	</meta>
	<link>
	<sublink>search</sublink>
	<sublink>searchsd</sublink>
	</link>
	<thumbnail>https://image.tmdb.org/t/p/w1280/2o2VizMKnnmdKuQp45uyir7uB8e.jpg</thumbnail>
	<fanart>https://image.tmdb.org/t/p/w1280/sGFoCqZi5Emgg0O4xqIAqrg1KFd.jpg</fanart>
</item>
<item>
	<title>[COLOR blue]Fei lung mang jeung[/COLOR]</title>
	<meta>
	<imdb>tt0093015</imdb>
	<content>movie</content>
	<title>Fei lung mang jeung</title>
	<year>1988</year>
	</meta>
	<link>
	<sublink>search</sublink>
	<sublink>searchsd</sublink>
	</link>
	<thumbnail>https://image.tmdb.org/t/p/w1280/osuGMsCGHytDgriDE80ZIy2luNN.jpg</thumbnail>
	<fanart>https://image.tmdb.org/t/p/w1280/cwVlVPtY49ZWkagLdbySaHVenWq.jpg</fanart>
</item>
<item>
	<title>[COLOR blue]Qi ji[/COLOR]</title>
	<meta>
	<imdb>tt0098019</imdb>
	<content>movie</content>
	<title>Qi ji</title>
	<year>1989</year>
	</meta>
	<link>
	<sublink>search</sublink>
	<sublink>searchsd</sublink>
	</link>
	<thumbnail>https://image.tmdb.org/t/p/w1280/f21MH2O9EK2NxrHSDo0vDwNFFP5.jpg</thumbnail>
	<fanart>https://image.tmdb.org/t/p/w1280/dBXAUuh4lJSsZTjOswIa5q3xFBi.jpg</fanart>
</item>
<item>
	<title>[COLOR blue]Police Story 2[/COLOR]</title>
	<meta>
	<imdb>tt0095403</imdb>
	<content>movie</content>
	<title>Police Story 2</title>
	<year>1988</year>
	</meta>
	<link>
	<sublink>search</sublink>
	<sublink>searchsd</sublink>
	</link>
	<thumbnail>https://image.tmdb.org/t/p/w1280/z8h6rg9phP8oPgm9m9Tw4eeRgpf.jpg</thumbnail>
	<fanart>https://image.tmdb.org/t/p/w1280/uTf1UAK1APW0ADrE1WP0ynYXEdb.jpg</fanart>
</item>
<item>
	<title>[COLOR blue]Qi mou miao ji Wu fu xing[/COLOR]</title>
	<meta>
	<imdb>tt0086605</imdb>
	<content>movie</content>
	<title>Qi mou miao ji Wu fu xing</title>
	<year>1983</year>
	</meta>
	<link>
	<sublink>search</sublink>
	<sublink>searchsd</sublink>
	</link>
	<thumbnail>https://image.tmdb.org/t/p/w1280/mZIF6SrqNv51tiXHFk14pMpvkf8.jpg</thumbnail>
	<fanart>https://image.tmdb.org/t/p/w1280/aUld5PMMhTGbqi6Xh6MdcpdYoVX.jpg</fanart>
</item>
<item>
	<title>[COLOR blue]San ging chaat goo si[/COLOR]</title>
	<meta>
	<imdb>tt0386005</imdb>
	<content>movie</content>
	<title>San ging chaat goo si</title>
	<year>2004</year>
	</meta>
	<link>
	<sublink>search</sublink>
	<sublink>searchsd</sublink>
	</link>
	<thumbnail>https://image.tmdb.org/t/p/w1280/jUt1kFdzwXa1gYYk9jpZ2bHU2Fz.jpg</thumbnail>
	<fanart>https://image.tmdb.org/t/p/w1280/llII7YgUqtBbIl8Rkoo8JC56bqs.jpg</fanart>
</item>
<item>
	<title>[COLOR blue]Kuai can che[/COLOR]</title>
	<meta>
	<imdb>tt0087578</imdb>
	<content>movie</content>
	<title>Kuai can che</title>
	<year>1984</year>
	</meta>
	<link>
	<sublink>search</sublink>
	<sublink>searchsd</sublink>
	</link>
	<thumbnail>https://image.tmdb.org/t/p/w1280/4MEjWGLJfL3woOBTNyahRtsP9Z4.jpg</thumbnail>
	<fanart>https://image.tmdb.org/t/p/w1280/hKMEAilhlDYShu8feXsHrluWfBR.jpg</fanart>
</item>
<item>
	<title>[COLOR blue]San suk si gin[/COLOR]</title>
	<meta>
	<imdb>tt1075419</imdb>
	<content>movie</content>
	<title>San suk si gin</title>
	<year>2009</year>
	</meta>
	<link>
	<sublink>search</sublink>
	<sublink>searchsd</sublink>
	</link>
	<thumbnail>https://image.tmdb.org/t/p/w1280/oMJLuwZTruYMDLH1YYhqHKbteoq.jpg</thumbnail>
	<fanart>https://image.tmdb.org/t/p/w1280/rUryHTjIJiSsWkd3dBfWjx1yWjj.jpg</fanart>
</item>
<item>
	<title>[COLOR blue]Shi di chu ma[/COLOR]</title>
	<meta>
	<imdb>tt0081499</imdb>
	<content>movie</content>
	<title>Shi di chu ma</title>
	<year>1980</year>
	</meta>
	<link>
	<sublink>search</sublink>
	<sublink>searchsd</sublink>
	</link>
	<thumbnail>https://image.tmdb.org/t/p/w1280/fE3qMzV5VJD47BjV3nFOKWYSiCc.jpg</thumbnail>
	<fanart>https://image.tmdb.org/t/p/w1280/28YB2SlgIkVqAqSCVtQwrsq9v67.jpg</fanart>
</item>
<item>
	<title>[COLOR blue]Rumble in the Bronx[/COLOR]</title>
	<meta>
	<imdb>tt0113326</imdb>
	<content>movie</content>
	<title>Rumble in the Bronx</title>
	<year>1995</year>
	</meta>
	<link>
	<sublink>search</sublink>
	<sublink>searchsd</sublink>
	</link>
	<thumbnail>https://image.tmdb.org/t/p/w1280/y7AxKPPCtZyrGQKvxzn5zTQ8wFm.jpg</thumbnail>
	<fanart>https://image.tmdb.org/t/p/w1280/rGeVEsRDVvlMBN7fmOKhNW2GtWy.jpg</fanart>
</item>
<item>
	<title>[COLOR blue]Lung hing foo dai[/COLOR]</title>
	<meta>
	<imdb>tt0091431</imdb>
	<content>movie</content>
	<title>Lung hing foo dai</title>
	<year>1986</year>
	</meta>
	<link>
	<sublink>search</sublink>
	<sublink>searchsd</sublink>
	</link>
	<thumbnail>https://image.tmdb.org/t/p/w1280/AjgHw0FH8DwjB3fL6EWAxl02wgG.jpg</thumbnail>
	<fanart>https://image.tmdb.org/t/p/w1280/9CYK4p29AlWMBcSSvQKIsjaXLKg.jpg</fanart>
</item>
<item>
	<title>[COLOR blue]Supercop[/COLOR]</title>
	<meta>
	<imdb>tt0104558</imdb>
	<content>movie</content>
	<title>Supercop</title>
	<year>1992</year>
	</meta>
	<link>
	<sublink>search</sublink>
	<sublink>searchsd</sublink>
	</link>
	<thumbnail>https://image.tmdb.org/t/p/w1280/entsYeDr0LVMqWnnmu7CDGZA1fx.jpg</thumbnail>
	<fanart>https://image.tmdb.org/t/p/w1280/ic450gLSYFUGb5Gxv39YXOqOGOP.jpg</fanart>
</item>
<item>
	<title>[COLOR blue]Twin Dragons[/COLOR]</title>
	<meta>
	<imdb>tt0105399</imdb>
	<content>movie</content>
	<title>Twin Dragons</title>
	<year>1992</year>
	</meta>
	<link>
	<sublink>search</sublink>
	<sublink>searchsd</sublink>
	</link>
	<thumbnail>https://image.tmdb.org/t/p/w1280/vl7aI8rWk9MoRp9j6VagrRZFxRM.jpg</thumbnail>
	<fanart>https://image.tmdb.org/t/p/w1280/5Ui4LUCk9Td1IYHlLbr3xdc2p5p.jpg</fanart>
</item>
<item>
	<title>[COLOR blue]Dragon Strike[/COLOR]</title>
	<meta>
	<imdb>tt0084266</imdb>
	<content>movie</content>
	<title>Dragon Strike</title>
	<year>1982</year>
	</meta>
	<link>
	<sublink>search</sublink>
	<sublink>searchsd</sublink>
	</link>
	<thumbnail>https://image.tmdb.org/t/p/w1280/xauBwF4uxry2v5WoLzmmAxclicX.jpg</thumbnail>
	<fanart>https://image.tmdb.org/t/p/w1280/4USfIrPgsZB06rTFDIcaMGrGvVl.jpg</fanart>
</item>
<item>
	<title>[COLOR blue]Jackie Chan s Who Am I[/COLOR]</title>
	<meta>
	<imdb>tt0127357</imdb>
	<content>movie</content>
	<title>Jackie Chan s Who Am I</title>
	<year>1998</year>
	</meta>
	<link>
	<sublink>search</sublink>
	<sublink>searchsd</sublink>
	</link>
	<thumbnail>https://image.tmdb.org/t/p/w1280/napuGVPKtyGlctXDJklrLgqiCTC.jpg</thumbnail>
	<fanart>https://image.tmdb.org/t/p/w1280/w0uFWvTzHDdfubKsI2KN4mPy1z8.jpg</fanart>
</item>
<item>
	<title>[COLOR blue]Snake in the Eagle s Shadow[/COLOR]</title>
	<meta>
	<imdb>tt0078252</imdb>
	<content>movie</content>
	<title>Snake in the Eagle s Shadow</title>
	<year>1978</year>
	</meta>
	<link>
	<sublink>search</sublink>
	<sublink>searchsd</sublink>
	</link>
	<thumbnail>https://image.tmdb.org/t/p/w1280/nYeCe3HhNGNVlB5u5h8OVDMnmRh.jpg</thumbnail>
	<fanart>https://image.tmdb.org/t/p/w1280/36c9AjGbfJ91P566ozFDBq2nfuZ.jpg</fanart>
</item>
<item>
	<title>[COLOR blue]Rush Hour[/COLOR]</title>
	<meta>
	<imdb>tt0120812</imdb>
	<content>movie</content>
	<title>Rush Hour</title>
	<year>1998</year>
	</meta>
	<link>
	<sublink>search</sublink>
	<sublink>searchsd</sublink>
	</link>
	<thumbnail>https://image.tmdb.org/t/p/w1280/jdfxpW5LF36sHsHjyH8CMBEG4TF.jpg</thumbnail>
	<fanart>https://image.tmdb.org/t/p/w1280/8GgXo5TQO3ccARNLn7rcWdbTTsx.jpg</fanart>
</item>
<item>
	<title>[COLOR blue]Boh lei chun[/COLOR]</title>
	<meta>
	<imdb>tt0184526</imdb>
	<content>movie</content>
	<title>Boh lei chun</title>
	<year>1999</year>
	</meta>
	<link>
	<sublink>search</sublink>
	<sublink>searchsd</sublink>
	</link>
	<thumbnail>https://image.tmdb.org/t/p/w1280/6mjpgh551XiXQf8Sgk4bD0PW4o9.jpg</thumbnail>
	<fanart>https://image.tmdb.org/t/p/w1280/qAXF1oIdycfhurxRTFzrfdOJv1E.jpg</fanart>
</item>
<item>
	<title>[COLOR blue]Cung on zo[/COLOR]</title>
	<meta>
	<imdb>tt0108656</imdb>
	<content>movie</content>
	<title>Cung on zo</title>
	<year>1993</year>
	</meta>
	<link>
	<sublink>search</sublink>
	<sublink>searchsd</sublink>
	</link>
	<thumbnail>https://image.tmdb.org/t/p/w1280/5qmlgzTu7LACLKoBqg0p2FzjfuY.jpg</thumbnail>
	<fanart>https://image.tmdb.org/t/p/w1280/493hhtYsGAWFdqRuyFSiytwHopu.jpg</fanart>
</item>
<item>
	<title>[COLOR blue]Tian jiang xiong shi[/COLOR]</title>
	<meta>
	<imdb>tt3672840</imdb>
	<content>movie</content>
	<title>Tian jiang xiong shi</title>
	<year>2015</year>
	</meta>
	<link>
	<sublink>search</sublink>
	<sublink>searchsd</sublink>
	</link>
	<thumbnail>https://image.tmdb.org/t/p/w1280/3gl11EsZS5vboQvvMYeCIzitaJz.jpg</thumbnail>
	<fanart>https://image.tmdb.org/t/p/w1280/vYCZUg7APqwyUxqOdCJwz9U0zou.jpg</fanart>
</item>
<item>
	<title>[COLOR blue]Fuk sing go jiu[/COLOR]</title>
	<meta>
	<imdb>tt0089177</imdb>
	<content>movie</content>
	<title>Fuk sing go jiu</title>
	<year>1985</year>
	</meta>
	<link>
	<sublink>search</sublink>
	<sublink>searchsd</sublink>
	</link>
	<thumbnail>https://image.tmdb.org/t/p/w1280/rQSUB2mPKv2AWcvV8AXEQ64IWtb.jpg</thumbnail>
	<fanart>https://image.tmdb.org/t/p/w1280/2ZDyNOmqDF2GqLgUUcYtDr6vlUT.jpg</fanart>
</item>
<item>
	<title>[COLOR blue]Drunken Master[/COLOR]</title>
	<meta>
	<imdb>tt0080179</imdb>
	<content>movie</content>
	<title>Drunken Master</title>
	<year>1978</year>
	</meta>
	<link>
	<sublink>search</sublink>
	<sublink>searchsd</sublink>
	</link>
	<thumbnail>https://image.tmdb.org/t/p/w1280/fWrUTM8jeiU6G6rA4NKwkeigxGa.jpg</thumbnail>
	<fanart>https://image.tmdb.org/t/p/w1280/quQt0DPCotCjTEhlFXpaM3sESQZ.jpg</fanart>
</item>
<item>
	<title>[COLOR blue]Sing si lip yan[/COLOR]</title>
	<meta>
	<imdb>tt0103950</imdb>
	<content>movie</content>
	<title>Sing si lip yan</title>
	<year>1993</year>
	</meta>
	<link>
	<sublink>search</sublink>
	<sublink>searchsd</sublink>
	</link>
	<thumbnail>https://image.tmdb.org/t/p/w1280/AbiY9CMZOPt4ulfSFUcdYdRR2xz.jpg</thumbnail>
	<fanart>https://image.tmdb.org/t/p/w1280/cN2p4bMQ1mM4oAm61GYuBGFHCR5.jpg</fanart>
</item>
<item>
	<title>[COLOR blue]San siu lam zi[/COLOR]</title>
	<meta>
	<imdb>tt1533749</imdb>
	<content>movie</content>
	<title>San siu lam zi</title>
	<year>2011</year>
	</meta>
	<link>
	<sublink>search</sublink>
	<sublink>searchsd</sublink>
	</link>
	<thumbnail>https://image.tmdb.org/t/p/w1280/oCO0r22p9tOwoHAIzM1gM3Pm36k.jpg</thumbnail>
	<fanart>https://image.tmdb.org/t/p/w1280/dmrIPxd5w69nJ5ZhHTQmH8QDGH2.jpg</fanart>
</item>
