<?xml version="1.0" encoding="UTF-8" standalone="yes"?>

<item>
    <title>[B][COLOR black]==========[/COLOR][COLOR blue]TIME TO GET YOUR JAM ON[/COLOR][COLOR black]==========[/COLOR][/B]</title>
    <thumbnail>http://entersandman.xyz/sanitypics/icon.png</thumbnail>
    <fanart>http://entersandman.xyz/sanityfanart/music.jpg</fanart>
  </item>

<dir>
  <title>[COLOR blue]Anthrax Albums[/COLOR]</title>
  <lastfm>artist/anthrax/albums</lastfm>
  <thumbnail>http://entersandman.xyz/sanitypics/music.png</thumbnail>
  <fanart>http://entersandman.xyz/sanityfanart/music.jpg</fanart>
</dir>

<dir>
  <title>[COLOR blue]Aerosmith Albums[/COLOR]</title>
  <lastfm>artist/aerosmith/albums</lastfm>
  <thumbnail>http://entersandman.xyz/sanitypics/music.png</thumbnail>
  <fanart>http://entersandman.xyz/sanityfanart/music.jpg</fanart>
</dir>

<dir>
  <title>[COLOR blue]Alice N Chains Albums[/COLOR]</title>
  <lastfm>artist/aliceinchains/albums</lastfm>
  <thumbnail>http://entersandman.xyz/sanitypics/music.png</thumbnail>
  <fanart>http://entersandman.xyz/sanityfanart/music.jpg</fanart>
</dir>

<dir>
  <title>[COLOR blue]Audio Slave Albums[/COLOR]</title>
  <lastfm>artist/audioslave/albums</lastfm>
  <thumbnail>http://entersandman.xyz/sanitypics/music.png</thumbnail>
  <fanart>http://entersandman.xyz/sanityfanart/music.jpg</fanart>
</dir>

<dir>
  <title>[COLOR blue]Bad Religion Albums[/COLOR]</title>
  <lastfm>artist/badreligion/albums</lastfm>
  <thumbnail>http://entersandman.xyz/sanitypics/music.png</thumbnail>
  <fanart>http://entersandman.xyz/sanityfanart/music.jpg</fanart>
</dir>

<dir>
  <title>[COLOR blue]Barenaked Ladies Albums[/COLOR]</title>
  <lastfm>artist/barenakedladies/albums</lastfm>
  <thumbnail>http://entersandman.xyz/sanitypics/music.png</thumbnail>
  <fanart>http://entersandman.xyz/sanityfanart/music.jpg</fanart>
</dir>

<dir>
  <title>[COLOR blue]Black Label Society Albums[/COLOR]</title>
  <lastfm>artist/blacklabelsociety/albums</lastfm>
  <thumbnail>http://entersandman.xyz/sanitypics/music.png</thumbnail>
  <fanart>http://entersandman.xyz/sanityfanart/music.jpg</fanart>
</dir>

<dir>
  <title>[COLOR blue]Black Sabbath Albums[/COLOR]</title>
  <lastfm>artist/blacksabbath/albums</lastfm>
  <thumbnail>http://entersandman.xyz/sanitypics/music.png</thumbnail>
  <fanart>http://entersandman.xyz/sanityfanart/music.jpg</fanart>
</dir>

<dir>
  <title>[COLOR blue]Boston Albums[/COLOR]</title>
  <lastfm>artist/boston/albums</lastfm>
  <thumbnail>http://entersandman.xyz/sanitypics/music.png</thumbnail>
  <fanart>http://entersandman.xyz/sanityfanart/music.jpg</fanart>
</dir>

<dir>
  <title>[COLOR blue]Breaking Benjamin Albums[/COLOR]</title>
  <lastfm>artist/breakingbenjamin/albums</lastfm>
  <thumbnail>http://entersandman.xyz/sanitypics/music.png</thumbnail>
  <fanart>http://entersandman.xyz/sanityfanart/music.jpg</fanart>
</dir>

<dir>
  <title>[COLOR blue]Beastie Boys Albums[/COLOR]</title>
  <lastfm>artist/beastieboys/albums</lastfm>
  <thumbnail>http://entersandman.xyz/sanitypics/music.png</thumbnail>
  <fanart>http://entersandman.xyz/sanityfanart/music.jpg</fanart>
</dir>

<dir>
  <title>[COLOR blue]Cranberries Albums[/COLOR]</title>
  <lastfm>artist/cranberries/albums</lastfm>
  <thumbnail>http://entersandman.xyz/sanitypics/music.png</thumbnail>
  <fanart>http://entersandman.xyz/sanityfanart/music.jpg</fanart>
</dir>

<dir>
  <title>[COLOR blue]Cypress Hill Albums[/COLOR]</title>
  <lastfm>artist/cypresshill/albums</lastfm>
  <thumbnail>http://entersandman.xyz/sanitypics/music.png</thumbnail>
  <fanart>http://entersandman.xyz/sanityfanart/music.jpg</fanart>
</dir>

<dir>
  <title>[COLOR blue]Charlatans Albums[/COLOR]</title>
  <lastfm>artist/charlatans/albumss</lastfm>
  <thumbnail>http://entersandman.xyz/sanitypics/music.png</thumbnail>
  <fanart>http://entersandman.xyz/sanityfanart/music.jpg</fanart>
</dir>

<dir>
  <title>[COLOR blue]CCR Albums[/COLOR]</title>
  <lastfm>artist/ccr/albums</lastfm>
  <thumbnail>http://entersandman.xyz/sanitypics/music.png</thumbnail>
  <fanart>http://entersandman.xyz/sanityfanart/music.jpg</fanart>
</dir>

<dir>
  <title>[COLOR blue]Deftones Albums[/COLOR]</title>
  <lastfm>artist/deftones/albums</lastfm>
  <thumbnail>http://entersandman.xyz/sanitypics/music.png</thumbnail>
  <fanart>http://entersandman.xyz/sanityfanart/music.jpg</fanart>
</dir>

<dir>
  <title>[COLOR blue]Def Leppard Albums[/COLOR]</title>
  <lastfm>artist/def+leppard/albums</lastfm>
  <thumbnail>http://entersandman.xyz/sanitypics/music.png</thumbnail>
  <fanart>http://entersandman.xyz/sanityfanart/music.jpg</fanart>
</dir>

<dir>
  <title>[COLOR blue]Disturbed Albums[/COLOR]</title>
  <lastfm>artist/disturbed/albums</lastfm>
  <thumbnail>http://entersandman.xyz/sanitypics/music.png</thumbnail>
  <fanart>http://entersandman.xyz/sanityfanart/music.jpg</fanart>
</dir>

<dir>
  <title>[COLOR blue]Eagles Albums[/COLOR]</title>
  <lastfm>artist/eagles/albums</lastfm>
  <thumbnail>http://entersandman.xyz/sanitypics/music.png</thumbnail>
  <fanart>http://entersandman.xyz/sanityfanart/music.jpg</fanart>
</dir>

<dir>
  <title>[COLOR blue]Faith No More Albums[/COLOR]</title>
  <lastfm>artist/FAITHNOMORE/albums</lastfm>
  <thumbnail>http://entersandman.xyz/sanitypics/music.png</thumbnail>
  <fanart>http://entersandman.xyz/sanityfanart/music.jpg</fanart>
</dir>

<dir>
  <title>[COLOR blue]Fleetwood Mac Albums[/COLOR]</title>
  <lastfm>artist/fleetwoodmac/albums</lastfm>
  <thumbnail>http://entersandman.xyz/sanitypics/music.png</thumbnail>
  <fanart>http://entersandman.xyz/sanityfanart/music.jpg</fanart>
</dir>

<dir>
  <title>[COLOR blue]Filter Albums[/COLOR]</title>
  <lastfm>artist/filter/albums</lastfm>
  <thumbnail>http://entersandman.xyz/sanitypics/music.png</thumbnail>
  <fanart>http://entersandman.xyz/sanityfanart/music.jpg</fanart>
</dir>

<dir>
  <title>[COLOR blue]Gin Blossoms Albums[/COLOR]</title>
  <lastfm>artist/ginblossoms/albums</lastfm>
  <thumbnail>http://entersandman.xyz/sanitypics/music.png</thumbnail>
  <fanart>http://entersandman.xyz/sanityfanart/music.jpg</fanart>
</dir>

<dir>
  <title>[COLOR blue]Green Day Albums[/COLOR]</title>
  <lastfm>artist/green+day/albums</lastfm>
  <thumbnail>http://entersandman.xyz/sanitypics/music.png</thumbnail>
  <fanart>http://entersandman.xyz/sanityfanart/music.jpg</fanart>
</dir>

<dir>
  <title>[COLOR blue]Guns & Roses Albums[/COLOR]</title>
  <lastfm>artist/guns+%26+roses/albums</lastfm>
  <thumbnail>http://entersandman.xyz/sanitypics/music.png</thumbnail>
  <fanart>http://entersandman.xyz/sanityfanart/music.jpg</fanart>
</dir>

<dir>
  <title>[COLOR blue]Highly Suspect Albums[/COLOR]</title>
  <lastfm>artist/highly+suspect/albums</lastfm>
  <thumbnail>http://entersandman.xyz/sanitypics/music.png</thumbnail>
  <fanart>http://entersandman.xyz/sanityfanart/music.jpg</fanart>
</dir>

<dir>
  <title>[COLOR blue]I.C.P Songs[/COLOR]</title>
  <lastfm>artist/Insane+Clown+Posse/tracks</lastfm>
  <thumbnail>http://entersandman.xyz/sanitypics/music.png</thumbnail>
  <fanart>http://entersandman.xyz/sanityfanart/music.jpg</fanart>
</dir>

<dir>
  <title>[COLOR blue]Iron Maiden Albums[/COLOR]</title>
  <lastfm>artist/ironmaiden/albums</lastfm>
  <thumbnail>http://entersandman.xyz/sanitypics/music.png</thumbnail>
  <fanart>http://entersandman.xyz/sanityfanart/music.jpg</fanart>
</dir>

<dir>
  <title>[COLOR blue]Judas Priest Albums[/COLOR]</title>
  <lastfm>artist/judaspriest/albums</lastfm>
  <thumbnail>http://entersandman.xyz/sanitypics/music.png</thumbnail>
  <fanart>http://entersandman.xyz/sanityfanart/music.jpg</fanart>
</dir>

<dir>
  <title>[COLOR blue]Joan Jett Albums[/COLOR]</title>
  <lastfm>artist/joanjett/albums</lastfm>
  <thumbnail>http://entersandman.xyz/sanitypics/music.png</thumbnail>
  <fanart>http://entersandman.xyz/sanityfanart/music.jpg</fanart>
</dir>

<dir>
  <title>[COLOR blue]Journey Albums[/COLOR]</title>
  <lastfm>artist/journey/albums</lastfm>
  <thumbnail>http://entersandman.xyz/sanitypics/music.png</thumbnail>
  <fanart>http://entersandman.xyz/sanityfanart/music.jpg</fanart>
</dir>

<dir>
  <title>[COLOR blue]Korn Albums[/COLOR]</title>
  <lastfm>artist/korn/albums</lastfm>
  <thumbnail>http://entersandman.xyz/sanitypics/music.png</thumbnail>
  <fanart>http://entersandman.xyz/sanityfanart/music.jpg</fanart>
</dir>

<dir>
  <title>[COLOR blue]Linkin Park Albums[/COLOR]</title>
  <lastfm>artist/linkinpark/albums</lastfm>
  <thumbnail>http://entersandman.xyz/sanitypics/music.png</thumbnail>
  <fanart>http://entersandman.xyz/sanityfanart/music.jpg</fanart>
</dir>

<dir>
  <title>[COLOR blue]Lynyrd Skynyrd Albums[/COLOR]</title>
  <lastfm>artist/lynyrdskynyrd/albums</lastfm>
  <thumbnail>http://entersandman.xyz/sanitypics/music.png</thumbnail>
  <fanart>http://entersandman.xyz/sanityfanart/music.jpg</fanart>
</dir>

<dir>
  <title>[COLOR blue]Metallica Albums[/COLOR]</title>
  <lastfm>artist/metallica/albums</lastfm>
  <thumbnail>http://entersandman.xyz/sanitypics/metallica.png</thumbnail>
  <fanart>http://entersandman.xyz/sanityfanart/metallica.jpg</fanart>
</dir>

<dir>
  <title>[COLOR blue]Metallica Songs[/COLOR]</title>
  <lastfm>artists/metallica/tracks</lastfm>
  <thumbnail>http://entersandman.xyz/sanitypics/metallica.png</thumbnail>
  <fanart>http://entersandman.xyz/sanityfanart/metallica.jpg</fanart>
</dir>

<dir>
  <title>[COLOR blue]Megadeth Albums[/COLOR]</title>
  <lastfm>artists/megadeth/albums</lastfm>
  <thumbnail>http://entersandman.xyz/sanitypics/music.png</thumbnail>
  <fanart>http://entersandman.xyz/sanityfanart/music.jpg</fanart>
</dir>

<dir>
  <title>[COLOR blue]Nickelback Albums[/COLOR]</title>
  <lastfm>artist/nickelback/albums</lastfm>
  <thumbnail>http://entersandman.xyz/sanitypics/music.png</thumbnail>
  <fanart>http://entersandman.xyz/sanityfanart/music.jpg</fanart>
</dir>

<dir>
  <title>[COLOR blue]NIN Albums[/COLOR]</title>
  <lastfm>artist/nineinchnails/albums</lastfm>
  <thumbnail>http://entersandman.xyz/sanitypics/music.png</thumbnail>
  <fanart>http://entersandman.xyz/sanityfanart/music.jpg</fanart>
</dir>

<dir>
  <title>[COLOR blue]Nirvana Albums[/COLOR]</title>
  <lastfm>artist/nirvana/albums</lastfm>
  <thumbnail>http://entersandman.xyz/sanitypics/music.png</thumbnail>
  <fanart>http://entersandman.xyz/sanityfanart/music.jpg</fanart>
</dir>

<dir>
  <title>[COLOR blue]OZZY Albums[/COLOR]</title>
  <lastfm>artist/ozzyosbourne/albums</lastfm>
  <thumbnail>http://entersandman.xyz/sanitypics/music.png</thumbnail>
  <fanart>http://entersandman.xyz/sanityfanart/music.jpg</fanart>
</dir>

<dir>
  <title>[COLOR blue]Pantera Albums[/COLOR]</title>
  <lastfm>artist/pantera/albums</lastfm>
  <thumbnail>http://entersandman.xyz/sanitypics/music.png</thumbnail>
  <fanart>http://entersandman.xyz/sanityfanart/music.jpg</fanart>
</dir>

<dir>
  <title>[COLOR blue]Paul Oakenfold Albums[/COLOR]</title>
  <lastfm>artist/paul+oakenfold/albums</lastfm>
  <thumbnail>http://entersandman.xyz/sanitypics/music.png</thumbnail>
  <fanart>http://entersandman.xyz/sanityfanart/music.jpg</fanart>
</dir>

<dir>
  <title>[COLOR blue]Queen Albums[/COLOR]</title>
  <lastfm>artist/queen/albums</lastfm>
  <thumbnail>http://entersandman.xyz/sanitypics/music.png</thumbnail>
  <fanart>http://entersandman.xyz/sanityfanart/music.jpg</fanart>
</dir>

<dir>
  <title>[COLOR blue]Quiet Riot Albums[/COLOR]</title>
  <lastfm>artist/quietriot/albums</lastfm>
  <thumbnail>http://entersandman.xyz/sanitypics/music.png</thumbnail>
  <fanart>http://entersandman.xyz/sanityfanart/music.jpg</fanart>
</dir>

<dir>
  <title>[COLOR blue]Ramones Albums[/COLOR]</title>
  <lastfm>artist/ramones/albums</lastfm>
  <thumbnail>http://entersandman.xyz/sanitypics/music.png</thumbnail>
  <fanart>http://entersandman.xyz/sanityfanart/music.jpg</fanart>
</dir>

<dir>
  <title>[COLOR blue]Rage Against The Machine Albums[/COLOR]</title>
  <lastfm>artist/rageagainstthemachine/albums</lastfm>
  <thumbnail>http://entersandman.xyz/sanitypics/music.png</thumbnail>
  <fanart>http://entersandman.xyz/sanityfanart/music.jpg</fanart>
</dir>

<dir>
  <title>[COLOR blue]SlipKnot Albums[/COLOR]</title>
  <lastfm>artist/slipknot/albums</lastfm>
  <thumbnail>http://entersandman.xyz/sanitypics/music.png</thumbnail>
  <fanart>http://entersandman.xyz/sanityfanart/music.jpg</fanart>
</dir>

<dir>
  <title>[COLOR blue]S.O.D[/COLOR]</title>
  <lastfm>artist/S.O.D./+albums</lastfm>
  <thumbnail>http://entersandman.xyz/sanitypics/music.png</thumbnail>
  <fanart>http://entersandman.xyz/sanityfanart/music.jpg</fanart>
</dir>

<dir>
  <title>[COLOR blue]Shinedown Albums[/COLOR]</title>
  <lastfm>artist/shinedown/albums</lastfm>
  <thumbnail>http://entersandman.xyz/sanitypics/music.png</thumbnail>
  <fanart>http://entersandman.xyz/sanityfanart/music.jpg</fanart>
</dir>

<dir>
  <title>[COLOR blue]Stained Albums[/COLOR]</title>
  <lastfm>artist/stained/albums</lastfm>
  <thumbnail>http://entersandman.xyz/sanitypics/music.png</thumbnail>
  <fanart>http://entersandman.xyz/sanityfanart/music.jpg</fanart>
</dir>

<dir>
  <title>[COLOR blue]Stone Roses Albums[/COLOR]</title>
  <lastfm>artist/stoneroses/albums</lastfm>
  <thumbnail>http://entersandman.xyz/sanitypics/music.png</thumbnail>
  <fanart>http://entersandman.xyz/sanityfanart/music.jpg</fanart>
</dir>

<dir>
  <title>[COLOR blue]SoundGargen Albums[/COLOR]</title>
  <lastfm>artist/soundgarden/albums</lastfm>
  <thumbnail>http://entersandman.xyz/sanitypics/music.png</thumbnail>
  <fanart>http://entersandman.xyz/sanityfanart/music.jpg</fanart>
</dir>

<dir>
  <title>[COLOR blue]Slayer Albums[/COLOR]</title>
  <lastfm>artist/slayer/albums</lastfm>
  <thumbnail>http://entersandman.xyz/sanitypics/music.png</thumbnail>
  <fanart>http://entersandman.xyz/sanityfanart/music.jpg</fanart>
</dir>

<dir>
  <title>[COLOR blue]Stone Sour Albums[/COLOR]</title>
  <lastfm>artist/stone+sour/albums</lastfm>
  <thumbnail>http://entersandman.xyz/sanitypics/music.png</thumbnail>
  <fanart>http://entersandman.xyz/sanityfanart/music.jpg</fanart>
</dir>

<dir>
  <title>[COLOR blue]Seether Albums[/COLOR]</title>
  <lastfm>artist/seether/albums</lastfm>
  <thumbnail>http://entersandman.xyz/sanitypics/music.png</thumbnail>
  <fanart>http://entersandman.xyz/sanityfanart/music.jpg</fanart>
</dir>

<dir>
  <title>[COLOR blue]System OF A Down Albums[/COLOR]</title>
  <lastfm>artist/systemofadown/albums</lastfm>
  <thumbnail>http://entersandman.xyz/sanitypics/music.png</thumbnail>
  <fanart>http://entersandman.xyz/sanityfanart/music.jpg</fanart>
</dir>

<dir>
  <title>[COLOR blue]30 Seconds To Mars Albums[/COLOR]</title>
  <lastfm>artist/30secondstomars/albums</lastfm>
  <thumbnail>http://entersandman.xyz/sanitypics/music.png</thumbnail>
  <fanart>http://entersandman.xyz/sanityfanart/music.jpg</fanart>
</dir>

<dir>
  <title>[COLOR blue]Tesla Albums[/COLOR]</title>
  <lastfm>artist/tesla/albums</lastfm>
  <thumbnail>http://entersandman.xyz/sanitypics/music.png</thumbnail>
  <fanart>http://entersandman.xyz/sanityfanart/music.jpg</fanart>
</dir>

<dir>
  <title>[COLOR blue]Tool Albums[/COLOR]</title>
  <lastfm>artist/tool/albums</lastfm>
  <thumbnail>http://entersandman.xyz/sanitypics/music.png</thumbnail>
  <fanart>http://entersandman.xyz/sanityfanart/music.jpg</fanart>
</dir>

<dir>
  <title>[COLOR blue]The Offspring Albums[/COLOR]</title>
  <lastfm>artist/the+offspring/albums</lastfm>
  <thumbnail>http://entersandman.xyz/sanitypics/music.png</thumbnail>
  <fanart>http://entersandman.xyz/sanityfanart/music.jpg</fanart>
</dir>

<dir>
  <title>[COLOR blue]The Vere Albums[/COLOR]</title>
  <lastfm>artist/theverve/albums</lastfm>
  <thumbnail>http://entersandman.xyz/sanitypics/music.png</thumbnail>
  <fanart>http://entersandman.xyz/sanityfanart/music.jpg</fanart>
</dir>

<dir>
  <title>[COLOR blue]Three Days Grace Albums[/COLOR]</title>
  <lastfm>artist/threedaysgrace/albums</lastfm>
  <thumbnail>http://entersandman.xyz/sanitypics/music.png</thumbnail>
  <fanart>http://entersandman.xyz/sanityfanart/music.jpg</fanart>
</dir>

<dir>
  <title>[COLOR blue]Thrice Albums[/COLOR]</title>
  <lastfm>artist/thrice/albums</lastfm>
  <thumbnail>http://entersandman.xyz/sanitypics/music.png</thumbnail>
  <fanart>http://entersandman.xyz/sanityfanart/music.jpg</fanart>
</dir>

<dir>
  <title>[COLOR blue]Witesnake Albums[/COLOR]</title>
  <lastfm>artist/whitesnake/albums</lastfm>
  <thumbnail>http://entersandman.xyz/sanitypics/music.png</thumbnail>
  <fanart>http://entersandman.xyz/sanityfanart/music.jpg</fanart>
</dir>

<dir>
  <title>[COLOR blue]UB-40[/COLOR]</title>
  <lastfm>artist/UB40/albums</lastfm>
  <thumbnail>http://entersandman.xyz/sanitypics/music.png</thumbnail>
  <fanart>http://entersandman.xyz/sanityfanart/music.jpg</fanart>
</dir>

<dir>
  <title>[COLOR blue]HB Faves Videos[/COLOR]</title>
  <trakt>https://api.trakt.tv/users/topdawg40/lists/hb-music/items/</trakt>
  <thumbnail>http://entersandman.xyz/sanitypics/hb.png</thumbnail>
  <fanart>http://entersandman.xyz/sanityfanart/music.jpg</fanart>
</dir>

<dir>
  <title>[COLOR blue]Punk Rock Videos[/COLOR]</title>
  <link>plugin://plugin.video.youtube/playlist/PL31566F92FE3DDE50/</link>
  <thumbnail>http://entersandman.xyz/sanitypics/music.png</thumbnail>
  <fanart>http://entersandman.xyz/sanityfanart/music.jpg</fanart>
</dir>

<dir>
  <title>[COLOR blue]D.R.I Top Videos[/COLOR]</title>
  <link>plugin://plugin.video.youtube/playlist/PL-9RueWbNWItblQnzCEhBs_QR_T-piwWv/</link>
  <thumbnail>http://entersandman.xyz/sanitypics/music.png</thumbnail>
  <fanart>http://entersandman.xyz/sanityfanart/music.jpg</fanart>
</dir>

<dir>
  <title>[COLOR blue]Artist Chart[/COLOR]</title>
  <lastfm>chart/artists</lastfm>
  <thumbnail>http://entersandman.xyz/sanitypics/music.png</thumbnail>
  <fanart>http://entersandman.xyz/sanityfanart/music.jpg</fanart>
</dir>

<dir>
  <title>[COLOR blue]Track Chart[/COLOR]</title>
  <lastfm>chart/tracks</lastfm>
  <thumbnail>http://entersandman.xyz/sanitypics/music.png</thumbnail>
  <fanart>http://entersandman.xyz/sanityfanart/music.jpg</fanart>
</dir>

<dir>
  <title>[COLOR blue]Tag Chart[/COLOR]</title>
  <lastfm>chart/tags</lastfm>
  <thumbnail>http://entersandman.xyz/sanitypics/music.png</thumbnail>
  <fanart>http://entersandman.xyz/sanityfanart/music.jpg</fanart>
</dir>

<dir>
  <title>[COLOR blue]Metal Tracks[/COLOR]</title>
  <lastfm>tag/metal/tracks</lastfm>
  <thumbnail>http://entersandman.xyz/sanitypics/music.png</thumbnail>
  <fanart>http://entersandman.xyz/sanityfanart/music.jpg</fanart>
</dir>

<dir>
  <title>[COLOR blue]Metal Artists[/COLOR]</title>
  <lastfm>tag/metal/artists</lastfm>
  <thumbnail>http://entersandman.xyz/sanitypics/music.png</thumbnail>
  <fanart>http://entersandman.xyz/sanityfanart/music.jpg</fanart>
</dir>

<dir>
  <title>[COLOR blue]Metal Albums[/COLOR]</title>
  <lastfm>tag/metal/albums</lastfm>
  <thumbnail>http://entersandman.xyz/sanitypics/music.png</thumbnail>
  <fanart>http://entersandman.xyz/sanityfanart/music.jpg</fanart>
</dir>
