<?xml version="1.0" encoding="UTF-8" standalone="yes"?>

<item>
    <title>[B][COLOR black]==========[/COLOR][COLOR blue]NETFLIX PRIME MOVIES[/COLOR][COLOR black]==========[/COLOR][/B]</title>
    <thumbnail>http://entersandman.xyz/sanitypics/icon.png</thumbnail>
    <fanart>http://entersandman.xyz/sanityfanart/fanart.jpg</fanart>
  </item>

<item>
	<title>[COLOR=blue]Dead Man[/COLOR]</title>
	<meta>
	<imdb>tt0112817</imdb>
	<content>movie</content>
	<title>Dead Man</title>
	<year>1995</year>
	</meta>
	<link>
	<sublink>search</sublink>
	<sublink>searchsd</sublink>
	</link>
	<thumbnail>https://image.tmdb.org/t/p/w1280/vGobIvxSiFvAmwqH8BlC3SpET0C.jpg</thumbnail>
	<fanart>https://image.tmdb.org/t/p/w1280/fpdZe3c07P1FM4TwjvSkGvWocPN.jpg</fanart>
</item>
<item>
	<title>[COLOR=blue]All Good Things[/COLOR]</title>
	<meta>
	<imdb>tt1175709</imdb>
	<content>movie</content>
	<title>All Good Things</title>
	<year>2010</year>
	</meta>
	<link>
	<sublink>search</sublink>
	<sublink>searchsd</sublink>
	</link>
	<thumbnail>https://image.tmdb.org/t/p/w1280/vhK2BESu5lBskZqWCmtGaH24vDS.jpg</thumbnail>
	<fanart>https://image.tmdb.org/t/p/w1280/gnYou2YNreivwarZoGqf4YDgd0c.jpg</fanart>
</item>
<item>
	<title>[COLOR=blue]Brick[/COLOR]</title>
	<meta>
	<imdb>tt0393109</imdb>
	<content>movie</content>
	<title>Brick</title>
	<year>2005</year>
	</meta>
	<link>
	<sublink>search</sublink>
	<sublink>searchsd</sublink>
	</link>
	<thumbnail>https://image.tmdb.org/t/p/w1280/hyALqQpaTv0GGV4axqePihEmCY8.jpg</thumbnail>
	<fanart>https://image.tmdb.org/t/p/w1280/paHvFDm2uLTzVXpb59fsuJCz89b.jpg</fanart>
</item>
<item>
	<title>[COLOR=blue]Breakfast at Tiffany s[/COLOR]</title>
	<meta>
	<imdb>tt0054698</imdb>
	<content>movie</content>
	<title>Breakfast at Tiffany s</title>
	<year>1961</year>
	</meta>
	<link>
	<sublink>search</sublink>
	<sublink>searchsd</sublink>
	</link>
	<thumbnail>https://image.tmdb.org/t/p/w1280/c95lbDwL5WT8PV9DZsdSvRtXKNA.jpg</thumbnail>
	<fanart>https://image.tmdb.org/t/p/w1280/jXZ2tyJl44yKvh22I6ooQwU5rFM.jpg</fanart>
</item>
<item>
	<title>[COLOR=blue]Billy Elliot[/COLOR]</title>
	<meta>
	<imdb>tt0249462</imdb>
	<content>movie</content>
	<title>Billy Elliot</title>
	<year>2000</year>
	</meta>
	<link>
	<sublink>search</sublink>
	<sublink>searchsd</sublink>
	</link>
	<thumbnail>https://image.tmdb.org/t/p/w1280/6VaP1H3MOW5jdkWqS5Q1NapCOS6.jpg</thumbnail>
	<fanart>https://image.tmdb.org/t/p/w1280/vlnhKUvu335ZM8wSD27MaFHpNu2.jpg</fanart>
</item>
<item>
	<title>[COLOR=blue]Buried[/COLOR]</title>
	<meta>
	<imdb>tt1462758</imdb>
	<content>movie</content>
	<title>Buried</title>
	<year>2010</year>
	</meta>
	<link>
	<sublink>search</sublink>
	<sublink>searchsd</sublink>
	</link>
	<thumbnail>https://image.tmdb.org/t/p/w1280/mvDfLRgsyFtonhKfOFIfl4c9Jwl.jpg</thumbnail>
	<fanart>https://image.tmdb.org/t/p/w1280/3X9t6TYXYtuMD04SZl2iLQAK8tk.jpg</fanart>
</item>
<item>
	<title>[COLOR=blue]The Crying Game[/COLOR]</title>
	<meta>
	<imdb>tt0104036</imdb>
	<content>movie</content>
	<title>The Crying Game</title>
	<year>1992</year>
	</meta>
	<link>
	<sublink>search</sublink>
	<sublink>searchsd</sublink>
	</link>
	<thumbnail>https://image.tmdb.org/t/p/w1280/9Qqk3svM0I9QuabOPDNrJZdv3XJ.jpg</thumbnail>
	<fanart>https://image.tmdb.org/t/p/w1280/s7pyePSPvAU3G1GjyGY3qsVmeOr.jpg</fanart>
</item>
<item>
	<title>[COLOR=blue]Case 39[/COLOR]</title>
	<meta>
	<imdb>tt0795351</imdb>
	<content>movie</content>
	<title>Case 39</title>
	<year>2009</year>
	</meta>
	<link>
	<sublink>search</sublink>
	<sublink>searchsd</sublink>
	</link>
	<thumbnail>https://image.tmdb.org/t/p/w1280/xSyj4F1UVtAXhqSGpNCZRaBsKAJ.jpg</thumbnail>
	<fanart>https://image.tmdb.org/t/p/w1280/luTLwjU4WpQR2zBxJAKdK1D7C8T.jpg</fanart>
</item>
<item>
	<title>[COLOR=blue]The Crow[/COLOR]</title>
	<meta>
	<imdb>tt0109506</imdb>
	<content>movie</content>
	<title>The Crow</title>
	<year>1994</year>
	</meta>
	<link>
	<sublink>search</sublink>
	<sublink>searchsd</sublink>
	</link>
	<thumbnail>https://image.tmdb.org/t/p/w1280/vrQZSCP3WeYXCTXdJQ6mXgxb9L4.jpg</thumbnail>
	<fanart>https://image.tmdb.org/t/p/w1280/9pZdI5OuKrEMutyUjrntGdoAXxv.jpg</fanart>
</item>
<item>
	<title>[COLOR=blue]Downfall[/COLOR]</title>
	<meta>
	<imdb>tt0363163</imdb>
	<content>movie</content>
	<title>Downfall</title>
	<year>2004</year>
	</meta>
	<link>
	<sublink>search</sublink>
	<sublink>searchsd</sublink>
	</link>
	<thumbnail>https://image.tmdb.org/t/p/w1280/2QmpblYvUThzBQ4ArdT1Kp43DZi.jpg</thumbnail>
	<fanart>https://image.tmdb.org/t/p/w1280/d3AmCJXvsP818di5KcCj4fNi36.jpg</fanart>
</item>
<item>
	<title>[COLOR=blue]Daddy Day Care[/COLOR]</title>
	<meta>
	<imdb>tt0317303</imdb>
	<content>movie</content>
	<title>Daddy Day Care</title>
	<year>2003</year>
	</meta>
	<link>
	<sublink>search</sublink>
	<sublink>searchsd</sublink>
	</link>
	<thumbnail>https://image.tmdb.org/t/p/w1280/jcDgz7v8tUMixVrJki8zOdQhaMn.jpg</thumbnail>
	<fanart>https://image.tmdb.org/t/p/w1280/ovAxqg6WTlfi6QbPAJOiyHwNABM.jpg</fanart>
</item>
<item>
	<title>[COLOR=blue]8MM[/COLOR]</title>
	<meta>
	<imdb>tt0134273</imdb>
	<content>movie</content>
	<title>8MM</title>
	<year>1999</year>
	</meta>
	<link>
	<sublink>search</sublink>
	<sublink>searchsd</sublink>
	</link>
	<thumbnail>https://image.tmdb.org/t/p/w1280/oEgBIcIJb1Z5sperKxE8Pb4tTr0.jpg</thumbnail>
	<fanart>https://image.tmdb.org/t/p/w1280/yDvFqvQCJ1gQSCvF4HZ1L7s6kNI.jpg</fanart>
</item>
<item>
	<title>[COLOR=blue]Following[/COLOR]</title>
	<meta>
	<imdb>tt0154506</imdb>
	<content>movie</content>
	<title>Following</title>
	<year>1999</year>
	</meta>
	<link>
	<sublink>search</sublink>
	<sublink>searchsd</sublink>
	</link>
	<thumbnail>https://image.tmdb.org/t/p/w1280/vsHVXt1RGO0nALJR5G9NTGlEFj3.jpg</thumbnail>
	<fanart>https://image.tmdb.org/t/p/w1280/tabZxRLlAxCzH4LUmgebZxam6VY.jpg</fanart>
</item>
<item>
	<title>[COLOR=blue]Good Will Hunting[/COLOR]</title>
	<meta>
	<imdb>tt0119217</imdb>
	<content>movie</content>
	<title>Good Will Hunting</title>
	<year>1997</year>
	</meta>
	<link>
	<sublink>search</sublink>
	<sublink>searchsd</sublink>
	</link>
	<thumbnail>https://image.tmdb.org/t/p/w1280/jq8LjngZ7XZEQge5JFTdOGMrHyZ.jpg</thumbnail>
	<fanart>https://image.tmdb.org/t/p/w1280/8vA6dxBzRqSajvqdmTLtoguAa3T.jpg</fanart>
</item>
<item>
	<title>[COLOR=blue]Gosford Park[/COLOR]</title>
	<meta>
	<imdb>tt0280707</imdb>
	<content>movie</content>
	<title>Gosford Park</title>
	<year>2001</year>
	</meta>
	<link>
	<sublink>search</sublink>
	<sublink>searchsd</sublink>
	</link>
	<thumbnail>https://image.tmdb.org/t/p/w1280/7wCUMn1Fj5MutTJHFopHba0Pto.jpg</thumbnail>
	<fanart>https://image.tmdb.org/t/p/w1280/l3y9dIRi5tCO2mpnBKCJeClOIu3.jpg</fanart>
</item>
<item>
	<title>[COLOR=blue]Heathers[/COLOR]</title>
	<meta>
	<imdb>tt0097493</imdb>
	<content>movie</content>
	<title>Heathers</title>
	<year>1989</year>
	</meta>
	<link>
	<sublink>search</sublink>
	<sublink>searchsd</sublink>
	</link>
	<thumbnail>https://image.tmdb.org/t/p/w1280/38DHopfWHrWqYjphcBeAxOomled.jpg</thumbnail>
	<fanart>https://image.tmdb.org/t/p/w1280/dw2v5NyQz8ehijKAA0Z1Mzj5CCh.jpg</fanart>
</item>
<item>
	<title>[COLOR=blue]Insidious[/COLOR]</title>
	<meta>
	<imdb>tt1591095</imdb>
	<content>movie</content>
	<title>Insidious</title>
	<year>2010</year>
	</meta>
	<link>
	<sublink>search</sublink>
	<sublink>searchsd</sublink>
	</link>
	<thumbnail>https://image.tmdb.org/t/p/w1280/6Tjg6DWVo2cpqDLxrOQNw1UvIMB.jpg</thumbnail>
	<fanart>https://image.tmdb.org/t/p/w1280/xVNR5eperbCm1DI1JfGhUXd4lqm.jpg</fanart>
</item>
<item>
	<title>[COLOR=blue]The Joneses[/COLOR]</title>
	<meta>
	<imdb>tt1285309</imdb>
	<content>movie</content>
	<title>The Joneses</title>
	<year>2009</year>
	</meta>
	<link>
	<sublink>search</sublink>
	<sublink>searchsd</sublink>
	</link>
	<thumbnail>https://image.tmdb.org/t/p/w1280/3jMKeU2TQM3wAUHEenKK3EPrzUP.jpg</thumbnail>
	<fanart>https://image.tmdb.org/t/p/w1280/wQe37Mg0VmlmUOowG5ZcfCJk0pe.jpg</fanart>
</item>
<item>
	<title>[COLOR=blue]The Kite Runner[/COLOR]</title>
	<meta>
	<imdb>tt0419887</imdb>
	<content>movie</content>
	<title>The Kite Runner</title>
	<year>2007</year>
	</meta>
	<link>
	<sublink>search</sublink>
	<sublink>searchsd</sublink>
	</link>
	<thumbnail>https://image.tmdb.org/t/p/w1280/dom2esWWW8C9jS2v7dOhW48LwHh.jpg</thumbnail>
	<fanart>https://image.tmdb.org/t/p/w1280/3H11X3yy1FJrW02tCjETkqfZvvx.jpg</fanart>
</item>
<item>
	<title>[COLOR=blue]Let the Right One In[/COLOR]</title>
	<meta>
	<imdb>tt1139797</imdb>
	<content>movie</content>
	<title>Let the Right One In</title>
	<year>2008</year>
	</meta>
	<link>
	<sublink>search</sublink>
	<sublink>searchsd</sublink>
	</link>
	<thumbnail>https://image.tmdb.org/t/p/w1280/9FGpMfbpKjN7i2jF2gQpvQvK9VB.jpg</thumbnail>
	<fanart>https://image.tmdb.org/t/p/w1280/wMRVKIIIn5035KIY0J793aHWVOj.jpg</fanart>
</item>
<item>
	<title>[COLOR=blue]The Last of the Mohicans[/COLOR]</title>
	<meta>
	<imdb>tt0104691</imdb>
	<content>movie</content>
	<title>The Last of the Mohicans</title>
	<year>1992</year>
	</meta>
	<link>
	<sublink>search</sublink>
	<sublink>searchsd</sublink>
	</link>
	<thumbnail>https://image.tmdb.org/t/p/w1280/6FHoUoYrfmwXJsDIR0s8YvV1Ctj.jpg</thumbnail>
	<fanart>https://image.tmdb.org/t/p/w1280/fRkIu9XNb4Xi9k5ikAxGTiDrj1G.jpg</fanart>
</item>
<item>
	<title>[COLOR=blue]The Last Emperor[/COLOR]</title>
	<meta>
	<imdb>tt0093389</imdb>
	<content>movie</content>
	<title>The Last Emperor</title>
	<year>1987</year>
	</meta>
	<link>
	<sublink>search</sublink>
	<sublink>searchsd</sublink>
	</link>
	<thumbnail>https://image.tmdb.org/t/p/w1280/gnKVWiegQ6IoaYA0miR0OdPyI5P.jpg</thumbnail>
	<fanart>https://image.tmdb.org/t/p/w1280/36bUqxQYAsPTYCfVjrcxecGqMZr.jpg</fanart>
</item>
<item>
	<title>[COLOR=blue]Limitless[/COLOR]</title>
	<meta>
	<imdb>tt1219289</imdb>
	<content>movie</content>
	<title>Limitless</title>
	<year>2011</year>
	</meta>
	<link>
	<sublink>search</sublink>
	<sublink>searchsd</sublink>
	</link>
	<thumbnail>https://image.tmdb.org/t/p/w1280/bQfOFEeXxi51ijQrbQY9qvMtYhZ.jpg</thumbnail>
	<fanart>https://image.tmdb.org/t/p/w1280/9ISArgiVBdNLASKmvflRDMOYYMj.jpg</fanart>
</item>
<item>
	<title>[COLOR=blue]Morning Glory[/COLOR]</title>
	<meta>
	<imdb>tt1126618</imdb>
	<content>movie</content>
	<title>Morning Glory</title>
	<year>2010</year>
	</meta>
	<link>
	<sublink>search</sublink>
	<sublink>searchsd</sublink>
	</link>
	<thumbnail>https://image.tmdb.org/t/p/w1280/bGBS0EUj2BMGcpoxdx190hUj4PY.jpg</thumbnail>
	<fanart>https://image.tmdb.org/t/p/w1280/iG9m93hbjXyv2DtJx7e0KzH4SMW.jpg</fanart>
</item>
<item>
	<title>[COLOR=blue]Meet the Parents[/COLOR]</title>
	<meta>
	<imdb>tt0212338</imdb>
	<content>movie</content>
	<title>Meet the Parents</title>
	<year>2000</year>
	</meta>
	<link>
	<sublink>search</sublink>
	<sublink>searchsd</sublink>
	</link>
	<thumbnail>https://image.tmdb.org/t/p/w1280/wVjtQtzv9IcNRGnOOdcK797Sdxx.jpg</thumbnail>
	<fanart>https://image.tmdb.org/t/p/w1280/iMBlLEjC74OQbQ60bubdF27P35K.jpg</fanart>
</item>
<item>
	<title>[COLOR=blue]The Man Who Wasn t There[/COLOR]</title>
	<meta>
	<imdb>tt0243133</imdb>
	<content>movie</content>
	<title>The Man Who Wasn t There</title>
	<year>2001</year>
	</meta>
	<link>
	<sublink>search</sublink>
	<sublink>searchsd</sublink>
	</link>
	<thumbnail>https://image.tmdb.org/t/p/w1280/x1K4OPGNNB9Ye9Ob2OcdBUIXUno.jpg</thumbnail>
	<fanart>https://image.tmdb.org/t/p/w1280/lDhsA4edjDf5ZZHQFTrn5pgOpEN.jpg</fanart>
</item>
<item>
	<title>[COLOR=blue]Memento[/COLOR]</title>
	<meta>
	<imdb>tt0209144</imdb>
	<content>movie</content>
	<title>Memento</title>
	<year>2000</year>
	</meta>
	<link>
	<sublink>search</sublink>
	<sublink>searchsd</sublink>
	</link>
	<thumbnail>https://image.tmdb.org/t/p/w1280/fQMSaP88cf1nz4qwuNEEFtazuDM.jpg</thumbnail>
	<fanart>https://image.tmdb.org/t/p/w1280/puuwLLytKjZuv73SFqBihd6X5ES.jpg</fanart>
</item>
<item>
	<title>[COLOR=blue]The Motorcycle Diaries[/COLOR]</title>
	<meta>
	<imdb>tt0318462</imdb>
	<content>movie</content>
	<title>The Motorcycle Diaries</title>
	<year>2004</year>
	</meta>
	<link>
	<sublink>search</sublink>
	<sublink>searchsd</sublink>
	</link>
	<thumbnail>https://image.tmdb.org/t/p/w1280/uNMLsBv48WwIohS7n5DVe1fsFcb.jpg</thumbnail>
	<fanart>https://image.tmdb.org/t/p/w1280/mjjUvCXlAwWtDWlCMbzijwBdd7R.jpg</fanart>
</item>
<item>
	<title>[COLOR=blue]Mary and Max[/COLOR]</title>
	<meta>
	<imdb>tt0978762</imdb>
	<content>movie</content>
	<title>Mary and Max</title>
	<year>2009</year>
	</meta>
	<link>
	<sublink>search</sublink>
	<sublink>searchsd</sublink>
	</link>
	<thumbnail>https://image.tmdb.org/t/p/w1280/k0lQISUC4NuvKYasJn59JHc2rla.jpg</thumbnail>
	<fanart>https://image.tmdb.org/t/p/w1280/8UxYHvKBNFnoyfHjgjMwzj4zOuy.jpg</fanart>
</item>
<item>
	<title>[COLOR=blue]Paper Man[/COLOR]</title>
	<meta>
	<imdb>tt0437405</imdb>
	<content>movie</content>
	<title>Paper Man</title>
	<year>2009</year>
	</meta>
	<link>
	<sublink>search</sublink>
	<sublink>searchsd</sublink>
	</link>
	<thumbnail>https://image.tmdb.org/t/p/w1280/9hxX18PbOZGjcnLeTBjhqKq1YLY.jpg</thumbnail>
	<fanart>https://image.tmdb.org/t/p/w1280/q2LMq6zuUxygwWaBCYkdiBjEikF.jpg</fanart>
</item>
<item>
	<title>[COLOR=blue]The Secret of NIMH[/COLOR]</title>
	<meta>
	<imdb>tt0084649</imdb>
	<content>movie</content>
	<title>The Secret of NIMH</title>
	<year>1982</year>
	</meta>
	<link>
	<sublink>search</sublink>
	<sublink>searchsd</sublink>
	</link>
	<thumbnail>https://image.tmdb.org/t/p/w1280/qXvgbM2cIjkoOPgzxn0hwiSUqk6.jpg</thumbnail>
	<fanart>https://image.tmdb.org/t/p/w1280/eKpqOVmANBixi8y2hHMGa5OWGU8.jpg</fanart>
</item>
<item>
	<title>[COLOR=blue]Time Bandits[/COLOR]</title>
	<meta>
	<imdb>tt0081633</imdb>
	<content>movie</content>
	<title>Time Bandits</title>
	<year>1981</year>
	</meta>
	<link>
	<sublink>search</sublink>
	<sublink>searchsd</sublink>
	</link>
	<thumbnail>https://image.tmdb.org/t/p/w1280/4VZtpwdhHQSa4LUkvujyGAHb1hG.jpg</thumbnail>
	<fanart>https://image.tmdb.org/t/p/w1280/zTB8FzT5llI39Tvo0wEk2XWbCLY.jpg</fanart>
</item>
<item>
	<title>[COLOR=blue]True Grit[/COLOR]</title>
	<meta>
	<imdb>tt1403865</imdb>
	<content>movie</content>
	<title>True Grit</title>
	<year>2010</year>
	</meta>
	<link>
	<sublink>search</sublink>
	<sublink>searchsd</sublink>
	</link>
	<thumbnail>https://image.tmdb.org/t/p/w1280/qc7vaF5fIeTllAykdP3wldlMyRh.jpg</thumbnail>
	<fanart>https://image.tmdb.org/t/p/w1280/wDPmggrApz7nxy4BAQk3rCLi3R6.jpg</fanart>
</item>
<item>
	<title>[COLOR=blue]Tell No One[/COLOR]</title>
	<meta>
	<imdb>tt0362225</imdb>
	<content>movie</content>
	<title>Tell No One</title>
	<year>2006</year>
	</meta>
	<link>
	<sublink>search</sublink>
	<sublink>searchsd</sublink>
	</link>
	<thumbnail>https://image.tmdb.org/t/p/w1280/9caHoo7Acpc4GMfgBdNZIC6kVCb.jpg</thumbnail>
	<fanart>https://image.tmdb.org/t/p/w1280/6wCnSjmGU2pNKnTo0rZvYQfqXkH.jpg</fanart>
</item>
<item>
	<title>[COLOR=blue]What Dreams May Come[/COLOR]</title>
	<meta>
	<imdb>tt0120889</imdb>
	<content>movie</content>
	<title>What Dreams May Come</title>
	<year>1998</year>
	</meta>
	<link>
	<sublink>search</sublink>
	<sublink>searchsd</sublink>
	</link>
	<thumbnail>https://image.tmdb.org/t/p/w1280/rNQH6Q8RPXD59aqGckST3CKQbCf.jpg</thumbnail>
	<fanart>https://image.tmdb.org/t/p/w1280/nzeEb4z9shqdFZbTuchQw2nXiWY.jpg</fanart>
</item>
<item>
	<title>[COLOR=blue]Wild Target[/COLOR]</title>
	<meta>
	<imdb>tt1235189</imdb>
	<content>movie</content>
	<title>Wild Target</title>
	<year>2010</year>
	</meta>
	<link>
	<sublink>search</sublink>
	<sublink>searchsd</sublink>
	</link>
	<thumbnail>https://image.tmdb.org/t/p/w1280/x1O8MOIY41fpKbCUt1I4sKeLwwr.jpg</thumbnail>
	<fanart>https://image.tmdb.org/t/p/w1280/aZBIoiZyqzohhGeYkroi08fBOMw.jpg</fanart>
</item>
<item>
	<title>[COLOR=blue]This Is England[/COLOR]</title>
	<meta>
	<imdb>tt0480025</imdb>
	<content>movie</content>
	<title>This Is England</title>
	<year>2006</year>
	</meta>
	<link>
	<sublink>search</sublink>
	<sublink>searchsd</sublink>
	</link>
	<thumbnail>https://image.tmdb.org/t/p/w1280/wVc7lwmTgDN7QY4G9V8dfYynDec.jpg</thumbnail>
	<fanart>https://image.tmdb.org/t/p/w1280/2sUnp8H8vSG0BY2WXdZz0qhqWXV.jpg</fanart>
</item>
<item>
	<title>[COLOR=blue]Dorian Gray[/COLOR]</title>
	<meta>
	<imdb>tt1235124</imdb>
	<content>movie</content>
	<title>Dorian Gray</title>
	<year>2009</year>
	</meta>
	<link>
	<sublink>search</sublink>
	<sublink>searchsd</sublink>
	</link>
	<thumbnail>https://image.tmdb.org/t/p/w1280/tL0JgGir10RFXZ1M0H3TgyrGdtp.jpg</thumbnail>
	<fanart>https://image.tmdb.org/t/p/w1280/qG8MPYWkBQs0htKnsH6yBq0iCPJ.jpg</fanart>
</item>
<item>
	<title>[COLOR=blue]Rabbit Hole[/COLOR]</title>
	<meta>
	<imdb>tt0935075</imdb>
	<content>movie</content>
	<title>Rabbit Hole</title>
	<year>2010</year>
	</meta>
	<link>
	<sublink>search</sublink>
	<sublink>searchsd</sublink>
	</link>
	<thumbnail>https://image.tmdb.org/t/p/w1280/qBhDlqdLZzxqKIXO53vMjpqLgZu.jpg</thumbnail>
	<fanart>https://image.tmdb.org/t/p/w1280/mXKwU2ucrjMzKP2tC7ITrPp4WPz.jpg</fanart>
</item>
<item>
	<title>[COLOR=blue]The Thirteenth Floor[/COLOR]</title>
	<meta>
	<imdb>tt0139809</imdb>
	<content>movie</content>
	<title>The Thirteenth Floor</title>
	<year>1999</year>
	</meta>
	<link>
	<sublink>search</sublink>
	<sublink>searchsd</sublink>
	</link>
	<thumbnail>https://image.tmdb.org/t/p/w1280/7cm1xHOkzcqo2ienFgTl17qa35U.jpg</thumbnail>
	<fanart>https://image.tmdb.org/t/p/w1280/yT0FxS7LogdVEJz3FcdzPetzDTK.jpg</fanart>
</item>
<item>
	<title>[COLOR=blue]Punch Drunk Love[/COLOR]</title>
	<meta>
	<imdb>tt0272338</imdb>
	<content>movie</content>
	<title>Punch Drunk Love</title>
	<year>2002</year>
	</meta>
	<link>
	<sublink>search</sublink>
	<sublink>searchsd</sublink>
	</link>
	<thumbnail>https://image.tmdb.org/t/p/w1280/k4pekJKEdaV2fv4S89A8GCV7u7Y.jpg</thumbnail>
	<fanart>https://image.tmdb.org/t/p/w1280/gxoO809imgs2hxDwFUmKamfxSHa.jpg</fanart>
</item>
<item>
	<title>[COLOR=blue]The Lincoln Lawyer[/COLOR]</title>
	<meta>
	<imdb>tt1189340</imdb>
	<content>movie</content>
	<title>The Lincoln Lawyer</title>
	<year>2011</year>
	</meta>
	<link>
	<sublink>search</sublink>
	<sublink>searchsd</sublink>
	</link>
	<thumbnail>https://image.tmdb.org/t/p/w1280/bTXtxFUyqQ6T9FRa3ajSdMtwnAj.jpg</thumbnail>
	<fanart>https://image.tmdb.org/t/p/w1280/zxN5XhQKDT5GwlpZo7yKxDAJMyQ.jpg</fanart>
</item>
<item>
	<title>[COLOR=blue]Finding Forrester[/COLOR]</title>
	<meta>
	<imdb>tt0181536</imdb>
	<content>movie</content>
	<title>Finding Forrester</title>
	<year>2000</year>
	</meta>
	<link>
	<sublink>search</sublink>
	<sublink>searchsd</sublink>
	</link>
	<thumbnail>https://image.tmdb.org/t/p/w1280/heHi6n68fDiQoUc7SMletM9Adjz.jpg</thumbnail>
	<fanart>https://image.tmdb.org/t/p/w1280/ihEhIKWqVUCWvtvGf7u7IKUMdfm.jpg</fanart>
</item>
<item>
	<title>[COLOR=blue]Waiting for Forever[/COLOR]</title>
	<meta>
	<imdb>tt1296898</imdb>
	<content>movie</content>
	<title>Waiting for Forever</title>
	<year>2010</year>
	</meta>
	<link>
	<sublink>search</sublink>
	<sublink>searchsd</sublink>
	</link>
	<thumbnail>https://image.tmdb.org/t/p/w1280/isUdDxhU0MRlfpbz73mM5RgLqV2.jpg</thumbnail>
	<fanart>https://image.tmdb.org/t/p/w1280/41EouSyqhf8C6FcLpsdM7JO38AZ.jpg</fanart>
</item>
<item>
	<title>[COLOR=blue]Adventureland[/COLOR]</title>
	<meta>
	<imdb>tt1091722</imdb>
	<content>movie</content>
	<title>Adventureland</title>
	<year>2009</year>
	</meta>
	<link>
	<sublink>search</sublink>
	<sublink>searchsd</sublink>
	</link>
	<thumbnail>https://image.tmdb.org/t/p/w1280/3ovx1gcQeDIW22IF1TqiugKQv3W.jpg</thumbnail>
	<fanart>https://image.tmdb.org/t/p/w1280/q98RIq2DdJragrWAM5wWOxd5Qni.jpg</fanart>
</item>
<item>
	<title>[COLOR=blue]The Borrowers[/COLOR]</title>
	<meta>
	<imdb>tt0118755</imdb>
	<content>movie</content>
	<title>The Borrowers</title>
	<year>1997</year>
	</meta>
	<link>
	<sublink>search</sublink>
	<sublink>searchsd</sublink>
	</link>
	<thumbnail>https://image.tmdb.org/t/p/w1280/wJIabF2Y4tzFtMslS1NtKB1dflt.jpg</thumbnail>
	<fanart>https://image.tmdb.org/t/p/w1280/yhFkVr9NIrCMUNBgGh74Vh4KOD9.jpg</fanart>
</item>
<item>
	<title>[COLOR=blue]Broken Flowers[/COLOR]</title>
	<meta>
	<imdb>tt0412019</imdb>
	<content>movie</content>
	<title>Broken Flowers</title>
	<year>2005</year>
	</meta>
	<link>
	<sublink>search</sublink>
	<sublink>searchsd</sublink>
	</link>
	<thumbnail>https://image.tmdb.org/t/p/w1280/pvtdRUpJE6YjIi8BLEZ7jhEdeN1.jpg</thumbnail>
	<fanart>https://image.tmdb.org/t/p/w1280/mQGEByVNnKiOVoAMDJ9KhvlCtgz.jpg</fanart>
</item>
<item>
	<title>[COLOR=blue]Big Daddy[/COLOR]</title>
	<meta>
	<imdb>tt0142342</imdb>
	<content>movie</content>
	<title>Big Daddy</title>
	<year>1999</year>
	</meta>
	<link>
	<sublink>search</sublink>
	<sublink>searchsd</sublink>
	</link>
	<thumbnail>https://image.tmdb.org/t/p/w1280/zDJ4GVch7Iw2i0j84ceoElRUZUR.jpg</thumbnail>
	<fanart>https://image.tmdb.org/t/p/w1280/eBitKu7ePeIOWz5BJ9SIS8QqI6M.jpg</fanart>
</item>
<item>
	<title>[COLOR=blue]Capote[/COLOR]</title>
	<meta>
	<imdb>tt0379725</imdb>
	<content>movie</content>
	<title>Capote</title>
	<year>2005</year>
	</meta>
	<link>
	<sublink>search</sublink>
	<sublink>searchsd</sublink>
	</link>
	<thumbnail>https://image.tmdb.org/t/p/w1280/k7z0tDxzbDNev7F8l3Y56Pk5seR.jpg</thumbnail>
	<fanart>https://image.tmdb.org/t/p/w1280/o5h1Mnuxzg7jYK4WBGsdZJB5VSO.jpg</fanart>
</item>
<item>
	<title>[COLOR=blue]The Conspirator[/COLOR]</title>
	<meta>
	<imdb>tt0968264</imdb>
	<content>movie</content>
	<title>The Conspirator</title>
	<year>2010</year>
	</meta>
	<link>
	<sublink>search</sublink>
	<sublink>searchsd</sublink>
	</link>
	<thumbnail>https://image.tmdb.org/t/p/w1280/pWLyclt4Ejl3elm2MtVG3jx4a0X.jpg</thumbnail>
	<fanart>https://image.tmdb.org/t/p/w1280/9RyMAuWODfrpWXPUkL32vBx7rjc.jpg</fanart>
</item>
<item>
	<title>[COLOR=blue]Captain America The First Avenger[/COLOR]</title>
	<meta>
	<imdb>tt0458339</imdb>
	<content>movie</content>
	<title>Captain America The First Avenger</title>
	<year>2011</year>
	</meta>
	<link>
	<sublink>search</sublink>
	<sublink>searchsd</sublink>
	</link>
	<thumbnail>https://image.tmdb.org/t/p/w1280/vSNxAJTlD0r02V9sPYpOjqDZXUK.jpg</thumbnail>
	<fanart>https://image.tmdb.org/t/p/w1280/pmZtj1FKvQqISS6iQbkiLg5TAsr.jpg</fanart>
</item>
<item>
	<title>[COLOR=blue]Death at a Funeral[/COLOR]</title>
	<meta>
	<imdb>tt0795368</imdb>
	<content>movie</content>
	<title>Death at a Funeral</title>
	<year>2007</year>
	</meta>
	<link>
	<sublink>search</sublink>
	<sublink>searchsd</sublink>
	</link>
	<thumbnail>https://image.tmdb.org/t/p/w1280/zV4kwbDckeTMoIsbSt1lsTIZ2in.jpg</thumbnail>
	<fanart>https://image.tmdb.org/t/p/w1280/ffXvlcmRhl0F9gyNdvTpFFa4ybt.jpg</fanart>
</item>
<item>
	<title>[COLOR=blue]Don t Be Afraid of the Dark[/COLOR]</title>
	<meta>
	<imdb>tt1270761</imdb>
	<content>movie</content>
	<title>Don t Be Afraid of the Dark</title>
	<year>2010</year>
	</meta>
	<link>
	<sublink>search</sublink>
	<sublink>searchsd</sublink>
	</link>
	<thumbnail>https://image.tmdb.org/t/p/w1280/5RGZI8ZjV5u1KUlNEejvG43At4c.jpg</thumbnail>
	<fanart>https://image.tmdb.org/t/p/w1280/ppYTBjTXYuWFY2BOu8Jlk5muhRL.jpg</fanart>
</item>
<item>
	<title>[COLOR=blue]Donnie Darko[/COLOR]</title>
	<meta>
	<imdb>tt0246578</imdb>
	<content>movie</content>
	<title>Donnie Darko</title>
	<year>2001</year>
	</meta>
	<link>
	<sublink>search</sublink>
	<sublink>searchsd</sublink>
	</link>
	<thumbnail>https://image.tmdb.org/t/p/w1280/nmb4QhCRmdfNP6rgb81yUFgI83l.jpg</thumbnail>
	<fanart>https://image.tmdb.org/t/p/w1280/lh79qx9sEkRZvtTHHmHSUUwYZLN.jpg</fanart>
</item>
<item>
	<title>[COLOR=blue]Emma[/COLOR]</title>
	<meta>
	<imdb>tt0116191</imdb>
	<content>movie</content>
	<title>Emma</title>
	<year>1996</year>
	</meta>
	<link>
	<sublink>search</sublink>
	<sublink>searchsd</sublink>
	</link>
	<thumbnail>https://image.tmdb.org/t/p/w1280/rZhCekNwWmkiLVpsYhSWfl9TkME.jpg</thumbnail>
	<fanart>https://image.tmdb.org/t/p/w1280/rVUpOct7aeY7ctaHjNWP2iCzj5Q.jpg</fanart>
</item>
<item>
	<title>[COLOR=blue]Everybody s Fine[/COLOR]</title>
	<meta>
	<imdb>tt0780511</imdb>
	<content>movie</content>
	<title>Everybody s Fine</title>
	<year>2009</year>
	</meta>
	<link>
	<sublink>search</sublink>
	<sublink>searchsd</sublink>
	</link>
	<thumbnail>https://image.tmdb.org/t/p/w1280/twn8J0uDkZXmSx702nkGJNVX23n.jpg</thumbnail>
	<fanart>https://image.tmdb.org/t/p/w1280/95hS2UOxAMpLUhC5SuImXXsgmZl.jpg</fanart>
</item>
<item>
	<title>[COLOR=blue]Exit Through the Gift Shop[/COLOR]</title>
	<meta>
	<imdb>tt1587707</imdb>
	<content>movie</content>
	<title>Exit Through the Gift Shop</title>
	<year>2010</year>
	</meta>
	<link>
	<sublink>search</sublink>
	<sublink>searchsd</sublink>
	</link>
	<thumbnail>https://image.tmdb.org/t/p/w1280/fT6dysu7vxVGEZInDQzZ209RdSI.jpg</thumbnail>
	<fanart>https://image.tmdb.org/t/p/w1280/phL15yfKUCWqxVlbpJDeDkbTxyK.jpg</fanart>
</item>
<item>
	<title>[COLOR=blue]Eternal Sunshine of the Spotless Mind[/COLOR]</title>
	<meta>
	<imdb>tt0338013</imdb>
	<content>movie</content>
	<title>Eternal Sunshine of the Spotless Mind</title>
	<year>2004</year>
	</meta>
	<link>
	<sublink>search</sublink>
	<sublink>searchsd</sublink>
	</link>
	<thumbnail>https://image.tmdb.org/t/p/w1280/7y3eYvTsGjxPYDtSnumCLIMDkrV.jpg</thumbnail>
	<fanart>https://image.tmdb.org/t/p/w1280/kxRyIObPlSVIdpC5ZOa9aPhwDDh.jpg</fanart>
</item>
<item>
	<title>[COLOR=blue]Everything Must Go[/COLOR]</title>
	<meta>
	<imdb>tt1531663</imdb>
	<content>movie</content>
	<title>Everything Must Go</title>
	<year>2010</year>
	</meta>
	<link>
	<sublink>search</sublink>
	<sublink>searchsd</sublink>
	</link>
	<thumbnail>https://image.tmdb.org/t/p/w1280/8gUWukFYhc8mYtLB1uiXpUjUxBD.jpg</thumbnail>
	<fanart>https://image.tmdb.org/t/p/w1280/azqdlJvqTk0z1SiWNVsFsNZX7ma.jpg</fanart>
</item>
<item>
	<title>[COLOR=blue]The Faculty[/COLOR]</title>
	<meta>
	<imdb>tt0133751</imdb>
	<content>movie</content>
	<title>The Faculty</title>
	<year>1998</year>
	</meta>
	<link>
	<sublink>search</sublink>
	<sublink>searchsd</sublink>
	</link>
	<thumbnail>https://image.tmdb.org/t/p/w1280/5Yk0Dh3OWYQOgjUObRgsfJ7U95.jpg</thumbnail>
	<fanart>https://image.tmdb.org/t/p/w1280/xuHuW4XhghQpVJSIna7JBb60bva.jpg</fanart>
</item>
<item>
	<title>[COLOR=blue]A Fish Called Wanda[/COLOR]</title>
	<meta>
	<imdb>tt0095159</imdb>
	<content>movie</content>
	<title>A Fish Called Wanda</title>
	<year>1988</year>
	</meta>
	<link>
	<sublink>search</sublink>
	<sublink>searchsd</sublink>
	</link>
	<thumbnail>https://image.tmdb.org/t/p/w1280/hkSGFNVfEEUXFCxRZDITFHVhUlu.jpg</thumbnail>
	<fanart>https://image.tmdb.org/t/p/w1280/r4izn85FflyHpqItrTbBZThuXm1.jpg</fanart>
</item>
<item>
	<title>[COLOR=blue]FernGully The Last Rainforest[/COLOR]</title>
	<meta>
	<imdb>tt0104254</imdb>
	<content>movie</content>
	<title>FernGully The Last Rainforest</title>
	<year>1992</year>
	</meta>
	<link>
	<sublink>search</sublink>
	<sublink>searchsd</sublink>
	</link>
	<thumbnail>https://image.tmdb.org/t/p/w1280/gU2TbLTJ2s0aL5OsPuYQgZR8y3A.jpg</thumbnail>
	<fanart>https://image.tmdb.org/t/p/w1280/aZxUgA9WV4pdjwtY9TtukD6EsoG.jpg</fanart>
</item>
<item>
	<title>[COLOR=blue]Glengarry Glen Ross[/COLOR]</title>
	<meta>
	<imdb>tt0104348</imdb>
	<content>movie</content>
	<title>Glengarry Glen Ross</title>
	<year>1992</year>
	</meta>
	<link>
	<sublink>search</sublink>
	<sublink>searchsd</sublink>
	</link>
	<thumbnail>https://image.tmdb.org/t/p/w1280/4YgCTLcHEIeGyzrKpwz93rORb8l.jpg</thumbnail>
	<fanart>https://image.tmdb.org/t/p/w1280/mItbTjXFv5scWZ7zJpLh64uUZ6G.jpg</fanart>
</item>
<item>
	<title>[COLOR=blue]The Girl with the Dragon Tattoo[/COLOR]</title>
	<meta>
	<imdb>tt1132620</imdb>
	<content>movie</content>
	<title>The Girl with the Dragon Tattoo</title>
	<year>2009</year>
	</meta>
	<link>
	<sublink>search</sublink>
	<sublink>searchsd</sublink>
	</link>
	<thumbnail>https://image.tmdb.org/t/p/w1280/9pRod9YBfBwC0tPfMijhYSdSlwU.jpg</thumbnail>
	<fanart>https://image.tmdb.org/t/p/w1280/7ajX2OJsBecgDDOYfk9VXYfhMIy.jpg</fanart>
</item>
<item>
	<title>[COLOR=blue]Heavenly Creatures[/COLOR]</title>
	<meta>
	<imdb>tt0110005</imdb>
	<content>movie</content>
	<title>Heavenly Creatures</title>
	<year>1994</year>
	</meta>
	<link>
	<sublink>search</sublink>
	<sublink>searchsd</sublink>
	</link>
	<thumbnail>https://image.tmdb.org/t/p/w1280/5ek49TUeqStPmKwNdxrCSUAdXNe.jpg</thumbnail>
	<fanart>https://image.tmdb.org/t/p/w1280/upA6EZkbxW4vetBzemtiba58CRR.jpg</fanart>
</item>
<item>
	<title>[COLOR=blue]Jumanji[/COLOR]</title>
	<meta>
	<imdb>tt0113497</imdb>
	<content>movie</content>
	<title>Jumanji</title>
	<year>1995</year>
	</meta>
	<link>
	<sublink>search</sublink>
	<sublink>searchsd</sublink>
	</link>
	<thumbnail>https://image.tmdb.org/t/p/w1280/vgpXmVaVyUL7GGiDeiK1mKEKzcX.jpg</thumbnail>
	<fanart>https://image.tmdb.org/t/p/w1280/7k4zEgUZbzMHawDaMc9yIkmY1qR.jpg</fanart>
</item>
<item>
	<title>[COLOR=blue]Joe Dirt[/COLOR]</title>
	<meta>
	<imdb>tt0245686</imdb>
	<content>movie</content>
	<title>Joe Dirt</title>
	<year>2001</year>
	</meta>
	<link>
	<sublink>search</sublink>
	<sublink>searchsd</sublink>
	</link>
	<thumbnail>https://image.tmdb.org/t/p/w1280/8FKSjl4cEg4OEyWdCTjqAT8M6qv.jpg</thumbnail>
	<fanart>https://image.tmdb.org/t/p/w1280/uPjtNMZtiANjxE2hOkDhYy9TQ1C.jpg</fanart>
</item>
<item>
	<title>[COLOR=blue]Kramer vs Kramer[/COLOR]</title>
	<meta>
	<imdb>tt0079417</imdb>
	<content>movie</content>
	<title>Kramer vs Kramer</title>
	<year>1979</year>
	</meta>
	<link>
	<sublink>search</sublink>
	<sublink>searchsd</sublink>
	</link>
	<thumbnail>https://image.tmdb.org/t/p/w1280/oyYtH37h8rLUxlERoD49losVvlg.jpg</thumbnail>
	<fanart>https://image.tmdb.org/t/p/w1280/aE33zDunu8FTj76IXqJmHVbcRWg.jpg</fanart>
</item>
<item>
	<title>[COLOR=blue]A Little Bit of Heaven[/COLOR]</title>
	<meta>
	<imdb>tt1440161</imdb>
	<content>movie</content>
	<title>A Little Bit of Heaven</title>
	<year>2011</year>
	</meta>
	<link>
	<sublink>search</sublink>
	<sublink>searchsd</sublink>
	</link>
	<thumbnail>https://image.tmdb.org/t/p/w1280/1DDjTd3eLaUyXcF3ndIUDZpHnPe.jpg</thumbnail>
	<fanart>https://image.tmdb.org/t/p/w1280/hRdPa1NGhGWoquRQsSts5yOoLSS.jpg</fanart>
</item>
<item>
	<title>[COLOR=blue]Before the Devil Knows You re Dead[/COLOR]</title>
	<meta>
	<imdb>tt0292963</imdb>
	<content>movie</content>
	<title>Before the Devil Knows You re Dead</title>
	<year>2007</year>
	</meta>
	<link>
	<sublink>search</sublink>
	<sublink>searchsd</sublink>
	</link>
	<thumbnail>https://image.tmdb.org/t/p/w1280/gbPm36j9gto4wXFT4mhvGhAfl4C.jpg</thumbnail>
	<fanart>https://image.tmdb.org/t/p/w1280/93N1ShuTWxG8e8tkXTr6d2XLOwu.jpg</fanart>
</item>
<item>
	<title>[COLOR=blue]Daydream Nation[/COLOR]</title>
	<meta>
	<imdb>tt1581835</imdb>
	<content>movie</content>
	<title>Daydream Nation</title>
	<year>2010</year>
	</meta>
	<link>
	<sublink>search</sublink>
	<sublink>searchsd</sublink>
	</link>
	<thumbnail>https://image.tmdb.org/t/p/w1280/rUz6kvnkMroGiDcaePS110xd0wU.jpg</thumbnail>
	<fanart>https://image.tmdb.org/t/p/w1280/cCzvqxsoRX3zdBNxFesKIv9KdOj.jpg</fanart>
</item>
<item>
	<title>[COLOR=blue]The Game[/COLOR]</title>
	<meta>
	<imdb>tt0119174</imdb>
	<content>movie</content>
	<title>The Game</title>
	<year>1997</year>
	</meta>
	<link>
	<sublink>search</sublink>
	<sublink>searchsd</sublink>
	</link>
	<thumbnail>https://image.tmdb.org/t/p/w1280/4b7QXyDJsDFXrwVHUNlrmezCZJC.jpg</thumbnail>
	<fanart>https://image.tmdb.org/t/p/w1280/qmeLOI0Dkb49yZARVFT2Vqc9bf5.jpg</fanart>
</item>
<item>
	<title>[COLOR=blue]Cruel Intentions[/COLOR]</title>
	<meta>
	<imdb>tt0139134</imdb>
	<content>movie</content>
	<title>Cruel Intentions</title>
	<year>1999</year>
	</meta>
	<link>
	<sublink>search</sublink>
	<sublink>searchsd</sublink>
	</link>
	<thumbnail>https://image.tmdb.org/t/p/w1280/6RQu0J2u7viDa34Nn98sKaHv5jD.jpg</thumbnail>
	<fanart>https://image.tmdb.org/t/p/w1280/qmFvXEOH8S4EenOZVEP8MBGH6R0.jpg</fanart>
</item>
<item>
	<title>[COLOR=blue]A League of Their Own[/COLOR]</title>
	<meta>
	<imdb>tt0104694</imdb>
	<content>movie</content>
	<title>A League of Their Own</title>
	<year>1992</year>
	</meta>
	<link>
	<sublink>search</sublink>
	<sublink>searchsd</sublink>
	</link>
	<thumbnail>https://image.tmdb.org/t/p/w1280/mHr58FxWSPZtxSqVxDpO12nKmMi.jpg</thumbnail>
	<fanart>https://image.tmdb.org/t/p/w1280/cTzJXKXqy8pqisykmDueETv6ikb.jpg</fanart>
</item>
<item>
	<title>[COLOR=blue]Lost in Translation[/COLOR]</title>
	<meta>
	<imdb>tt0335266</imdb>
	<content>movie</content>
	<title>Lost in Translation</title>
	<year>2003</year>
	</meta>
	<link>
	<sublink>search</sublink>
	<sublink>searchsd</sublink>
	</link>
	<thumbnail>https://image.tmdb.org/t/p/w1280/5T8VvuFTdaawKLJk34i69Utaw7o.jpg</thumbnail>
	<fanart>https://image.tmdb.org/t/p/w1280/kdNzNml3byCQi5wqYYuiQMim2CX.jpg</fanart>
</item>
<item>
	<title>[COLOR=blue]Legends of the Fall[/COLOR]</title>
	<meta>
	<imdb>tt0110322</imdb>
	<content>movie</content>
	<title>Legends of the Fall</title>
	<year>1994</year>
	</meta>
	<link>
	<sublink>search</sublink>
	<sublink>searchsd</sublink>
	</link>
	<thumbnail>https://image.tmdb.org/t/p/w1280/uh0sJcx3SLtclJSuKAXl6Tt6AV0.jpg</thumbnail>
	<fanart>https://image.tmdb.org/t/p/w1280/brfFrMWat9T4w07ovSOV9UV7vSt.jpg</fanart>
</item>
<item>
	<title>[COLOR=blue]Monsters[/COLOR]</title>
	<meta>
	<imdb>tt1470827</imdb>
	<content>movie</content>
	<title>Monsters</title>
	<year>2010</year>
	</meta>
	<link>
	<sublink>search</sublink>
	<sublink>searchsd</sublink>
	</link>
	<thumbnail>https://image.tmdb.org/t/p/w1280/lfwDoVtWElt1ecLv9NrQryOn6Rl.jpg</thumbnail>
	<fanart>https://image.tmdb.org/t/p/w1280/nfAeL5txnyRlxNwU9tIx9y9jxLP.jpg</fanart>
</item>
<item>
	<title>[COLOR=blue]Mr Deeds[/COLOR]</title>
	<meta>
	<imdb>tt0280590</imdb>
	<content>movie</content>
	<title>Mr Deeds</title>
	<year>2002</year>
	</meta>
	<link>
	<sublink>search</sublink>
	<sublink>searchsd</sublink>
	</link>
	<thumbnail>https://image.tmdb.org/t/p/w1280/l3hmNjhxmqjXrvGNMMmeOmsyX3r.jpg</thumbnail>
	<fanart>https://image.tmdb.org/t/p/w1280/bDPs32HRBalnN8HyYMH0xoG4VIW.jpg</fanart>
</item>
<item>
	<title>[COLOR=blue]Mal xc3 xa8na[/COLOR]</title>
	<meta>
	<imdb>tt0213847</imdb>
	<content>movie</content>
	<title>Mal xc3 xa8na</title>
	<year>2000</year>
	</meta>
	<link>
	<sublink>search</sublink>
	<sublink>searchsd</sublink>
	</link>
	<thumbnail>https://image.tmdb.org/t/p/w1280/6T3CqD4hS6xf5dnuAXcrYMsVtzR.jpg</thumbnail>
	<fanart>https://image.tmdb.org/t/p/w1280/7AnyXIa6M55ZRT7kMvy10umEcD7.jpg</fanart>
</item>
<item>
	<title>[COLOR=blue]Matilda[/COLOR]</title>
	<meta>
	<imdb>tt0117008</imdb>
	<content>movie</content>
	<title>Matilda</title>
	<year>1996</year>
	</meta>
	<link>
	<sublink>search</sublink>
	<sublink>searchsd</sublink>
	</link>
	<thumbnail>https://image.tmdb.org/t/p/w1280/vddUwPL3L8MBH4FrEDCAZM9T6sj.jpg</thumbnail>
	<fanart>https://image.tmdb.org/t/p/w1280/wTUO3HhVaxLtzEuTnAwlGdwSwAp.jpg</fanart>
</item>
<item>
	<title>[COLOR=blue]Marathon Man[/COLOR]</title>
	<meta>
	<imdb>tt0074860</imdb>
	<content>movie</content>
	<title>Marathon Man</title>
	<year>1976</year>
	</meta>
	<link>
	<sublink>search</sublink>
	<sublink>searchsd</sublink>
	</link>
	<thumbnail>https://image.tmdb.org/t/p/w1280/uPNgubSiri2yvBQRPtP77ViYjN.jpg</thumbnail>
	<fanart>https://image.tmdb.org/t/p/w1280/d90eG6WVgIIncfykkHPktX2Bi2M.jpg</fanart>
</item>
<item>
	<title>[COLOR=blue]Meet Joe Black[/COLOR]</title>
	<meta>
	<imdb>tt0119643</imdb>
	<content>movie</content>
	<title>Meet Joe Black</title>
	<year>1998</year>
	</meta>
	<link>
	<sublink>search</sublink>
	<sublink>searchsd</sublink>
	</link>
	<thumbnail>https://image.tmdb.org/t/p/w1280/s5maEXmEsVZYUx6dWc11GhL0zww.jpg</thumbnail>
	<fanart>https://image.tmdb.org/t/p/w1280/14Y8zA34cD4gFaEujY0qGHPO4T7.jpg</fanart>
</item>
<item>
	<title>[COLOR=blue]Midnight Cowboy[/COLOR]</title>
	<meta>
	<imdb>tt0064665</imdb>
	<content>movie</content>
	<title>Midnight Cowboy</title>
	<year>1969</year>
	</meta>
	<link>
	<sublink>search</sublink>
	<sublink>searchsd</sublink>
	</link>
	<thumbnail>https://image.tmdb.org/t/p/w1280/jEeyGsyoiRPwwxDkR1WWNT8eoyN.jpg</thumbnail>
	<fanart>https://image.tmdb.org/t/p/w1280/9Ln5wxy1yuvgIEw2hDqMld44BGH.jpg</fanart>
</item>
<item>
	<title>[COLOR=blue]My Best Friend s Wedding[/COLOR]</title>
	<meta>
	<imdb>tt0119738</imdb>
	<content>movie</content>
	<title>My Best Friend s Wedding</title>
	<year>1997</year>
	</meta>
	<link>
	<sublink>search</sublink>
	<sublink>searchsd</sublink>
	</link>
	<thumbnail>https://image.tmdb.org/t/p/w1280/2eBKtBVObRfd85nUbS0nLhhpayR.jpg</thumbnail>
	<fanart>https://image.tmdb.org/t/p/w1280/eQJtWYZ0kfFoQcStUPBnR3veLSS.jpg</fanart>
</item>
<item>
	<title>[COLOR=blue]The Next Three Days[/COLOR]</title>
	<meta>
	<imdb>tt1458175</imdb>
	<content>movie</content>
	<title>The Next Three Days</title>
	<year>2010</year>
	</meta>
	<link>
	<sublink>search</sublink>
	<sublink>searchsd</sublink>
	</link>
	<thumbnail>https://image.tmdb.org/t/p/w1280/odZECgJpQSUUK1tOMrkT7LWxSkI.jpg</thumbnail>
	<fanart>https://image.tmdb.org/t/p/w1280/cGB5Z26ooEFwYdf3fEMZ71RuHGU.jpg</fanart>
</item>
<item>
	<title>[COLOR=blue]The Passion of the Christ[/COLOR]</title>
	<meta>
	<imdb>tt0335345</imdb>
	<content>movie</content>
	<title>The Passion of the Christ</title>
	<year>2004</year>
	</meta>
	<link>
	<sublink>search</sublink>
	<sublink>searchsd</sublink>
	</link>
	<thumbnail>https://image.tmdb.org/t/p/w1280/oFuLM1EaKhi1WNWiTjQ1HKIZ1Eg.jpg</thumbnail>
	<fanart>https://image.tmdb.org/t/p/w1280/clVnEHURb8Ot3twaLmf7N1lNym1.jpg</fanart>
</item>
<item>
	<title>[COLOR=blue]Rango[/COLOR]</title>
	<meta>
	<imdb>tt1192628</imdb>
	<content>movie</content>
	<title>Rango</title>
	<year>2011</year>
	</meta>
	<link>
	<sublink>search</sublink>
	<sublink>searchsd</sublink>
	</link>
	<thumbnail>https://image.tmdb.org/t/p/w1280/afxRbCwwKjrWgGJtsVNs1BW1Dk5.jpg</thumbnail>
	<fanart>https://image.tmdb.org/t/p/w1280/fX6o5DCdGVEEZ1OT1IourOUkQMb.jpg</fanart>
</item>
<item>
	<title>[COLOR=blue]The Rum Diary[/COLOR]</title>
	<meta>
	<imdb>tt0376136</imdb>
	<content>movie</content>
	<title>The Rum Diary</title>
	<year>2011</year>
	</meta>
	<link>
	<sublink>search</sublink>
	<sublink>searchsd</sublink>
	</link>
	<thumbnail>https://image.tmdb.org/t/p/w1280/hYtMOXjSur5QccB4pZYWbKHMDor.jpg</thumbnail>
	<fanart>https://image.tmdb.org/t/p/w1280/cFWrMfRaNy9xJI5xirwc7qtCncn.jpg</fanart>
</item>
<item>
	<title>[COLOR=blue]Raising Arizona[/COLOR]</title>
	<meta>
	<imdb>tt0093822</imdb>
	<content>movie</content>
	<title>Raising Arizona</title>
	<year>1987</year>
	</meta>
	<link>
	<sublink>search</sublink>
	<sublink>searchsd</sublink>
	</link>
	<thumbnail>https://image.tmdb.org/t/p/w1280/jsBg2bhvbSncyezo9sMntMzBuy6.jpg</thumbnail>
	<fanart>https://image.tmdb.org/t/p/w1280/2NKBHDZOT0NlhhT5ZEc5jamaUhX.jpg</fanart>
</item>
<item>
	<title>[COLOR=blue]Rubber[/COLOR]</title>
	<meta>
	<imdb>tt1612774</imdb>
	<content>movie</content>
	<title>Rubber</title>
	<year>2010</year>
	</meta>
	<link>
	<sublink>search</sublink>
	<sublink>searchsd</sublink>
	</link>
	<thumbnail>https://image.tmdb.org/t/p/w1280/qOqPWqjof8EeEti2YnvJUHzpUfb.jpg</thumbnail>
	<fanart>https://image.tmdb.org/t/p/w1280/rFsiQwX0xl2VjQvjlMVMEAteXr8.jpg</fanart>
</item>
<item>
	<title>[COLOR=blue]Super 8[/COLOR]</title>
	<meta>
	<imdb>tt1650062</imdb>
	<content>movie</content>
	<title>Super 8</title>
	<year>2011</year>
	</meta>
	<link>
	<sublink>search</sublink>
	<sublink>searchsd</sublink>
	</link>
	<thumbnail>https://image.tmdb.org/t/p/w1280/f5PgX5qX5OoNeFnvwGQDDRPSl1P.jpg</thumbnail>
	<fanart>https://image.tmdb.org/t/p/w1280/ddpLzzpXD27q7PBqTNoecRXyKr5.jpg</fanart>
</item>
<item>
	<title>[COLOR=blue]The Skeleton Key[/COLOR]</title>
	<meta>
	<imdb>tt0397101</imdb>
	<content>movie</content>
	<title>The Skeleton Key</title>
	<year>2005</year>
	</meta>
	<link>
	<sublink>search</sublink>
	<sublink>searchsd</sublink>
	</link>
	<thumbnail>https://image.tmdb.org/t/p/w1280/kP7s8PGey0E36JaFoFq2d3gRKNY.jpg</thumbnail>
	<fanart>https://image.tmdb.org/t/p/w1280/cK8aXi2m7IeNMEsOCiTjXdSBMq.jpg</fanart>
</item>
<item>
	<title>[COLOR=blue]Steel Magnolias[/COLOR]</title>
	<meta>
	<imdb>tt0098384</imdb>
	<content>movie</content>
	<title>Steel Magnolias</title>
	<year>1989</year>
	</meta>
	<link>
	<sublink>search</sublink>
	<sublink>searchsd</sublink>
	</link>
	<thumbnail>https://image.tmdb.org/t/p/w1280/dxuEXH91o2sau7V8auiour1nEvv.jpg</thumbnail>
	<fanart>https://image.tmdb.org/t/p/w1280/5kpOAyvOmU8OE3xA9JPMXmsRLWe.jpg</fanart>
</item>
<item>
	<title>[COLOR=blue]Sleepless in Seattle[/COLOR]</title>
	<meta>
	<imdb>tt0108160</imdb>
	<content>movie</content>
	<title>Sleepless in Seattle</title>
	<year>1993</year>
	</meta>
	<link>
	<sublink>search</sublink>
	<sublink>searchsd</sublink>
	</link>
	<thumbnail>https://image.tmdb.org/t/p/w1280/afkYP15OeUOD0tFEmj6VvejuOcz.jpg</thumbnail>
	<fanart>https://image.tmdb.org/t/p/w1280/p3G0VLxXu9AK0WXXsGrjfXr9wrA.jpg</fanart>
</item>
<item>
	<title>[COLOR=blue]Sling Blade[/COLOR]</title>
	<meta>
	<imdb>tt0117666</imdb>
	<content>movie</content>
	<title>Sling Blade</title>
	<year>1996</year>
	</meta>
	<link>
	<sublink>search</sublink>
	<sublink>searchsd</sublink>
	</link>
	<thumbnail>https://image.tmdb.org/t/p/w1280/tUQRe2VQWdiIdSjpD28w7Rm8Ccb.jpg</thumbnail>
	<fanart>https://image.tmdb.org/t/p/w1280/8EYj7lENYgLab54yuGP7X4EWOA9.jpg</fanart>
</item>
<item>
	<title>[COLOR=blue]Small Soldiers[/COLOR]</title>
	<meta>
	<imdb>tt0122718</imdb>
	<content>movie</content>
	<title>Small Soldiers</title>
	<year>1998</year>
	</meta>
	<link>
	<sublink>search</sublink>
	<sublink>searchsd</sublink>
	</link>
	<thumbnail>https://image.tmdb.org/t/p/w1280/l5laJWvcxgkoqC3nRPs9N5u55jR.jpg</thumbnail>
	<fanart>https://image.tmdb.org/t/p/w1280/xy9MUcAcUCsxDnp5QEuLJIcFzGJ.jpg</fanart>
</item>
<item>
	<title>[COLOR=blue]Stuart Little[/COLOR]</title>
	<meta>
	<imdb>tt0164912</imdb>
	<content>movie</content>
	<title>Stuart Little</title>
	<year>1999</year>
	</meta>
	<link>
	<sublink>search</sublink>
	<sublink>searchsd</sublink>
	</link>
	<thumbnail>https://image.tmdb.org/t/p/w1280/539JU71suy9q4Wd5vvkKQLl5fTC.jpg</thumbnail>
	<fanart>https://image.tmdb.org/t/p/w1280/bfiybUiH5TEiuk1Znn2cYG4w0YD.jpg</fanart>
</item>
<item>
	<title>[COLOR=blue]She s All That[/COLOR]</title>
	<meta>
	<imdb>tt0160862</imdb>
	<content>movie</content>
	<title>She s All That</title>
	<year>1999</year>
	</meta>
	<link>
	<sublink>search</sublink>
	<sublink>searchsd</sublink>
	</link>
	<thumbnail>https://image.tmdb.org/t/p/w1280/2kWpjQ3O6DZywdIoPlvXCk3T91P.jpg</thumbnail>
	<fanart>https://image.tmdb.org/t/p/w1280/f2Vyj75EU1Cbdh0homXignBcdYG.jpg</fanart>
</item>
<item>
	<title>[COLOR=blue]Trainspotting[/COLOR]</title>
	<meta>
	<imdb>tt0117951</imdb>
	<content>movie</content>
	<title>Trainspotting</title>
	<year>1996</year>
	</meta>
	<link>
	<sublink>search</sublink>
	<sublink>searchsd</sublink>
	</link>
	<thumbnail>https://image.tmdb.org/t/p/w1280/p1O3eFsdb0GEIYu87xlwV7P4jM1.jpg</thumbnail>
	<fanart>https://image.tmdb.org/t/p/w1280/Aw0z8bUhGljT0ots6udf1MTLEMi.jpg</fanart>
</item>
<item>
	<title>[COLOR=blue]Thor[/COLOR]</title>
	<meta>
	<imdb>tt0800369</imdb>
	<content>movie</content>
	<title>Thor</title>
	<year>2011</year>
	</meta>
	<link>
	<sublink>search</sublink>
	<sublink>searchsd</sublink>
	</link>
	<thumbnail>https://image.tmdb.org/t/p/w1280/bIuOWTtyFPjsFDevqvF3QrD1aun.jpg</thumbnail>
	<fanart>https://image.tmdb.org/t/p/w1280/LvmmDZxkTDqp0DX7mUo621ahdX.jpg</fanart>
</item>
<item>
	<title>[COLOR=blue]A Tale of Two Sisters[/COLOR]</title>
	<meta>
	<imdb>tt0365376</imdb>
	<content>movie</content>
	<title>A Tale of Two Sisters</title>
	<year>2003</year>
	</meta>
	<link>
	<sublink>search</sublink>
	<sublink>searchsd</sublink>
	</link>
	<thumbnail>https://image.tmdb.org/t/p/w1280/8fmnXoIw3e3J7YSr8bzcPica4Dk.jpg</thumbnail>
	<fanart>https://image.tmdb.org/t/p/w1280/dHeWtDSsPOvj01rhKjmSNBJpYFq.jpg</fanart>
</item>
<item>
	<title>[COLOR=blue]The Tale of Despereaux[/COLOR]</title>
	<meta>
	<imdb>tt0420238</imdb>
	<content>movie</content>
	<title>The Tale of Despereaux</title>
	<year>2008</year>
	</meta>
	<link>
	<sublink>search</sublink>
	<sublink>searchsd</sublink>
	</link>
	<thumbnail>https://image.tmdb.org/t/p/w1280/8Nge4rXAQzU5w9U8OvnXuuJltL9.jpg</thumbnail>
	<fanart>https://image.tmdb.org/t/p/w1280/3ZmsKrY96jFXtpOIpYOsJD8pEXF.jpg</fanart>
</item>
<item>
	<title>[COLOR=blue]What s Eating Gilbert Grape[/COLOR]</title>
	<meta>
	<imdb>tt0108550</imdb>
	<content>movie</content>
	<title>What s Eating Gilbert Grape</title>
	<year>1993</year>
	</meta>
	<link>
	<sublink>search</sublink>
	<sublink>searchsd</sublink>
	</link>
	<thumbnail>https://image.tmdb.org/t/p/w1280/jQLoOPwNxyILwDbdhn9DsfQz0Sg.jpg</thumbnail>
	<fanart>https://image.tmdb.org/t/p/w1280/8VyW7cJxsdnIfptbPjGCIX1StUe.jpg</fanart>
</item>
<item>
	<title>[COLOR=blue]Albert Nobbs[/COLOR]</title>
	<meta>
	<imdb>tt1602098</imdb>
	<content>movie</content>
	<title>Albert Nobbs</title>
	<year>2011</year>
	</meta>
	<link>
	<sublink>search</sublink>
	<sublink>searchsd</sublink>
	</link>
	<thumbnail>https://image.tmdb.org/t/p/w1280/kBX3qISrKVgpdKqHh0F6EkgeBAs.jpg</thumbnail>
	<fanart>https://image.tmdb.org/t/p/w1280/k5NdtCFyWJkudRaxxKB9tNUe6WU.jpg</fanart>
</item>
<item>
	<title>[COLOR=blue]Fatal Attraction[/COLOR]</title>
	<meta>
	<imdb>tt0093010</imdb>
	<content>movie</content>
	<title>Fatal Attraction</title>
	<year>1987</year>
	</meta>
	<link>
	<sublink>search</sublink>
	<sublink>searchsd</sublink>
	</link>
	<thumbnail>https://image.tmdb.org/t/p/w1280/qHditPFIFCbXJKGLTPzvIagg6XD.jpg</thumbnail>
	<fanart>https://image.tmdb.org/t/p/w1280/ywxDMuhqt705eeJiEQaLQrWEyhC.jpg</fanart>
</item>
<item>
	<title>[COLOR=blue]The Fall[/COLOR]</title>
	<meta>
	<imdb>tt0460791</imdb>
	<content>movie</content>
	<title>The Fall</title>
	<year>2008</year>
	</meta>
	<link>
	<sublink>search</sublink>
	<sublink>searchsd</sublink>
	</link>
	<thumbnail>https://image.tmdb.org/t/p/w1280/gUex3Twn97Jp8F27Op1r7OnMTFt.jpg</thumbnail>
	<fanart>https://image.tmdb.org/t/p/w1280/83a4YqnHHUhomRt44ZpkI2rERNY.jpg</fanart>
</item>
<item>
	<title>[COLOR=blue]Hachi A Dog s Tale[/COLOR]</title>
	<meta>
	<imdb>tt1028532</imdb>
	<content>movie</content>
	<title>Hachi A Dog s Tale</title>
	<year>2009</year>
	</meta>
	<link>
	<sublink>search</sublink>
	<sublink>searchsd</sublink>
	</link>
	<thumbnail>https://image.tmdb.org/t/p/w1280/3MpVmIg6CgOCUrZ2TZ2P0yitCbM.jpg</thumbnail>
	<fanart>https://image.tmdb.org/t/p/w1280/m87xptCZD6J15HcioOOX4kfEdeD.jpg</fanart>
</item>
<item>
	<title>[COLOR=blue]The Wave[/COLOR]</title>
	<meta>
	<imdb>tt1063669</imdb>
	<content>movie</content>
	<title>The Wave</title>
	<year>2008</year>
	</meta>
	<link>
	<sublink>search</sublink>
	<sublink>searchsd</sublink>
	</link>
	<thumbnail>https://image.tmdb.org/t/p/w1280/h3FL7Un5LA5dAbg0AoRNjeWvsTK.jpg</thumbnail>
	<fanart>https://image.tmdb.org/t/p/w1280/2hFGKZG8G5L22O5que802vUEXF1.jpg</fanart>
</item>
<item>
	<title>[COLOR=blue]The Pact[/COLOR]</title>
	<meta>
	<imdb>tt2040560</imdb>
	<content>movie</content>
	<title>The Pact</title>
	<year>2012</year>
	</meta>
	<link>
	<sublink>search</sublink>
	<sublink>searchsd</sublink>
	</link>
	<thumbnail>https://image.tmdb.org/t/p/w1280/cXEpkawNx6yduTuR5qzt5uTfpP.jpg</thumbnail>
	<fanart>https://image.tmdb.org/t/p/w1280/uz8KRkFIDsHejtVqOw4mENAzV7A.jpg</fanart>
</item>
<item>
	<title>[COLOR=blue]Butter[/COLOR]</title>
	<meta>
	<imdb>tt1349451</imdb>
	<content>movie</content>
	<title>Butter</title>
	<year>2011</year>
	</meta>
	<link>
	<sublink>search</sublink>
	<sublink>searchsd</sublink>
	</link>
	<thumbnail>https://image.tmdb.org/t/p/w1280/eaj8yDQMFNzOssKylLQQdUnDc0.jpg</thumbnail>
	<fanart>https://image.tmdb.org/t/p/w1280/oTptxeSkwOU3zbJDmrZfcbEYI7p.jpg</fanart>
</item>
<item>
	<title>[COLOR=blue]Battle Royale[/COLOR]</title>
	<meta>
	<imdb>tt0266308</imdb>
	<content>movie</content>
	<title>Battle Royale</title>
	<year>2000</year>
	</meta>
	<link>
	<sublink>search</sublink>
	<sublink>searchsd</sublink>
	</link>
	<thumbnail>https://image.tmdb.org/t/p/w1280/4J5hW5wwT20hYSEPfxvfxNLjHcg.jpg</thumbnail>
	<fanart>https://image.tmdb.org/t/p/w1280/2RUohbrXVlWG7O1amjNdGNADECI.jpg</fanart>
</item>
<item>
	<title>[COLOR=blue]The Pianist[/COLOR]</title>
	<meta>
	<imdb>tt0253474</imdb>
	<content>movie</content>
	<title>The Pianist</title>
	<year>2002</year>
	</meta>
	<link>
	<sublink>search</sublink>
	<sublink>searchsd</sublink>
	</link>
	<thumbnail>https://image.tmdb.org/t/p/w1280/iunmxWkOi7Vk17Ob3G2HwwjgHsr.jpg</thumbnail>
	<fanart>https://image.tmdb.org/t/p/w1280/xUR95VFV1UTyzS1C8Lj06hi2n2M.jpg</fanart>
</item>
<item>
	<title>[COLOR=blue]The Raven[/COLOR]</title>
	<meta>
	<imdb>tt1486192</imdb>
	<content>movie</content>
	<title>The Raven</title>
	<year>2012</year>
	</meta>
	<link>
	<sublink>search</sublink>
	<sublink>searchsd</sublink>
	</link>
	<thumbnail>https://image.tmdb.org/t/p/w1280/hvWiERBXBa8RDYNdNzCbdVbUWFH.jpg</thumbnail>
	<fanart>https://image.tmdb.org/t/p/w1280/toSLsmtud3XDRuZrA8goZmahjLo.jpg</fanart>
</item>
<item>
	<title>[COLOR=blue]In the Loop[/COLOR]</title>
	<meta>
	<imdb>tt1226774</imdb>
	<content>movie</content>
	<title>In the Loop</title>
	<year>2009</year>
	</meta>
	<link>
	<sublink>search</sublink>
	<sublink>searchsd</sublink>
	</link>
	<thumbnail>https://image.tmdb.org/t/p/w1280/jL6txnziFSeEifQkqnPBtaPaiXU.jpg</thumbnail>
	<fanart>https://image.tmdb.org/t/p/w1280/zehZjIuMAcn7rNu06jl5uL7UzFt.jpg</fanart>
</item>
<item>
	<title>[COLOR=blue]8 xbd[/COLOR]</title>
	<meta>
	<imdb>tt0056801</imdb>
	<content>movie</content>
	<title>8 xbd</title>
	<year>1963</year>
	</meta>
	<link>
	<sublink>search</sublink>
	<sublink>searchsd</sublink>
	</link>
	<thumbnail>https://image.tmdb.org/t/p/w1280/5pQlc8dp5dXzWg1yM70DZrsDpOl.jpg</thumbnail>
	<fanart>https://image.tmdb.org/t/p/w1280/q5oiooqyWMzawR6YiZMPgxnIuwI.jpg</fanart>
</item>
<item>
	<title>[COLOR=blue]101 Dalmatians[/COLOR]</title>
	<meta>
	<imdb>tt0115433</imdb>
	<content>movie</content>
	<title>101 Dalmatians</title>
	<year>1996</year>
	</meta>
	<link>
	<sublink>search</sublink>
	<sublink>searchsd</sublink>
	</link>
	<thumbnail>https://image.tmdb.org/t/p/w1280/54SKV7ALfiVGJBzoStGTLYkRZEM.jpg</thumbnail>
	<fanart>https://image.tmdb.org/t/p/w1280/4CcoF2VSW6GD21DGbmpxWMWafaE.jpg</fanart>
</item>
<item>
	<title>[COLOR=blue]Adaptation[/COLOR]</title>
	<meta>
	<imdb>tt0268126</imdb>
	<content>movie</content>
	<title>Adaptation</title>
	<year>2002</year>
	</meta>
	<link>
	<sublink>search</sublink>
	<sublink>searchsd</sublink>
	</link>
	<thumbnail>https://image.tmdb.org/t/p/w1280/5trb1V5f3IsjpZx2GiuUylowl3W.jpg</thumbnail>
	<fanart>https://image.tmdb.org/t/p/w1280/fNR3l9AIX9Lzf1q3FcTIDikYNpP.jpg</fanart>
</item>
<item>
	<title>[COLOR=blue]The Adventures of Tintin[/COLOR]</title>
	<meta>
	<imdb>tt0983193</imdb>
	<content>movie</content>
	<title>The Adventures of Tintin</title>
	<year>2011</year>
	</meta>
	<link>
	<sublink>search</sublink>
	<sublink>searchsd</sublink>
	</link>
	<thumbnail>https://image.tmdb.org/t/p/w1280/3XOaHJARdZIXcd7sgJV24Txp3gf.jpg</thumbnail>
	<fanart>https://image.tmdb.org/t/p/w1280/m3xgF9JiTlfN1rO9hcvTd4PTIQy.jpg</fanart>
</item>
<item>
	<title>[COLOR=blue]Alice in Wonderland[/COLOR]</title>
	<meta>
	<imdb>tt0043274</imdb>
	<content>movie</content>
	<title>Alice in Wonderland</title>
	<year>1951</year>
	</meta>
	<link>
	<sublink>search</sublink>
	<sublink>searchsd</sublink>
	</link>
	<thumbnail>https://image.tmdb.org/t/p/w1280/6nqrMYon3UEMrTrkLvJPH5IwQZe.jpg</thumbnail>
	<fanart>https://image.tmdb.org/t/p/w1280/p6frW7qR3wUbssM25BS8BlzyoKc.jpg</fanart>
</item>
<item>
	<title>[COLOR=blue]An American Crime[/COLOR]</title>
	<meta>
	<imdb>tt0802948</imdb>
	<content>movie</content>
	<title>An American Crime</title>
	<year>2007</year>
	</meta>
	<link>
	<sublink>search</sublink>
	<sublink>searchsd</sublink>
	</link>
	<thumbnail>https://image.tmdb.org/t/p/w1280/62kJ9k0NtRV2QMvZAhl3jdTbnaK.jpg</thumbnail>
	<fanart>https://image.tmdb.org/t/p/w1280/zB1GfI71mBwLB3HPiSbngSJsD4P.jpg</fanart>
</item>
<item>
	<title>[COLOR=blue]An American Werewolf in London[/COLOR]</title>
	<meta>
	<imdb>tt0082010</imdb>
	<content>movie</content>
	<title>An American Werewolf in London</title>
	<year>1981</year>
	</meta>
	<link>
	<sublink>search</sublink>
	<sublink>searchsd</sublink>
	</link>
	<thumbnail>https://image.tmdb.org/t/p/w1280/lDClXHP08BUP4D4iRqix0XxLEZF.jpg</thumbnail>
	<fanart>https://image.tmdb.org/t/p/w1280/lFiEdW3zVjR2Wujxu3yZLpL2N8n.jpg</fanart>
</item>
<item>
	<title>[COLOR=blue]The Artist[/COLOR]</title>
	<meta>
	<imdb>tt1655442</imdb>
	<content>movie</content>
	<title>The Artist</title>
	<year>2011</year>
	</meta>
	<link>
	<sublink>search</sublink>
	<sublink>searchsd</sublink>
	</link>
	<thumbnail>https://image.tmdb.org/t/p/w1280/i0mpvMIIjyubXsVKug9vX0lYpnd.jpg</thumbnail>
	<fanart>https://image.tmdb.org/t/p/w1280/tr6OExnBfjLADi9OyZoW308mPAp.jpg</fanart>
</item>
<item>
	<title>[COLOR=blue]The AristoCats[/COLOR]</title>
	<meta>
	<imdb>tt0065421</imdb>
	<content>movie</content>
	<title>The AristoCats</title>
	<year>1970</year>
	</meta>
	<link>
	<sublink>search</sublink>
	<sublink>searchsd</sublink>
	</link>
	<thumbnail>https://image.tmdb.org/t/p/w1280/3LudCahifOrueMklYBxAXY2wpBg.jpg</thumbnail>
	<fanart>https://image.tmdb.org/t/p/w1280/fojdVtSsZa7fXyJQ6w1Exw7GWum.jpg</fanart>
</item>
<item>
	<title>[COLOR=blue]As Good as It Gets[/COLOR]</title>
	<meta>
	<imdb>tt0119822</imdb>
	<content>movie</content>
	<title>As Good as It Gets</title>
	<year>1997</year>
	</meta>
	<link>
	<sublink>search</sublink>
	<sublink>searchsd</sublink>
	</link>
	<thumbnail>https://image.tmdb.org/t/p/w1280/iQ8xiJmLsS0EoH3DhX0YdrbmRu3.jpg</thumbnail>
	<fanart>https://image.tmdb.org/t/p/w1280/mYEIJTgLrYNtMPYgT0Kd3XPCMmx.jpg</fanart>
</item>
<item>
	<title>[COLOR=blue]Atlas Shrugged Part I[/COLOR]</title>
	<meta>
	<imdb>tt0480239</imdb>
	<content>movie</content>
	<title>Atlas Shrugged Part I</title>
	<year>2011</year>
	</meta>
	<link>
	<sublink>search</sublink>
	<sublink>searchsd</sublink>
	</link>
	<thumbnail>https://image.tmdb.org/t/p/w1280/o9j1K7N68DrSqQAvda086TjsSNp.jpg</thumbnail>
	<fanart>https://image.tmdb.org/t/p/w1280/8w3ppe3bAPhPOufoV37w9SvUgSj.jpg</fanart>
</item>
<item>
	<title>[COLOR=blue]Barton Fink[/COLOR]</title>
	<meta>
	<imdb>tt0101410</imdb>
	<content>movie</content>
	<title>Barton Fink</title>
	<year>1991</year>
	</meta>
	<link>
	<sublink>search</sublink>
	<sublink>searchsd</sublink>
	</link>
	<thumbnail>https://image.tmdb.org/t/p/w1280/e0YvBTPwIL6Jb29glF3LE9n8GH2.jpg</thumbnail>
	<fanart>https://image.tmdb.org/t/p/w1280/kptmPB0rwfLqf1yQPCWewCoyiiq.jpg</fanart>
</item>
<item>
	<title>[COLOR=blue]Basic Instinct[/COLOR]</title>
	<meta>
	<imdb>tt0103772</imdb>
	<content>movie</content>
	<title>Basic Instinct</title>
	<year>1992</year>
	</meta>
	<link>
	<sublink>search</sublink>
	<sublink>searchsd</sublink>
	</link>
	<thumbnail>https://image.tmdb.org/t/p/w1280/p1DHOfLFZmM567ePKfFNMV4mY92.jpg</thumbnail>
	<fanart>https://image.tmdb.org/t/p/w1280/bKdxJMqvr4wltzAQaieA6CTkaa9.jpg</fanart>
</item>
<item>
	<title>[COLOR=blue]Bernie[/COLOR]</title>
	<meta>
	<imdb>tt1704573</imdb>
	<content>movie</content>
	<title>Bernie</title>
	<year>2012</year>
	</meta>
	<link>
	<sublink>search</sublink>
	<sublink>searchsd</sublink>
	</link>
	<thumbnail>https://image.tmdb.org/t/p/w1280/yfYjg789qjxHCTTcyOqXtpoetQU.jpg</thumbnail>
	<fanart>https://image.tmdb.org/t/p/w1280/vtBvAKRWlvNCsdldduqBwy38oSB.jpg</fanart>
</item>
<item>
	<title>[COLOR=blue]Beverly Hills Cop[/COLOR]</title>
	<meta>
	<imdb>tt0086960</imdb>
	<content>movie</content>
	<title>Beverly Hills Cop</title>
	<year>1984</year>
	</meta>
	<link>
	<sublink>search</sublink>
	<sublink>searchsd</sublink>
	</link>
	<thumbnail>https://image.tmdb.org/t/p/w1280/eEm00B2qO4j4gGH9PDg8dHvyApD.jpg</thumbnail>
	<fanart>https://image.tmdb.org/t/p/w1280/38aEFo3chy25jobknuIX0WTF0Xl.jpg</fanart>
</item>
<item>
	<title>[COLOR=blue]Bicycle Thieves[/COLOR]</title>
	<meta>
	<imdb>tt0040522</imdb>
	<content>movie</content>
	<title>Bicycle Thieves</title>
	<year>1948</year>
	</meta>
	<link>
	<sublink>search</sublink>
	<sublink>searchsd</sublink>
	</link>
	<thumbnail>https://image.tmdb.org/t/p/w1280/7ZiSTZN5FWsphVmlwFVFfn5EOl.jpg</thumbnail>
	<fanart>https://image.tmdb.org/t/p/w1280/vyz8ZJpATpxWCvYe5caZyzdn9Zq.jpg</fanart>
</item>
<item>
	<title>[COLOR=blue]Bottle Rocket[/COLOR]</title>
	<meta>
	<imdb>tt0115734</imdb>
	<content>movie</content>
	<title>Bottle Rocket</title>
	<year>1996</year>
	</meta>
	<link>
	<sublink>search</sublink>
	<sublink>searchsd</sublink>
	</link>
	<thumbnail>https://image.tmdb.org/t/p/w1280/iuO10cRKrMfql5yc8YTgdfHt7gR.jpg</thumbnail>
	<fanart>https://image.tmdb.org/t/p/w1280/9iD7ExWV9KvIawioDI0ALyjxKtT.jpg</fanart>
</item>
<item>
	<title>[COLOR=blue]The Boy in the Striped Pajamas[/COLOR]</title>
	<meta>
	<imdb>tt0914798</imdb>
	<content>movie</content>
	<title>The Boy in the Striped Pajamas</title>
	<year>2008</year>
	</meta>
	<link>
	<sublink>search</sublink>
	<sublink>searchsd</sublink>
	</link>
	<thumbnail>https://image.tmdb.org/t/p/w1280/f40R9to84FGF7T5bp3KGB84Lklb.jpg</thumbnail>
	<fanart>https://image.tmdb.org/t/p/w1280/tFyhGkJgV6M5zZAjS8SBVqOjzH4.jpg</fanart>
</item>
<item>
	<title>[COLOR=blue]A Bronx Tale[/COLOR]</title>
	<meta>
	<imdb>tt0106489</imdb>
	<content>movie</content>
	<title>A Bronx Tale</title>
	<year>1993</year>
	</meta>
	<link>
	<sublink>search</sublink>
	<sublink>searchsd</sublink>
	</link>
	<thumbnail>https://image.tmdb.org/t/p/w1280/sDbO6LmLYtyqAoFTPpRcMgPSCEO.jpg</thumbnail>
	<fanart>https://image.tmdb.org/t/p/w1280/aRMZOhLj6IjnmDnRGjblXYMOPxR.jpg</fanart>
</item>
<item>
	<title>[COLOR=blue]Bully[/COLOR]</title>
	<meta>
	<imdb>tt0242193</imdb>
	<content>movie</content>
	<title>Bully</title>
	<year>2001</year>
	</meta>
	<link>
	<sublink>search</sublink>
	<sublink>searchsd</sublink>
	</link>
	<thumbnail>https://image.tmdb.org/t/p/w1280/3l2mMLVj2CFjaRe6EqbGPPYjuaT.jpg</thumbnail>
	<fanart>https://image.tmdb.org/t/p/w1280/sUCObu6LJPvLzDjIi3xnG3c9Aa4.jpg</fanart>
</item>
<item>
	<title>[COLOR=blue]Casa de mi Padre[/COLOR]</title>
	<meta>
	<imdb>tt1702425</imdb>
	<content>movie</content>
	<title>Casa de mi Padre</title>
	<year>2012</year>
	</meta>
	<link>
	<sublink>search</sublink>
	<sublink>searchsd</sublink>
	</link>
	<thumbnail>https://image.tmdb.org/t/p/w1280/fC4VJMxfgahu3TGdEZNdpQ2CiLs.jpg</thumbnail>
	<fanart>https://image.tmdb.org/t/p/w1280/bSiKpkVHCc5RHcjTTosGLSIDhIS.jpg</fanart>
</item>
<item>
	<title>[COLOR=blue]Charade[/COLOR]</title>
	<meta>
	<imdb>tt0056923</imdb>
	<content>movie</content>
	<title>Charade</title>
	<year>1963</year>
	</meta>
	<link>
	<sublink>search</sublink>
	<sublink>searchsd</sublink>
	</link>
	<thumbnail>https://image.tmdb.org/t/p/w1280/dylvMaUZ1HQvYvVocfiKb5OovOc.jpg</thumbnail>
	<fanart>https://image.tmdb.org/t/p/w1280/pk26ubDilpxX9V7geBnxNRwAdwu.jpg</fanart>
</item>
<item>
	<title>[COLOR=blue]Charlie Bartlett[/COLOR]</title>
	<meta>
	<imdb>tt0423977</imdb>
	<content>movie</content>
	<title>Charlie Bartlett</title>
	<year>2008</year>
	</meta>
	<link>
	<sublink>search</sublink>
	<sublink>searchsd</sublink>
	</link>
	<thumbnail>https://image.tmdb.org/t/p/w1280/xCirDLSaQwuPhKyQ2kP9AGLidQ0.jpg</thumbnail>
	<fanart>https://image.tmdb.org/t/p/w1280/11QHzPsn17ZHeZfC3pARD4Hu6ke.jpg</fanart>
</item>
<item>
	<title>[COLOR=blue]Children of the Corn[/COLOR]</title>
	<meta>
	<imdb>tt0087050</imdb>
	<content>movie</content>
	<title>Children of the Corn</title>
	<year>1984</year>
	</meta>
	<link>
	<sublink>search</sublink>
	<sublink>searchsd</sublink>
	</link>
	<thumbnail>https://image.tmdb.org/t/p/w1280/votpiVmvic2ULYe74GES8CxYgp1.jpg</thumbnail>
	<fanart>https://image.tmdb.org/t/p/w1280/hmTSp1aF9xG7uwM4f4YMUcLfVAa.jpg</fanart>
</item>
<item>
	<title>[COLOR=blue]Clue[/COLOR]</title>
	<meta>
	<imdb>tt0088930</imdb>
	<content>movie</content>
	<title>Clue</title>
	<year>1985</year>
	</meta>
	<link>
	<sublink>search</sublink>
	<sublink>searchsd</sublink>
	</link>
	<thumbnail>https://image.tmdb.org/t/p/w1280/suzDcrxpuNPDnBwOOy8vBLsygwp.jpg</thumbnail>
	<fanart>https://image.tmdb.org/t/p/w1280/q1zYM7YsEIUeA6Yjxcb1zC3fM2.jpg</fanart>
</item>
<item>
	<title>[COLOR=blue]Clueless[/COLOR]</title>
	<meta>
	<imdb>tt0112697</imdb>
	<content>movie</content>
	<title>Clueless</title>
	<year>1995</year>
	</meta>
	<link>
	<sublink>search</sublink>
	<sublink>searchsd</sublink>
	</link>
	<thumbnail>https://image.tmdb.org/t/p/w1280/i8gEHh2sszB6YWLC0jl559sxAeN.jpg</thumbnail>
	<fanart>https://image.tmdb.org/t/p/w1280/uGldnobGEpL7uIxXBB6MUWEPreK.jpg</fanart>
</item>
<item>
	<title>[COLOR=blue]The Company Men[/COLOR]</title>
	<meta>
	<imdb>tt1172991</imdb>
	<content>movie</content>
	<title>The Company Men</title>
	<year>2010</year>
	</meta>
	<link>
	<sublink>search</sublink>
	<sublink>searchsd</sublink>
	</link>
	<thumbnail>https://image.tmdb.org/t/p/w1280/xP1FWgiUT1v1GGCwd94hXLaHyg8.jpg</thumbnail>
	<fanart>https://image.tmdb.org/t/p/w1280/7U5ORIO4QUL56EFnt0mV6C1SCze.jpg</fanart>
</item>
<item>
	<title>[COLOR=blue]Coming to America[/COLOR]</title>
	<meta>
	<imdb>tt0094898</imdb>
	<content>movie</content>
	<title>Coming to America</title>
	<year>1988</year>
	</meta>
	<link>
	<sublink>search</sublink>
	<sublink>searchsd</sublink>
	</link>
	<thumbnail>https://image.tmdb.org/t/p/w1280/7v1Sy0HC5KEM1DMM4Bpy5gVly1K.jpg</thumbnail>
	<fanart>https://image.tmdb.org/t/p/w1280/tlCnOu6PO7ILLnJMRw1NsrEWmyQ.jpg</fanart>
</item>
<item>
	<title>[COLOR=blue]Days of Heaven[/COLOR]</title>
	<meta>
	<imdb>tt0077405</imdb>
	<content>movie</content>
	<title>Days of Heaven</title>
	<year>1978</year>
	</meta>
	<link>
	<sublink>search</sublink>
	<sublink>searchsd</sublink>
	</link>
	<thumbnail>https://image.tmdb.org/t/p/w1280/rjw7tQbiBnbIeufyEt02oVickDM.jpg</thumbnail>
	<fanart>https://image.tmdb.org/t/p/w1280/rGWzox5V7dv6KE1gYlZAZ2sUvKJ.jpg</fanart>
</item>
<item>
	<title>[COLOR=blue]Deep Impact[/COLOR]</title>
	<meta>
	<imdb>tt0120647</imdb>
	<content>movie</content>
	<title>Deep Impact</title>
	<year>1998</year>
	</meta>
	<link>
	<sublink>search</sublink>
	<sublink>searchsd</sublink>
	</link>
	<thumbnail>https://image.tmdb.org/t/p/w1280/nbF4Tuj4OY8btrjoOHtk64hkKbJ.jpg</thumbnail>
	<fanart>https://image.tmdb.org/t/p/w1280/zL835XyvJ9TZHMARQOjXRP6fq7q.jpg</fanart>
</item>
<item>
	<title>[COLOR=blue]Double Jeopardy[/COLOR]</title>
	<meta>
	<imdb>tt0150377</imdb>
	<content>movie</content>
	<title>Double Jeopardy</title>
	<year>1999</year>
	</meta>
	<link>
	<sublink>search</sublink>
	<sublink>searchsd</sublink>
	</link>
	<thumbnail>https://image.tmdb.org/t/p/w1280/9Pl7lqUzU7lxQHYjcmTT6ZvbbDY.jpg</thumbnail>
	<fanart>https://image.tmdb.org/t/p/w1280/o7jtzBS4OQId8yHXzPoxGzXY6oE.jpg</fanart>
</item>
<item>
	<title>[COLOR=blue]Drive[/COLOR]</title>
	<meta>
	<imdb>tt0780504</imdb>
	<content>movie</content>
	<title>Drive</title>
	<year>2011</year>
	</meta>
	<link>
	<sublink>search</sublink>
	<sublink>searchsd</sublink>
	</link>
	<thumbnail>https://image.tmdb.org/t/p/w1280/nu7XIa67cXc2t7frXCE5voXUJcN.jpg</thumbnail>
	<fanart>https://image.tmdb.org/t/p/w1280/f6nLe5SgUEWIMbulgoBRaDPR0TL.jpg</fanart>
</item>
<item>
	<title>[COLOR=blue]Dumbo[/COLOR]</title>
	<meta>
	<imdb>tt0033563</imdb>
	<content>movie</content>
	<title>Dumbo</title>
	<year>1941</year>
	</meta>
	<link>
	<sublink>search</sublink>
	<sublink>searchsd</sublink>
	</link>
	<thumbnail>https://image.tmdb.org/t/p/w1280/rI2OAxQnmKTv0o5L9Adrkydpxiz.jpg</thumbnail>
	<fanart>https://image.tmdb.org/t/p/w1280/sa5vHfu5n4NFqZbVf2hzqGr6bim.jpg</fanart>
</item>
<item>
	<title>[COLOR=blue]Explorers[/COLOR]</title>
	<meta>
	<imdb>tt0089114</imdb>
	<content>movie</content>
	<title>Explorers</title>
	<year>1985</year>
	</meta>
	<link>
	<sublink>search</sublink>
	<sublink>searchsd</sublink>
	</link>
	<thumbnail>https://image.tmdb.org/t/p/w1280/bvvZKGyD30S4smjRVqikGe8ICFa.jpg</thumbnail>
	<fanart>https://image.tmdb.org/t/p/w1280/opKdoGhDNDJlpskVyCO9vhfwFH6.jpg</fanart>
</item>
<item>
	<title>[COLOR=blue]Extract[/COLOR]</title>
	<meta>
	<imdb>tt1225822</imdb>
	<content>movie</content>
	<title>Extract</title>
	<year>2009</year>
	</meta>
	<link>
	<sublink>search</sublink>
	<sublink>searchsd</sublink>
	</link>
	<thumbnail>https://image.tmdb.org/t/p/w1280/j13qLGBu3WBbyPPTfWAHj8jucQI.jpg</thumbnail>
	<fanart>https://image.tmdb.org/t/p/w1280/dDmMDBJ3g1f79CgJ15JrZDclO81.jpg</fanart>
</item>
<item>
	<title>[COLOR=blue]Faces in the Crowd[/COLOR]</title>
	<meta>
	<imdb>tt1536410</imdb>
	<content>movie</content>
	<title>Faces in the Crowd</title>
	<year>2011</year>
	</meta>
	<link>
	<sublink>search</sublink>
	<sublink>searchsd</sublink>
	</link>
	<thumbnail>https://image.tmdb.org/t/p/w1280/x5wucexdNDK4GGuZ83qLD8q6DY8.jpg</thumbnail>
	<fanart>https://image.tmdb.org/t/p/w1280/63TB6zvGLGzhrCSeZQEEVrJYjc0.jpg</fanart>
</item>
<item>
	<title>[COLOR=blue]Ferris Bueller s Day Off[/COLOR]</title>
	<meta>
	<imdb>tt0091042</imdb>
	<content>movie</content>
	<title>Ferris Bueller s Day Off</title>
	<year>1986</year>
	</meta>
	<link>
	<sublink>search</sublink>
	<sublink>searchsd</sublink>
	</link>
	<thumbnail>https://image.tmdb.org/t/p/w1280/ulvpwOXKmPvrFPBGbWU1gmW0ms5.jpg</thumbnail>
	<fanart>https://image.tmdb.org/t/p/w1280/leehjwM57DKJ79XMUll4oAF0kin.jpg</fanart>
</item>
<item>
	<title>[COLOR=blue]Jin ling shi san chai[/COLOR]</title>
	<meta>
	<imdb>tt1410063</imdb>
	<content>movie</content>
	<title>Jin ling shi san chai</title>
	<year>2011</year>
	</meta>
	<link>
	<sublink>search</sublink>
	<sublink>searchsd</sublink>
	</link>
	<thumbnail>https://image.tmdb.org/t/p/w1280/s9Lgt28YhHIVllsF3N1FxwNuGre.jpg</thumbnail>
	<fanart>https://image.tmdb.org/t/p/w1280/iJNkqCLAHm9hseBMLFeuwxD7Wpo.jpg</fanart>
</item>
<item>
	<title>[COLOR=blue]The Forgotten[/COLOR]</title>
	<meta>
	<imdb>tt0356618</imdb>
	<content>movie</content>
	<title>The Forgotten</title>
	<year>2004</year>
	</meta>
	<link>
	<sublink>search</sublink>
	<sublink>searchsd</sublink>
	</link>
	<thumbnail>https://image.tmdb.org/t/p/w1280/lr1jcoacf5EEdqeUAYqDlFXs4hs.jpg</thumbnail>
	<fanart>https://image.tmdb.org/t/p/w1280/mz3d5x6MYyTtyABPGbOk3sd9Rg9.jpg</fanart>
</item>
<item>
	<title>[COLOR=blue]For Love of the Game[/COLOR]</title>
	<meta>
	<imdb>tt0126916</imdb>
	<content>movie</content>
	<title>For Love of the Game</title>
	<year>1999</year>
	</meta>
	<link>
	<sublink>search</sublink>
	<sublink>searchsd</sublink>
	</link>
	<thumbnail>https://image.tmdb.org/t/p/w1280/nvsXIOYg8CHFS7WYh0anh7WFYtN.jpg</thumbnail>
	<fanart>https://image.tmdb.org/t/p/w1280/l4Amqpp3PGh61rENfxVZ3p2n3n9.jpg</fanart>
</item>
<item>
	<title>[COLOR=blue]The Fourth Kind[/COLOR]</title>
	<meta>
	<imdb>tt1220198</imdb>
	<content>movie</content>
	<title>The Fourth Kind</title>
	<year>2009</year>
	</meta>
	<link>
	<sublink>search</sublink>
	<sublink>searchsd</sublink>
	</link>
	<thumbnail>https://image.tmdb.org/t/p/w1280/usUYAvVCiGZ4YlX3xBS8fLzjtiO.jpg</thumbnail>
	<fanart>https://image.tmdb.org/t/p/w1280/qnXHb2wabV8zETsVo3YmdkCgXXt.jpg</fanart>
</item>
<item>
	<title>[COLOR=blue]The Fox and the Hound[/COLOR]</title>
	<meta>
	<imdb>tt0082406</imdb>
	<content>movie</content>
	<title>The Fox and the Hound</title>
	<year>1981</year>
	</meta>
	<link>
	<sublink>search</sublink>
	<sublink>searchsd</sublink>
	</link>
	<thumbnail>https://image.tmdb.org/t/p/w1280/1382VHxqZDXu2t8i46zf4fP71JG.jpg</thumbnail>
	<fanart>https://image.tmdb.org/t/p/w1280/87uShMszqPxwA034GsskGdzJOgN.jpg</fanart>
</item>
<item>
	<title>[COLOR=blue]The Frighteners[/COLOR]</title>
	<meta>
	<imdb>tt0116365</imdb>
	<content>movie</content>
	<title>The Frighteners</title>
	<year>1996</year>
	</meta>
	<link>
	<sublink>search</sublink>
	<sublink>searchsd</sublink>
	</link>
	<thumbnail>https://image.tmdb.org/t/p/w1280/cS3QPtMsE1jsEWUww5WsPE275Jb.jpg</thumbnail>
	<fanart>https://image.tmdb.org/t/p/w1280/tUjjDjFRLIXS0298EnskwskTA23.jpg</fanart>
</item>
<item>
	<title>[COLOR=blue]Gandhi[/COLOR]</title>
	<meta>
	<imdb>tt0083987</imdb>
	<content>movie</content>
	<title>Gandhi</title>
	<year>1982</year>
	</meta>
	<link>
	<sublink>search</sublink>
	<sublink>searchsd</sublink>
	</link>
	<thumbnail>https://image.tmdb.org/t/p/w1280/2z9A4FSu1YySrhhcuqkdMIXpgyN.jpg</thumbnail>
	<fanart>https://image.tmdb.org/t/p/w1280/3PfIfAUzRWYri6nnm8AgjyQePd7.jpg</fanart>
</item>
<item>
	<title>[COLOR=blue]Ghost[/COLOR]</title>
	<meta>
	<imdb>tt0099653</imdb>
	<content>movie</content>
	<title>Ghost</title>
	<year>1990</year>
	</meta>
	<link>
	<sublink>search</sublink>
	<sublink>searchsd</sublink>
	</link>
	<thumbnail>https://image.tmdb.org/t/p/w1280/rtxy3cplRFPUvruZajpcoxOQ7bi.jpg</thumbnail>
	<fanart>https://image.tmdb.org/t/p/w1280/rgyMubnjg883VdJUKKwASijyAFc.jpg</fanart>
</item>
<item>
	<title>[COLOR=blue]The Giant Mechanical Man[/COLOR]</title>
	<meta>
	<imdb>tt1769363</imdb>
	<content>movie</content>
	<title>The Giant Mechanical Man</title>
	<year>2012</year>
	</meta>
	<link>
	<sublink>search</sublink>
	<sublink>searchsd</sublink>
	</link>
	<thumbnail>https://image.tmdb.org/t/p/w1280/r9K2kmLrm2gIJuUPO6VamakgvDE.jpg</thumbnail>
	<fanart>https://image.tmdb.org/t/p/w1280/pGvaSHkfVsO0nDnNOQceA06KkKP.jpg</fanart>
</item>
<item>
	<title>[COLOR=blue]The Gift[/COLOR]</title>
	<meta>
	<imdb>tt0219699</imdb>
	<content>movie</content>
	<title>The Gift</title>
	<year>2000</year>
	</meta>
	<link>
	<sublink>search</sublink>
	<sublink>searchsd</sublink>
	</link>
	<thumbnail>https://image.tmdb.org/t/p/w1280/mC66QbJk1PbUrVMu3kh14adLpQl.jpg</thumbnail>
	<fanart>https://image.tmdb.org/t/p/w1280/17DPnjwKCVZKWwHAtGUt6XeO1MB.jpg</fanart>
</item>
<item>
	<title>[COLOR=blue]The Girl Who Played with Fire[/COLOR]</title>
	<meta>
	<imdb>tt1216487</imdb>
	<content>movie</content>
	<title>The Girl Who Played with Fire</title>
	<year>2009</year>
	</meta>
	<link>
	<sublink>search</sublink>
	<sublink>searchsd</sublink>
	</link>
	<thumbnail>https://image.tmdb.org/t/p/w1280/qHRpU2d9NWB0WDulwgFwg6a9JRK.jpg</thumbnail>
	<fanart>https://image.tmdb.org/t/p/w1280/qMDiCjxfv6Y8JN2DFViTX5D1ORH.jpg</fanart>
</item>
<item>
	<title>[COLOR=blue]The Girl with the Dragon Tattoo[/COLOR]</title>
	<meta>
	<imdb>tt1132620</imdb>
	<content>movie</content>
	<title>The Girl with the Dragon Tattoo</title>
	<year>2009</year>
	</meta>
	<link>
	<sublink>search</sublink>
	<sublink>searchsd</sublink>
	</link>
	<thumbnail>https://image.tmdb.org/t/p/w1280/9pRod9YBfBwC0tPfMijhYSdSlwU.jpg</thumbnail>
	<fanart>https://image.tmdb.org/t/p/w1280/7ajX2OJsBecgDDOYfk9VXYfhMIy.jpg</fanart>
</item>
<item>
	<title>[COLOR=blue]The Graduate[/COLOR]</title>
	<meta>
	<imdb>tt0061722</imdb>
	<content>movie</content>
	<title>The Graduate</title>
	<year>1967</year>
	</meta>
	<link>
	<sublink>search</sublink>
	<sublink>searchsd</sublink>
	</link>
	<thumbnail>https://image.tmdb.org/t/p/w1280/itdaGoyXKIAXRrHmchoMsGbwp2y.jpg</thumbnail>
	<fanart>https://image.tmdb.org/t/p/w1280/sEWKMIlgUCCb2n5mT0Mf71DRKLR.jpg</fanart>
</item>
<item>
	<title>[COLOR=blue]The Grapes of Wrath[/COLOR]</title>
	<meta>
	<imdb>tt0032551</imdb>
	<content>movie</content>
	<title>The Grapes of Wrath</title>
	<year>1940</year>
	</meta>
	<link>
	<sublink>search</sublink>
	<sublink>searchsd</sublink>
	</link>
	<thumbnail>https://image.tmdb.org/t/p/w1280/jRbRDNi9MgvhRc68PSQPMqnG24x.jpg</thumbnail>
	<fanart>https://image.tmdb.org/t/p/w1280/cAyniqxYBq2DmPjw6Sj8LOMrjc6.jpg</fanart>
</item>
<item>
	<title>[COLOR=blue]The Great Gatsby[/COLOR]</title>
	<meta>
	<imdb>tt0071577</imdb>
	<content>movie</content>
	<title>The Great Gatsby</title>
	<year>1974</year>
	</meta>
	<link>
	<sublink>search</sublink>
	<sublink>searchsd</sublink>
	</link>
	<thumbnail>https://image.tmdb.org/t/p/w1280/qmy6Iz0q5xTCYNFrPvqxx1gw5d7.jpg</thumbnail>
	<fanart>https://image.tmdb.org/t/p/w1280/uc0UUkz5D8a6OZQ0VUaUwOPRlAb.jpg</fanart>
</item>
<item>
	<title>[COLOR=blue]The Great Mouse Detective[/COLOR]</title>
	<meta>
	<imdb>tt0091149</imdb>
	<content>movie</content>
	<title>The Great Mouse Detective</title>
	<year>1986</year>
	</meta>
	<link>
	<sublink>search</sublink>
	<sublink>searchsd</sublink>
	</link>
	<thumbnail>https://image.tmdb.org/t/p/w1280/7p2ekrptHyB2qPLwVkq7vvZL7mz.jpg</thumbnail>
	<fanart>https://image.tmdb.org/t/p/w1280/A0enTetqBfL3UqLPyg0MONLQDXN.jpg</fanart>
</item>
<item>
	<title>[COLOR=blue]Butch Cassidy and the Sundance Kid[/COLOR]</title>
	<meta>
	<imdb>tt0064115</imdb>
	<content>movie</content>
	<title>Butch Cassidy and the Sundance Kid</title>
	<year>1969</year>
	</meta>
	<link>
	<sublink>search</sublink>
	<sublink>searchsd</sublink>
	</link>
	<thumbnail>https://image.tmdb.org/t/p/w1280/nZy6tmGaL2xeWIho6ICoWwVfKSt.jpg</thumbnail>
	<fanart>https://image.tmdb.org/t/p/w1280/9l71hJurR6cGqyCnleKod5Dlg5L.jpg</fanart>
</item>
<item>
	<title>[COLOR=blue]Happy Gilmore[/COLOR]</title>
	<meta>
	<imdb>tt0116483</imdb>
	<content>movie</content>
	<title>Happy Gilmore</title>
	<year>1996</year>
	</meta>
	<link>
	<sublink>search</sublink>
	<sublink>searchsd</sublink>
	</link>
	<thumbnail>https://image.tmdb.org/t/p/w1280/4RnCeRzvI1xk5tuNWjpDKzSnJDk.jpg</thumbnail>
	<fanart>https://image.tmdb.org/t/p/w1280/z5qwh317CANMZO7KMPAEepwxlyq.jpg</fanart>
</item>
<item>
	<title>[COLOR=blue]The Hole[/COLOR]</title>
	<meta>
	<imdb>tt1085779</imdb>
	<content>movie</content>
	<title>The Hole</title>
	<year>2009</year>
	</meta>
	<link>
	<sublink>search</sublink>
	<sublink>searchsd</sublink>
	</link>
	<thumbnail>https://image.tmdb.org/t/p/w1280/hVVhojZdTGOOACjWaWpQ8iSuBOu.jpg</thumbnail>
	<fanart>https://image.tmdb.org/t/p/w1280/97qyAErEyOYx5Ky8CwBoWIOXieD.jpg</fanart>
</item>
<item>
	<title>[COLOR=blue]Hotel Rwanda[/COLOR]</title>
	<meta>
	<imdb>tt0395169</imdb>
	<content>movie</content>
	<title>Hotel Rwanda</title>
	<year>2004</year>
	</meta>
	<link>
	<sublink>search</sublink>
	<sublink>searchsd</sublink>
	</link>
	<thumbnail>https://image.tmdb.org/t/p/w1280/p3pHw85UMZPegfMZBA6dZ06yarm.jpg</thumbnail>
	<fanart>https://image.tmdb.org/t/p/w1280/dQCTuhrP8bgsctRYeHSX21ceNX1.jpg</fanart>
</item>
<item>
	<title>[COLOR=blue]The Hours[/COLOR]</title>
	<meta>
	<imdb>tt0274558</imdb>
	<content>movie</content>
	<title>The Hours</title>
	<year>2002</year>
	</meta>
	<link>
	<sublink>search</sublink>
	<sublink>searchsd</sublink>
	</link>
	<thumbnail>https://image.tmdb.org/t/p/w1280/vRTqBRCLGiZNITXfdhGZd3tZ7Qh.jpg</thumbnail>
	<fanart>https://image.tmdb.org/t/p/w1280/ApsB4lgVmAWF3R9dqSReRCcODHl.jpg</fanart>
</item>
<item>
	<title>[COLOR=blue]Hugo[/COLOR]</title>
	<meta>
	<imdb>tt0970179</imdb>
	<content>movie</content>
	<title>Hugo</title>
	<year>2011</year>
	</meta>
	<link>
	<sublink>search</sublink>
	<sublink>searchsd</sublink>
	</link>
	<thumbnail>https://image.tmdb.org/t/p/w1280/wGmVmF1QSKM8Bys08dFfFXRqTMH.jpg</thumbnail>
	<fanart>https://image.tmdb.org/t/p/w1280/mAXgaPxxUQg6U446yz8KPRYSUT.jpg</fanart>
</item>
<item>
	<title>[COLOR=blue]Identity[/COLOR]</title>
	<meta>
	<imdb>tt0309698</imdb>
	<content>movie</content>
	<title>Identity</title>
	<year>2003</year>
	</meta>
	<link>
	<sublink>search</sublink>
	<sublink>searchsd</sublink>
	</link>
	<thumbnail>https://image.tmdb.org/t/p/w1280/xSNSp2wmCUwFavxdkMF417hBc39.jpg</thumbnail>
	<fanart>https://image.tmdb.org/t/p/w1280/arcpWGGnUkGkakOwZo7xfPsaz7h.jpg</fanart>
</item>
<item>
	<title>[COLOR=blue]Yip Man[/COLOR]</title>
	<meta>
	<imdb>tt1220719</imdb>
	<content>movie</content>
	<title>Yip Man</title>
	<year>2008</year>
	</meta>
	<link>
	<sublink>search</sublink>
	<sublink>searchsd</sublink>
	</link>
	<thumbnail>https://image.tmdb.org/t/p/w1280/8knFfuqW289DJi2cpPl4RVTDkbo.jpg</thumbnail>
	<fanart>https://image.tmdb.org/t/p/w1280/lcRGF2RpurdvBiSQVocfzRrxV9u.jpg</fanart>
</item>
<item>
	<title>[COLOR=blue]The Innkeepers[/COLOR]</title>
	<meta>
	<imdb>tt1594562</imdb>
	<content>movie</content>
	<title>The Innkeepers</title>
	<year>2011</year>
	</meta>
	<link>
	<sublink>search</sublink>
	<sublink>searchsd</sublink>
	</link>
	<thumbnail>https://image.tmdb.org/t/p/w1280/z8bx4DjqhjcMU6T1cU0FuZFboQ3.jpg</thumbnail>
	<fanart>https://image.tmdb.org/t/p/w1280/99RPIKlnYgWocabu6KbA9Miczxf.jpg</fanart>
</item>
<item>
	<title>[COLOR=blue]James and the Giant Peach[/COLOR]</title>
	<meta>
	<imdb>tt0116683</imdb>
	<content>movie</content>
	<title>James and the Giant Peach</title>
	<year>1996</year>
	</meta>
	<link>
	<sublink>search</sublink>
	<sublink>searchsd</sublink>
	</link>
	<thumbnail>https://image.tmdb.org/t/p/w1280/fDfgO1jkPAIX9ZbXka9XcOfDWl3.jpg</thumbnail>
	<fanart>https://image.tmdb.org/t/p/w1280/4MWKbMmB45QP2c6BA9kIMyGIRtn.jpg</fanart>
</item>
<item>
	<title>[COLOR=blue]Jeff, Who Lives at Home[/COLOR]</title>
	<meta>
	<imdb>tt1588334</imdb>
	<content>movie</content>
	<title>Jeff, Who Lives at Home</title>
	<year>2011</year>
	</meta>
	<link>
	<sublink>search</sublink>
	<sublink>searchsd</sublink>
	</link>
	<thumbnail>https://image.tmdb.org/t/p/w1280/hXZcaZrqmUIPBrsWr3vEK2VSnZv.jpg</thumbnail>
	<fanart>https://image.tmdb.org/t/p/w1280/fnQvtfv5nyxpqVQSO3Alm7PeEsN.jpg</fanart>
</item>
<item>
	<title>[COLOR=blue]Keith[/COLOR]</title>
	<meta>
	<imdb>tt0435679</imdb>
	<content>movie</content>
	<title>Keith</title>
	<year>2008</year>
	</meta>
	<link>
	<sublink>search</sublink>
	<sublink>searchsd</sublink>
	</link>
	<thumbnail>https://image.tmdb.org/t/p/w1280/ar8ovH0r2qbwgXjjqpq2EiltElB.jpg</thumbnail>
	<fanart>https://image.tmdb.org/t/p/w1280/utLM3Q6PhfHrYkCw4igCE60wkY7.jpg</fanart>
</item>
<item>
	<title>[COLOR=blue]The Kid with a Bike[/COLOR]</title>
	<meta>
	<imdb>tt1827512</imdb>
	<content>movie</content>
	<title>The Kid with a Bike</title>
	<year>2011</year>
	</meta>
	<link>
	<sublink>search</sublink>
	<sublink>searchsd</sublink>
	</link>
	<thumbnail>https://image.tmdb.org/t/p/w1280/6xQBCewA6BhRY4CXdT5uxOn0LIB.jpg</thumbnail>
	<fanart>https://image.tmdb.org/t/p/w1280/47enMtYNKLF8PaEQIbOnTFQdSX1.jpg</fanart>
</item>
<item>
	<title>[COLOR=blue]The King s Speech[/COLOR]</title>
	<meta>
	<imdb>tt1504320</imdb>
	<content>movie</content>
	<title>The King s Speech</title>
	<year>2010</year>
	</meta>
	<link>
	<sublink>search</sublink>
	<sublink>searchsd</sublink>
	</link>
	<thumbnail>https://image.tmdb.org/t/p/w1280/nkFTbA1XjKWo9LCTaV1hV2Lsgr1.jpg</thumbnail>
	<fanart>https://image.tmdb.org/t/p/w1280/pJnU0JArW4aLcOoS9u2vQHDGJpK.jpg</fanart>
</item>
<item>
	<title>[COLOR=blue]Lars and the Real Girl[/COLOR]</title>
	<meta>
	<imdb>tt0805564</imdb>
	<content>movie</content>
	<title>Lars and the Real Girl</title>
	<year>2007</year>
	</meta>
	<link>
	<sublink>search</sublink>
	<sublink>searchsd</sublink>
	</link>
	<thumbnail>https://image.tmdb.org/t/p/w1280/t8CjVSDVT5fy2AMZRwL0l9OCVhG.jpg</thumbnail>
	<fanart>https://image.tmdb.org/t/p/w1280/rvxV5bXhtRpxx51mDiy29b56cb2.jpg</fanart>
</item>
<item>
	<title>[COLOR=blue]Life Is Beautiful[/COLOR]</title>
	<meta>
	<imdb>tt0118799</imdb>
	<content>movie</content>
	<title>Life Is Beautiful</title>
	<year>1997</year>
	</meta>
	<link>
	<sublink>search</sublink>
	<sublink>searchsd</sublink>
	</link>
	<thumbnail>https://image.tmdb.org/t/p/w1280/f7DImXDebOs148U4uPjI61iDvaK.jpg</thumbnail>
	<fanart>https://image.tmdb.org/t/p/w1280/bORe0eI72D874TMawOOFvqWS6Xe.jpg</fanart>
</item>
<item>
	<title>[COLOR=blue]Like Crazy[/COLOR]</title>
	<meta>
	<imdb>tt1758692</imdb>
	<content>movie</content>
	<title>Like Crazy</title>
	<year>2011</year>
	</meta>
	<link>
	<sublink>search</sublink>
	<sublink>searchsd</sublink>
	</link>
	<thumbnail>https://image.tmdb.org/t/p/w1280/2fZBxMPmUdvDW7XKj9yD6RBpkRF.jpg</thumbnail>
	<fanart>https://image.tmdb.org/t/p/w1280/llyyZzIlmReLc2Gd5CiGbercbjk.jpg</fanart>
</item>
<dir>
	<title>[COLOR=blue]Lonesome Dove[/COLOR]</title>
	<meta>
	<imdb>tt0096639</imdb>
	<content>tv</content>
	<title>Lonesome Dove</title>
	<year>1989</year>
	</meta>
	<link></link>
	<thumbnail>https://image.tmdb.org/t/p/w1280/pXpA0VVB7IDuesAZB0ff0WmuxAc.jpg</thumbnail>
	<fanart>https://image.tmdb.org/t/p/w1280/a2DJqJLbuJGbGIS1wgQ9o3U0AEf.jpg</fanart>
</dir>
<item>
	<title>[COLOR=blue]The Lorax[/COLOR]</title>
	<meta>
	<imdb>tt1482459</imdb>
	<content>movie</content>
	<title>The Lorax</title>
	<year>2012</year>
	</meta>
	<link>
	<sublink>search</sublink>
	<sublink>searchsd</sublink>
	</link>
	<thumbnail>https://image.tmdb.org/t/p/w1280/6FuYtjegxaUv7n7C733hUEOQytR.jpg</thumbnail>
	<fanart>https://image.tmdb.org/t/p/w1280/7CuXAFUWcOlR5kt07ln1fZDxdHX.jpg</fanart>
</item>
<item>
	<title>[COLOR=blue]Love[/COLOR]</title>
	<meta>
	<imdb>tt1541874</imdb>
	<content>movie</content>
	<title>Love</title>
	<year>2011</year>
	</meta>
	<link>
	<sublink>search</sublink>
	<sublink>searchsd</sublink>
	</link>
	<thumbnail>https://image.tmdb.org/t/p/w1280/8ipBVqInnO3RjTyRf1aU4dE1SKD.jpg</thumbnail>
	<fanart>https://image.tmdb.org/t/p/w1280/nt52LkPTb6NmHUJU8OY4XbujTHo.jpg</fanart>
</item>
<item>
	<title>[COLOR=blue]Machine Gun Preacher[/COLOR]</title>
	<meta>
	<imdb>tt1586752</imdb>
	<content>movie</content>
	<title>Machine Gun Preacher</title>
	<year>2011</year>
	</meta>
	<link>
	<sublink>search</sublink>
	<sublink>searchsd</sublink>
	</link>
	<thumbnail>https://image.tmdb.org/t/p/w1280/1gEP9ZC7jpSiuMWNfbOfXTWWF5n.jpg</thumbnail>
	<fanart>https://image.tmdb.org/t/p/w1280/hnn2rJedWAWtmWroJ2xEdO33JPe.jpg</fanart>
</item>
<item>
	<title>[COLOR=blue]The Machinist[/COLOR]</title>
	<meta>
	<imdb>tt0361862</imdb>
	<content>movie</content>
	<title>The Machinist</title>
	<year>2004</year>
	</meta>
	<link>
	<sublink>search</sublink>
	<sublink>searchsd</sublink>
	</link>
	<thumbnail>https://image.tmdb.org/t/p/w1280/2tYr40n1ZjbMfYq20ieiAPsSe5.jpg</thumbnail>
	<fanart>https://image.tmdb.org/t/p/w1280/uqJKqddBjETEv4LsXCYLbHeIui7.jpg</fanart>
</item>
<item>
	<title>[COLOR=blue]The Magic of Belle Isle[/COLOR]</title>
	<meta>
	<imdb>tt1839654</imdb>
	<content>movie</content>
	<title>The Magic of Belle Isle</title>
	<year>2012</year>
	</meta>
	<link>
	<sublink>search</sublink>
	<sublink>searchsd</sublink>
	</link>
	<thumbnail>https://image.tmdb.org/t/p/w1280/jp7UnSxOJNtwazKRi4oN7Z7QMxN.jpg</thumbnail>
	<fanart>https://image.tmdb.org/t/p/w1280/1liuAmRbSv4WPUnVrYo219Hrr5n.jpg</fanart>
</item>
<item>
	<title>[COLOR=blue]Manhattan[/COLOR]</title>
	<meta>
	<imdb>tt0079522</imdb>
	<content>movie</content>
	<title>Manhattan</title>
	<year>1979</year>
	</meta>
	<link>
	<sublink>search</sublink>
	<sublink>searchsd</sublink>
	</link>
	<thumbnail>https://image.tmdb.org/t/p/w1280/k4eT3EvfxW1L9Wmt04UqJqCvCR6.jpg</thumbnail>
	<fanart>https://image.tmdb.org/t/p/w1280/qjm30F9hwJ6BNbsb7iOrrKwkY3n.jpg</fanart>
</item>
<item>
	<title>[COLOR=blue]The Man in the Iron Mask[/COLOR]</title>
	<meta>
	<imdb>tt0120744</imdb>
	<content>movie</content>
	<title>The Man in the Iron Mask</title>
	<year>1998</year>
	</meta>
	<link>
	<sublink>search</sublink>
	<sublink>searchsd</sublink>
	</link>
	<thumbnail>https://image.tmdb.org/t/p/w1280/mNbLk9qdBMnzBFWBrjy3Nuw9Ovi.jpg</thumbnail>
	<fanart>https://image.tmdb.org/t/p/w1280/c8znzyczeHuSe2xP0HyQ0sLUsDD.jpg</fanart>
</item>
<item>
	<title>[COLOR=blue]Miller s Crossing[/COLOR]</title>
	<meta>
	<imdb>tt0100150</imdb>
	<content>movie</content>
	<title>Miller s Crossing</title>
	<year>1990</year>
	</meta>
	<link>
	<sublink>search</sublink>
	<sublink>searchsd</sublink>
	</link>
	<thumbnail>https://image.tmdb.org/t/p/w1280/gmUAhNHY4bxQzgHjXci5JAW7u62.jpg</thumbnail>
	<fanart>https://image.tmdb.org/t/p/w1280/dYClzpvR7dCnlcQOE06OkgzfnyG.jpg</fanart>
</item>
<item>
	<title>[COLOR=blue]Mirror Mirror[/COLOR]</title>
	<meta>
	<imdb>tt1667353</imdb>
	<content>movie</content>
	<title>Mirror Mirror</title>
	<year>2012</year>
	</meta>
	<link>
	<sublink>search</sublink>
	<sublink>searchsd</sublink>
	</link>
	<thumbnail>https://image.tmdb.org/t/p/w1280/twCU43qv4VVqqsIi1NMnGj2kXmp.jpg</thumbnail>
	<fanart>https://image.tmdb.org/t/p/w1280/b6oaKs9wG3cdJKNCSNg0U3nv2gQ.jpg</fanart>
</item>
<item>
	<title>[COLOR=blue]Mona Lisa Smile[/COLOR]</title>
	<meta>
	<imdb>tt0304415</imdb>
	<content>movie</content>
	<title>Mona Lisa Smile</title>
	<year>2003</year>
	</meta>
	<link>
	<sublink>search</sublink>
	<sublink>searchsd</sublink>
	</link>
	<thumbnail>https://image.tmdb.org/t/p/w1280/zLn6dKedtaR3rnCRohxIxjfqmxV.jpg</thumbnail>
	<fanart>https://image.tmdb.org/t/p/w1280/lkvnT8SShNsdqM2AR1Lyp15PFrk.jpg</fanart>
</item>
<item>
	<title>[COLOR=blue]Mulholland Dr[/COLOR]</title>
	<meta>
	<imdb>tt0166924</imdb>
	<content>movie</content>
	<title>Mulholland Dr</title>
	<year>2001</year>
	</meta>
	<link>
	<sublink>search</sublink>
	<sublink>searchsd</sublink>
	</link>
	<thumbnail>https://image.tmdb.org/t/p/w1280/tVxGt7uffLVhIIcwuldXOMpFBPX.jpg</thumbnail>
	<fanart>https://image.tmdb.org/t/p/w1280/g9ClaS5EqU0Hk8WIbMNhld0Bk6f.jpg</fanart>
</item>
<item>
	<title>[COLOR=blue]A Night at the Roxbury[/COLOR]</title>
	<meta>
	<imdb>tt0120770</imdb>
	<content>movie</content>
	<title>A Night at the Roxbury</title>
	<year>1998</year>
	</meta>
	<link>
	<sublink>search</sublink>
	<sublink>searchsd</sublink>
	</link>
	<thumbnail>https://image.tmdb.org/t/p/w1280/s4GoobEeEKQcWpbBnJ0TSXFt67B.jpg</thumbnail>
	<fanart>https://image.tmdb.org/t/p/w1280/hYBQWQAFHjllb7XKmJy2vJWQuZM.jpg</fanart>
</item>
<item>
	<title>[COLOR=blue]The Nightmare Before Christmas[/COLOR]</title>
	<meta>
	<imdb>tt0107688</imdb>
	<content>movie</content>
	<title>The Nightmare Before Christmas</title>
	<year>1993</year>
	</meta>
	<link>
	<sublink>search</sublink>
	<sublink>searchsd</sublink>
	</link>
	<thumbnail>https://image.tmdb.org/t/p/w1280/6oxkO1VgKCq74fNILKAg6t2dVEt.jpg</thumbnail>
	<fanart>https://image.tmdb.org/t/p/w1280/8MzrNA4WMwgKnGzOzqFZpa9gEhm.jpg</fanart>
</item>
<item>
	<title>[COLOR=blue]Nowhere Boy[/COLOR]</title>
	<meta>
	<imdb>tt1266029</imdb>
	<content>movie</content>
	<title>Nowhere Boy</title>
	<year>2009</year>
	</meta>
	<link>
	<sublink>search</sublink>
	<sublink>searchsd</sublink>
	</link>
	<thumbnail>https://image.tmdb.org/t/p/w1280/ugtbLOgClY6nrgF2mfqh2I6ls6i.jpg</thumbnail>
	<fanart>https://image.tmdb.org/t/p/w1280/lLvwj5f0QawDr7vRiPC2QqU3Kld.jpg</fanart>
</item>
<item>
	<title>[COLOR=blue]The Nutty Professor[/COLOR]</title>
	<meta>
	<imdb>tt0117218</imdb>
	<content>movie</content>
	<title>The Nutty Professor</title>
	<year>1996</year>
	</meta>
	<link>
	<sublink>search</sublink>
	<sublink>searchsd</sublink>
	</link>
	<thumbnail>https://image.tmdb.org/t/p/w1280/rwAixULX9OJUu9kdDUBFZpLmLk1.jpg</thumbnail>
	<fanart>https://image.tmdb.org/t/p/w1280/84GOgNlshhXbrEzriQkDLdIWFvM.jpg</fanart>
</item>
