
<item>
  <title>Episode 1</title>
  <meta>
    <content>episode</content>
    <imdb>tt7161862</imdb>
    <tvshowtitle>  Stargate Origins</tvshowtitle>
    <year>  2018</year>
    <title>Episode 1</title>
    <premiered>2018-02-14</premiered>
    <season>1</season>
    <episode>1</episode>
  </meta>
  <link>
    <sublink>search</sublink>
    <sublink>searchsd</sublink>
  </link>
  <thumbnail>https://image.tmdb.org/t/p/w1280//dCJHCle7zXSZvfbWoBOFEwMUrSm.jpg</thumbnail>
  <fanart>
  </fanart>
</item>
<item>
  <title>Episode 2</title>
  <meta>
    <content>episode</content>
    <imdb>tt7161862</imdb>
    <tvshowtitle>  Stargate Origins</tvshowtitle>
    <year>  2018</year>
    <title>Episode 2</title>
    <premiered>2018-02-14</premiered>
    <season>1</season>
    <episode>2</episode>
  </meta>
  <link>
    <sublink>search</sublink>
    <sublink>searchsd</sublink>
  </link>
  <thumbnail>https://image.tmdb.org/t/p/w1280//hlZsI7mdSEQT9mbT0AzOKddXW5t.jpg</thumbnail>
  <fanart>
  </fanart>
</item>
<item>
  <title>Episode 3</title>
  <meta>
    <content>episode</content>
    <imdb>tt7161862</imdb>
    <tvshowtitle>  Stargate Origins</tvshowtitle>
    <year>  2018</year>
    <title>Episode 3</title>
    <premiered>2018-02-14</premiered>
    <season>1</season>
    <episode>3</episode>
  </meta>
  <link>
    <sublink>search</sublink>
    <sublink>searchsd</sublink>
  </link>
  <thumbnail>https://image.tmdb.org/t/p/w1280//r1xggJW3ewZNgoKR1HruHRqJNcv.jpg</thumbnail>
  <fanart>
  </fanart>
</item>
<item>
  <title>Episode 4</title>
  <meta>
    <content>episode</content>
    <imdb>tt7161862</imdb>
    <tvshowtitle>  Stargate Origins</tvshowtitle>
    <year>  2018</year>
    <title>Episode 4</title>
    <premiered>2018-02-22</premiered>
    <season>1</season>
    <episode>4</episode>
  </meta>
  <link>
    <sublink>search</sublink>
    <sublink>searchsd</sublink>
  </link>
  <thumbnail>https://image.tmdb.org/t/p/w1280//8A4s2jEEIgJ5ppHMAa7Q9csh2IR.jpg</thumbnail>
  <fanart>
  </fanart>
</item>
<item>
  <title>Episode 5</title>
  <meta>
    <content>episode</content>
    <imdb>tt7161862</imdb>
    <tvshowtitle>  Stargate Origins</tvshowtitle>
    <year>  2018</year>
    <title>Episode 5</title>
    <premiered>2018-02-22</premiered>
    <season>1</season>
    <episode>5</episode>
  </meta>
  <link>
    <sublink>search</sublink>
    <sublink>searchsd</sublink>
  </link>
  <thumbnail>https://image.tmdb.org/t/p/w1280//d7Sfjv7DjkjYtLwvogm1eNGOsIK.jpg</thumbnail>
  <fanart>
  </fanart>
</item>
<item>
  <title>Episode 6</title>
  <meta>
    <content>episode</content>
    <imdb>tt7161862</imdb>
    <tvshowtitle>  Stargate Origins</tvshowtitle>
    <year>  2018</year>
    <title>Episode 6</title>
    <premiered>2018-03-01</premiered>
    <season>1</season>
    <episode>6</episode>
  </meta>
  <link>
    <sublink>search</sublink>
    <sublink>searchsd</sublink>
  </link>
  <thumbnail>https://image.tmdb.org/t/p/w1280//x4T5mQ9Vb7sml0WB6nCoNk83yzj.jpg</thumbnail>
  <fanart>
  </fanart>
</item>
<item>
  <title>Episode 7</title>
  <meta>
    <content>episode</content>
    <imdb>tt7161862</imdb>
    <tvshowtitle>  Stargate Origins</tvshowtitle>
    <year>  2018</year>
    <title>Episode 7</title>
    <premiered>2018-03-01</premiered>
    <season>1</season>
    <episode>7</episode>
  </meta>
  <link>
    <sublink>search</sublink>
    <sublink>searchsd</sublink>
  </link>
  <thumbnail>https://image.tmdb.org/t/p/w1280//8Xf0bDkVzJ6j7BI8HeQX38WvnJJ.jpg</thumbnail>
  <fanart>
  </fanart>
</item>
<item>
  <title>Episode 8</title>
  <meta>
    <content>episode</content>
    <imdb>tt7161862</imdb>
    <tvshowtitle>  Stargate Origins</tvshowtitle>
    <year>  2018</year>
    <title>Episode 8</title>
    <premiered>2018-03-08</premiered>
    <season>1</season>
    <episode>8</episode>
  </meta>
  <link>
    <sublink>search</sublink>
    <sublink>searchsd</sublink>
  </link>
  <thumbnail>https://image.tmdb.org/t/p/w1280//7UJneHXeHfucGu8w3N3Sju4YyF1.jpg</thumbnail>
  <fanart>
  </fanart>
</item>
<item>
  <title>Episode 9</title>
  <meta>
    <content>episode</content>
    <imdb>tt7161862</imdb>
    <tvshowtitle>  Stargate Origins</tvshowtitle>
    <year>  2018</year>
    <title>Episode 9</title>
    <premiered>2018-03-08</premiered>
    <season>1</season>
    <episode>9</episode>
  </meta>
  <link>
    <sublink>search</sublink>
    <sublink>searchsd</sublink>
  </link>
  <thumbnail>https://image.tmdb.org/t/p/w1280//Df6ZJOB9By1XLC0u1InCpZph6o.jpg</thumbnail>
  <fanart>
  </fanart>
</item>
<item>
  <title>Episode 10</title>
  <meta>
    <content>episode</content>
    <imdb>tt7161862</imdb>
    <tvshowtitle>  Stargate Origins</tvshowtitle>
    <year>  2018</year>
    <title>Episode 10</title>
    <premiered>2018-03-08</premiered>
    <season>1</season>
    <episode>10</episode>
  </meta>
  <link>
    <sublink>search</sublink>
    <sublink>searchsd</sublink>
  </link>
  <thumbnail>https://image.tmdb.org/t/p/w1280//xuSkeL84tH31QGrbphWwbhcQCwF.jpg</thumbnail>
  <fanart>
  </fanart>
</item>