
<xml>
   <item>
    <title>[COLOR black]==========[/COLOR][COLOR blue]BEST OF ROBIN WILLIAMS[/COLOR][COLOR black]==========[/COLOR]</title>
    <thumbnail>http://entersandman.xyz/sanitypics/icon.png</thumbnail>
    <fanart>http://entersandman.xyz/sanityfanart/fanart.jpg</fanart>
  </item>

<item>
	<title>[B][COLOR blue]Jumanji[/COLOR][/B]</title>
	<meta>
	<imdb>tt0113497</imdb>
	<content>movie</content>
	<title>Jumanji</title>
	<year>1995</year>
	</meta>
	<link>
	<sublink>search</sublink>
	<sublink>searchsd</sublink>
	</link>
	<thumbnail>https://image.tmdb.org/t/p/w1280/vgpXmVaVyUL7GGiDeiK1mKEKzcX.jpg</thumbnail>
	<fanart>https://image.tmdb.org/t/p/w1280/7k4zEgUZbzMHawDaMc9yIkmY1qR.jpg</fanart>
</item>
<item>
	<title>[B][COLOR blue]Mrs Doubtfire[/COLOR][/B]</title>
	<meta>
	<imdb>tt0107614</imdb>
	<content>movie</content>
	<title>Mrs Doubtfire</title>
	<year>1993</year>
	</meta>
	<link>
	<sublink>search</sublink>
	<sublink>searchsd</sublink>
	</link>
	<thumbnail>https://image.tmdb.org/t/p/w1280/jowem7ShDXxMd2mXq26cy5LDEHP.jpg</thumbnail>
	<fanart>https://image.tmdb.org/t/p/w1280/qNsWEoqmGPJJk9c0orgycftzRQi.jpg</fanart>
</item>
<item>
	<title>[B][COLOR blue]Good Will Hunting[/COLOR][/B]</title>
	<meta>
	<imdb>tt0119217</imdb>
	<content>movie</content>
	<title>Good Will Hunting</title>
	<year>1997</year>
	</meta>
	<link>
	<sublink>search</sublink>
	<sublink>searchsd</sublink>
	</link>
	<thumbnail>https://image.tmdb.org/t/p/w1280/jq8LjngZ7XZEQge5JFTdOGMrHyZ.jpg</thumbnail>
	<fanart>https://image.tmdb.org/t/p/w1280/8vA6dxBzRqSajvqdmTLtoguAa3T.jpg</fanart>
</item>
<item>
	<title>[B][COLOR blue]Dead Poets Society[/COLOR][/B]</title>
	<meta>
	<imdb>tt0097165</imdb>
	<content>movie</content>
	<title>Dead Poets Society</title>
	<year>1989</year>
	</meta>
	<link>
	<sublink>search</sublink>
	<sublink>searchsd</sublink>
	</link>
	<thumbnail>https://image.tmdb.org/t/p/w1280/3Ri2GReavqSHqWemlP6HYn8i2P9.jpg</thumbnail>
	<fanart>https://image.tmdb.org/t/p/w1280/34DzJKMrzgc3EO1Dnbp6mkpbCZm.jpg</fanart>
</item>
<item>
	<title>[B][COLOR blue]Patch Adams[/COLOR][/B]</title>
	<meta>
	<imdb>tt0129290</imdb>
	<content>movie</content>
	<title>Patch Adams</title>
	<year>1998</year>
	</meta>
	<link>
	<sublink>search</sublink>
	<sublink>searchsd</sublink>
	</link>
	<thumbnail>https://image.tmdb.org/t/p/w1280/2T0Mj8gkTXgciedz8W5nsnjCHig.jpg</thumbnail>
	<fanart>https://image.tmdb.org/t/p/w1280/9CtyPVGETuWUlqnNswo7R98xGgU.jpg</fanart>
</item>
<item>
	<title>[B][COLOR blue]Aladdin[/COLOR][/B]</title>
	<meta>
	<imdb>tt0103639</imdb>
	<content>movie</content>
	<title>Aladdin</title>
	<year>1992</year>
	</meta>
	<link>
	<sublink>search</sublink>
	<sublink>searchsd</sublink>
	</link>
	<thumbnail>https://image.tmdb.org/t/p/w1280/7f53XAE4nPiGe9XprpGAeWHuKPw.jpg</thumbnail>
	<fanart>https://image.tmdb.org/t/p/w1280/toPEmFIckgRSPd40g6OLv3LWPtp.jpg</fanart>
</item>
<item>
	<title>[B][COLOR blue]What Dreams May Come[/COLOR][/B]</title>
	<meta>
	<imdb>tt0120889</imdb>
	<content>movie</content>
	<title>What Dreams May Come</title>
	<year>1998</year>
	</meta>
	<link>
	<sublink>search</sublink>
	<sublink>searchsd</sublink>
	</link>
	<thumbnail>https://image.tmdb.org/t/p/w1280/rNQH6Q8RPXD59aqGckST3CKQbCf.jpg</thumbnail>
	<fanart>https://image.tmdb.org/t/p/w1280/nzeEb4z9shqdFZbTuchQw2nXiWY.jpg</fanart>
</item>
<item>
	<title>[B][COLOR blue]Good Morning, Vietnam[/COLOR][/B]</title>
	<meta>
	<imdb>tt0093105</imdb>
	<content>movie</content>
	<title>Good Morning, Vietnam</title>
	<year>1987</year>
	</meta>
	<link>
	<sublink>search</sublink>
	<sublink>searchsd</sublink>
	</link>
	<thumbnail>https://image.tmdb.org/t/p/w1280/62Ve2yREvobU0qo4DxdSrShh1YO.jpg</thumbnail>
	<fanart>https://image.tmdb.org/t/p/w1280/5HdzBJBdvaqpPHjbH3qcSqHPJ0S.jpg</fanart>
</item>
<item>
	<title>[B][COLOR blue]Hook[/COLOR][/B]</title>
	<meta>
	<imdb>tt0102057</imdb>
	<content>movie</content>
	<title>Hook</title>
	<year>1991</year>
	</meta>
	<link>
	<sublink>search</sublink>
	<sublink>searchsd</sublink>
	</link>
	<thumbnail>https://image.tmdb.org/t/p/w1280/6plGuz8L3fvkuENB0G2ZpBz6kej.jpg</thumbnail>
	<fanart>https://image.tmdb.org/t/p/w1280/zkBN7dRpNiK4aaWF6c4WfecyXof.jpg</fanart>
</item>
<item>
	<title>[B][COLOR blue]Popeye[/COLOR][/B]</title>
	<meta>
	<imdb>tt0081353</imdb>
	<content>movie</content>
	<title>Popeye</title>
	<year>1980</year>
	</meta>
	<link>
	<sublink>search</sublink>
	<sublink>searchsd</sublink>
	</link>
	<thumbnail>https://image.tmdb.org/t/p/w1280/Fr4gButOoQQuykZzgDR2ZbSioy.jpg</thumbnail>
	<fanart>https://image.tmdb.org/t/p/w1280/asBlZAVjFQDPFADrhrmkOVM6TxK.jpg</fanart>
</item>
<item>
	<title>[B][COLOR blue]Awakenings[/COLOR][/B]</title>
	<meta>
	<imdb>tt0099077</imdb>
	<content>movie</content>
	<title>Awakenings</title>
	<year>1990</year>
	</meta>
	<link>
	<sublink>search</sublink>
	<sublink>searchsd</sublink>
	</link>
	<thumbnail>https://image.tmdb.org/t/p/w1280/6vkJhhd9h9QxMGHYQjVY1fY5XSI.jpg</thumbnail>
	<fanart>https://image.tmdb.org/t/p/w1280/xzNas1TCJh7S11nIfhZD7gImfWj.jpg</fanart>
</item>
<item>
	<title>[B][COLOR blue]Jack[/COLOR][/B]</title>
	<meta>
	<imdb>tt0116669</imdb>
	<content>movie</content>
	<title>Jack</title>
	<year>1996</year>
	</meta>
	<link>
	<sublink>search</sublink>
	<sublink>searchsd</sublink>
	</link>
	<thumbnail>https://image.tmdb.org/t/p/w1280/nOgHa5ggt6vbmIuoNW7exrJQJq9.jpg</thumbnail>
	<fanart>https://image.tmdb.org/t/p/w1280/2hsd6MbbhVyfjozeU9oonyyKymR.jpg</fanart>
</item>
<item>
	<title>[B][COLOR blue]Night at the Museum[/COLOR][/B]</title>
	<meta>
	<imdb>tt0477347</imdb>
	<content>movie</content>
	<title>Night at the Museum</title>
	<year>2006</year>
	</meta>
	<link>
	<sublink>search</sublink>
	<sublink>searchsd</sublink>
	</link>
	<thumbnail>https://image.tmdb.org/t/p/w1280/NUbCSwy2EQ9Z6psUjPqr3WdVI2.jpg</thumbnail>
	<fanart>https://image.tmdb.org/t/p/w1280/m8wYZ28BUv1KO9PhzdaNV11lGQE.jpg</fanart>
</item>
<item>
	<title>[B][COLOR blue]Night at the Museum Secret of the Tomb[/COLOR][/B]</title>
	<meta>
	<imdb>tt2692250</imdb>
	<content>movie</content>
	<title>Night at the Museum Secret of the Tomb</title>
	<year>2014</year>
	</meta>
	<link>
	<sublink>search</sublink>
	<sublink>searchsd</sublink>
	</link>
	<thumbnail>https://image.tmdb.org/t/p/w1280/tWwASv4CU1Au1IukacdSUewDCV3.jpg</thumbnail>
	<fanart>https://image.tmdb.org/t/p/w1280/8b9mOlxer8DVw4k368IXNG5HPBI.jpg</fanart>
</item>
<item>
	<title>[B][COLOR blue]Flubber[/COLOR][/B]</title>
	<meta>
	<imdb>tt0119137</imdb>
	<content>movie</content>
	<title>Flubber</title>
	<year>1997</year>
	</meta>
	<link>
	<sublink>search</sublink>
	<sublink>searchsd</sublink>
	</link>
	<thumbnail>https://image.tmdb.org/t/p/w1280/xrbkE6g2myJPLWxNy52yL2MJJHX.jpg</thumbnail>
	<fanart>https://image.tmdb.org/t/p/w1280/nG7lVHS5N7DQkHnSyOLjadjvCi5.jpg</fanart>
</item>
<item>
	<title>[B][COLOR blue]Bicentennial Man[/COLOR][/B]</title>
	<meta>
	<imdb>tt0182789</imdb>
	<content>movie</content>
	<title>Bicentennial Man</title>
	<year>1999</year>
	</meta>
	<link>
	<sublink>search</sublink>
	<sublink>searchsd</sublink>
	</link>
	<thumbnail>https://image.tmdb.org/t/p/w1280/pt57Kwkd2g2xdYFZKx3yCoz9Xim.jpg</thumbnail>
	<fanart>https://image.tmdb.org/t/p/w1280/cbldDMSYdasHMewxzPqZH7sQGnz.jpg</fanart>
</item>
<item>
	<title>[B][COLOR blue]The Birdcage[/COLOR][/B]</title>
	<meta>
	<imdb>tt0115685</imdb>
	<content>movie</content>
	<title>The Birdcage</title>
	<year>1996</year>
	</meta>
	<link>
	<sublink>search</sublink>
	<sublink>searchsd</sublink>
	</link>
	<thumbnail>https://image.tmdb.org/t/p/w1280/wRTkvqRTB05gcGInsnGqVgLkb3t.jpg</thumbnail>
	<fanart>https://image.tmdb.org/t/p/w1280/hU7YAbnf49QLnvxs30aCgGgSb9T.jpg</fanart>
</item>
<item>
	<title>[B][COLOR blue]One Hour Photo[/COLOR][/B]</title>
	<meta>
	<imdb>tt0265459</imdb>
	<content>movie</content>
	<title>One Hour Photo</title>
	<year>2002</year>
	</meta>
	<link>
	<sublink>search</sublink>
	<sublink>searchsd</sublink>
	</link>
	<thumbnail>https://image.tmdb.org/t/p/w1280/6ke85Kb6aX8RunZLwKpXCKYO9xv.jpg</thumbnail>
	<fanart>https://image.tmdb.org/t/p/w1280/9zYUh0zOjk2dFQWg1urP3P1ySEl.jpg</fanart>
</item>
<item>
	<title>[B][COLOR blue]RV[/COLOR][/B]</title>
	<meta>
	<imdb>tt0449089</imdb>
	<content>movie</content>
	<title>RV</title>
	<year>2006</year>
	</meta>
	<link>
	<sublink>search</sublink>
	<sublink>searchsd</sublink>
	</link>
	<thumbnail>https://image.tmdb.org/t/p/w1280/eqV0JjfwcEJuK3JPZ2rsNvS1p30.jpg</thumbnail>
	<fanart>https://image.tmdb.org/t/p/w1280/hY3MIfukrNWveQlAiP0bQJzCqL3.jpg</fanart>
</item>
<item>
	<title>[B][COLOR blue]The Fisher King[/COLOR][/B]</title>
	<meta>
	<imdb>tt0101889</imdb>
	<content>movie</content>
	<title>The Fisher King</title>
	<year>1991</year>
	</meta>
	<link>
	<sublink>search</sublink>
	<sublink>searchsd</sublink>
	</link>
	<thumbnail>https://image.tmdb.org/t/p/w1280/x93W5WrOOr3PCia1cANnWmAtUwQ.jpg</thumbnail>
	<fanart>https://image.tmdb.org/t/p/w1280/tWw7e5Sn7M0aKfhDGdf2qK1GdMc.jpg</fanart>
</item>
<item>
	<title>[B][COLOR blue]The Angriest Man in Brooklyn[/COLOR][/B]</title>
	<meta>
	<imdb>tt1294970</imdb>
	<content>movie</content>
	<title>The Angriest Man in Brooklyn</title>
	<year>2014</year>
	</meta>
	<link>
	<sublink>search</sublink>
	<sublink>searchsd</sublink>
	</link>
	<thumbnail>https://image.tmdb.org/t/p/w1280/aX1VbLmzVZsBlVIv6H8LsDsTOud.jpg</thumbnail>
	<fanart>https://image.tmdb.org/t/p/w1280/eEHFB2HbBROE00WSwkcTJRBGqSP.jpg</fanart>
</item>
<item>
	<title>[B][COLOR blue]World s Greatest Dad[/COLOR][/B]</title>
	<meta>
	<imdb>tt1262981</imdb>
	<content>movie</content>
	<title>World s Greatest Dad</title>
	<year>2009</year>
	</meta>
	<link>
	<sublink>search</sublink>
	<sublink>searchsd</sublink>
	</link>
	<thumbnail>https://image.tmdb.org/t/p/w1280/xFzoZNBnf1mEGZjSg8arHR92SaB.jpg</thumbnail>
	<fanart>https://image.tmdb.org/t/p/w1280/wQD3Mh4ALrr2G5rCVbFzL4dARW8.jpg</fanart>
</item>
<item>
	<title>[B][COLOR blue]Toys[/COLOR][/B]</title>
	<meta>
	<imdb>tt0105629</imdb>
	<content>movie</content>
	<title>Toys</title>
	<year>1992</year>
	</meta>
	<link>
	<sublink>search</sublink>
	<sublink>searchsd</sublink>
	</link>
	<thumbnail>https://image.tmdb.org/t/p/w1280/l0YBVvOvOxoOkggTZ70tNGvGQo4.jpg</thumbnail>
	<fanart>https://image.tmdb.org/t/p/w1280/lJfOdg9ZbwplMukH3rN0doVNQhK.jpg</fanart>
</item>
<item>
	<title>[B][COLOR blue]Happy Feet[/COLOR][/B]</title>
	<meta>
	<imdb>tt0366548</imdb>
	<content>movie</content>
	<title>Happy Feet</title>
	<year>2006</year>
	</meta>
	<link>
	<sublink>search</sublink>
	<sublink>searchsd</sublink>
	</link>
	<thumbnail>https://image.tmdb.org/t/p/w1280/8RLEzftZK87S2usLsQoYtyNYzoV.jpg</thumbnail>
	<fanart>https://image.tmdb.org/t/p/w1280/xgLMY1VCwM8SJq6HB3ZMpYL6mic.jpg</fanart>
</item>
<item>
	<title>[B][COLOR blue]The World According to Garp[/COLOR][/B]</title>
	<meta>
	<imdb>tt0084917</imdb>
	<content>movie</content>
	<title>The World According to Garp</title>
	<year>1982</year>
	</meta>
	<link>
	<sublink>search</sublink>
	<sublink>searchsd</sublink>
	</link>
	<thumbnail>https://image.tmdb.org/t/p/w1280/8DOpSrWlO3DdfCpfbuptj0cipDF.jpg</thumbnail>
	<fanart>https://image.tmdb.org/t/p/w1280/ogGLFUadXQ38bmm14gUvf49o3Sr.jpg</fanart>
</item>
<item>
	<title>[B][COLOR blue]August Rush[/COLOR][/B]</title>
	<meta>
	<imdb>tt0426931</imdb>
	<content>movie</content>
	<title>August Rush</title>
	<year>2007</year>
	</meta>
	<link>
	<sublink>search</sublink>
	<sublink>searchsd</sublink>
	</link>
	<thumbnail>https://image.tmdb.org/t/p/w1280/j8kUdhnIlYsgvL0u4EUKEzWUrbo.jpg</thumbnail>
	<fanart>https://image.tmdb.org/t/p/w1280/fi9gJiyDmYoqDlZdQKkI8Hp76YS.jpg</fanart>
</item>
<item>
	<title>[B][COLOR blue]Absolutely Anything[/COLOR][/B]</title>
	<meta>
	<imdb>tt1727770</imdb>
	<content>movie</content>
	<title>Absolutely Anything</title>
	<year>2015</year>
	</meta>
	<link>
	<sublink>search</sublink>
	<sublink>searchsd</sublink>
	</link>
	<thumbnail>https://image.tmdb.org/t/p/w1280/zRCZvkY1MGWBkPYiqhVpN8oZ6z1.jpg</thumbnail>
	<fanart>https://image.tmdb.org/t/p/w1280/AeNDkeDcVAHKzbpgmvHK3mwSgRe.jpg</fanart>
</item>
<item>
	<title>[B][COLOR blue]Moscow on the Hudson[/COLOR][/B]</title>
	<meta>
	<imdb>tt0087747</imdb>
	<content>movie</content>
	<title>Moscow on the Hudson</title>
	<year>1984</year>
	</meta>
	<link>
	<sublink>search</sublink>
	<sublink>searchsd</sublink>
	</link>
	<thumbnail>https://image.tmdb.org/t/p/w1280/6LODk3Bxr7O3EHwaJY1dB2FQ8y3.jpg</thumbnail>
	<fanart>https://image.tmdb.org/t/p/w1280/gOcBl644OuO7TOE2fi7WDWHeNG2.jpg</fanart>
</item>
<item>
	<title>[B][COLOR blue]The Butler[/COLOR][/B]</title>
	<meta>
	<imdb>tt1327773</imdb>
	<content>movie</content>
	<title>The Butler</title>
	<year>2013</year>
	</meta>
	<link>
	<sublink>search</sublink>
	<sublink>searchsd</sublink>
	</link>
	<thumbnail>https://image.tmdb.org/t/p/w1280/hUjEYTN5NuK8kYRQxngS7itpBQC.jpg</thumbnail>
	<fanart>https://image.tmdb.org/t/p/w1280/zZggWJSG18wPIOrZOgV5LI12LMi.jpg</fanart>
</item>
<item>
	<title>[B][COLOR blue]Man of the Year[/COLOR][/B]</title>
	<meta>
	<imdb>tt0483726</imdb>
	<content>movie</content>
	<title>Man of the Year</title>
	<year>2006</year>
	</meta>
	<link>
	<sublink>search</sublink>
	<sublink>searchsd</sublink>
	</link>
	<thumbnail>https://image.tmdb.org/t/p/w1280/a1LBGvjiYqw6zLI34IQa2j5DPIV.jpg</thumbnail>
	<fanart>https://image.tmdb.org/t/p/w1280/aX6AMU52dIkv2ZceoCOeiR13gFP.jpg</fanart>
</item>
<item>
	<title>[B][COLOR blue]Robots[/COLOR][/B]</title>
	<meta>
	<imdb>tt0358082</imdb>
	<content>movie</content>
	<title>Robots</title>
	<year>2005</year>
	</meta>
	<link>
	<sublink>search</sublink>
	<sublink>searchsd</sublink>
	</link>
	<thumbnail>https://image.tmdb.org/t/p/w1280/12n6dEayPtv7CqgbeSkznFQSKzh.jpg</thumbnail>
	<fanart>https://image.tmdb.org/t/p/w1280/okEMRef9hgVzTUo2U6OaCSk0t0M.jpg</fanart>
</item>
<item>
	<title>[B][COLOR blue]Old Dogs[/COLOR][/B]</title>
	<meta>
	<imdb>tt0976238</imdb>
	<content>movie</content>
	<title>Old Dogs</title>
	<year>2009</year>
	</meta>
	<link>
	<sublink>search</sublink>
	<sublink>searchsd</sublink>
	</link>
	<thumbnail>https://image.tmdb.org/t/p/w1280/2B4tOJ71vJQktyjsG0iqGM0Yh10.jpg</thumbnail>
	<fanart>https://image.tmdb.org/t/p/w1280/stu0zX05E4oqXVcBFGA2I5KxlX4.jpg</fanart>
</item>
<item>
	<title>[B][COLOR blue]Happy Feet Two[/COLOR][/B]</title>
	<meta>
	<imdb>tt1402488</imdb>
	<content>movie</content>
	<title>Happy Feet Two</title>
	<year>2011</year>
	</meta>
	<link>
	<sublink>search</sublink>
	<sublink>searchsd</sublink>
	</link>
	<thumbnail>https://image.tmdb.org/t/p/w1280/2gWiQ4mn85jcXtREVePlVViupeV.jpg</thumbnail>
	<fanart>https://image.tmdb.org/t/p/w1280/4MnCCfVAvLx7pP9ZvMQyvkb5awB.jpg</fanart>
</item>
<item>
	<title>[B][COLOR blue]License to Wed[/COLOR][/B]</title>
	<meta>
	<imdb>tt0762114</imdb>
	<content>movie</content>
	<title>License to Wed</title>
	<year>2007</year>
	</meta>
	<link>
	<sublink>search</sublink>
	<sublink>searchsd</sublink>
	</link>
	<thumbnail>https://image.tmdb.org/t/p/w1280/9I8NiY5cfFmwgI8Y5NKQqsuDawS.jpg</thumbnail>
	<fanart>https://image.tmdb.org/t/p/w1280/fm6bpJxls3QdxGchiZAVbDySmri.jpg</fanart>
</item>
<item>
	<title>[B][COLOR blue]Insomnia[/COLOR][/B]</title>
	<meta>
	<imdb>tt0278504</imdb>
	<content>movie</content>
	<title>Insomnia</title>
	<year>2002</year>
	</meta>
	<link>
	<sublink>search</sublink>
	<sublink>searchsd</sublink>
	</link>
	<thumbnail>https://image.tmdb.org/t/p/w1280/zb0D3vfjcPFvuyHp1mFPOIcYJWH.jpg</thumbnail>
	<fanart>https://image.tmdb.org/t/p/w1280/p8UHSddGu2frGk0nCkuPjDemjka.jpg</fanart>
</item>
<item>
	<title>[B][COLOR blue]Death to Smoochy[/COLOR][/B]</title>
	<meta>
	<imdb>tt0266452</imdb>
	<content>movie</content>
	<title>Death to Smoochy</title>
	<year>2002</year>
	</meta>
	<link>
	<sublink>search</sublink>
	<sublink>searchsd</sublink>
	</link>
	<thumbnail>https://image.tmdb.org/t/p/w1280/kF73OhS7KJe7xQBclbyR6uJGbj0.jpg</thumbnail>
	<fanart>https://image.tmdb.org/t/p/w1280/sufhmDdsDBIiHzDL9ctFOfFCDN7.jpg</fanart>
</item>
<item>
	<title>[B][COLOR blue]Jakob the Liar[/COLOR][/B]</title>
	<meta>
	<imdb>tt0120716</imdb>
	<content>movie</content>
	<title>Jakob the Liar</title>
	<year>1999</year>
	</meta>
	<link>
	<sublink>search</sublink>
	<sublink>searchsd</sublink>
	</link>
	<thumbnail>https://image.tmdb.org/t/p/w1280/kadiPVZ1GjoFsom1hCgAcOVN337.jpg</thumbnail>
	<fanart>https://image.tmdb.org/t/p/w1280/i5l9yOelJBDmTY4mtUFZSX4j17P.jpg</fanart>
</item>
<item>
	<title>[B][COLOR blue]Night at the Museum Battle of the Smithsonian[/COLOR][/B]</title>
	<meta>
	<imdb>tt1078912</imdb>
	<content>movie</content>
	<title>Night at the Museum Battle of the Smithsonian</title>
	<year>2009</year>
	</meta>
	<link>
	<sublink>search</sublink>
	<sublink>searchsd</sublink>
	</link>
	<thumbnail>https://image.tmdb.org/t/p/w1280/qbU6AxmO69bBwu6Tw8HtcRoltAA.jpg</thumbnail>
	<fanart>https://image.tmdb.org/t/p/w1280/632jziQ0Etz5J6yQvPNW3pmjQT8.jpg</fanart>
</item>
<item>
	<title>[B][COLOR blue]The Final Cut[/COLOR][/B]</title>
	<meta>
	<imdb>tt0364343</imdb>
	<content>movie</content>
	<title>The Final Cut</title>
	<year>2004</year>
	</meta>
	<link>
	<sublink>search</sublink>
	<sublink>searchsd</sublink>
	</link>
	<thumbnail>https://image.tmdb.org/t/p/w1280/8YPAz6LdWatGQWhZkGCxSWUzPNt.jpg</thumbnail>
	<fanart>https://image.tmdb.org/t/p/w1280/7CUPenZpmaHzSfVkgUQRXVXRLpA.jpg</fanart>
</item>
<item>
	<title>[B][COLOR blue]FernGully The Last Rainforest[/COLOR][/B]</title>
	<meta>
	<imdb>tt0104254</imdb>
	<content>movie</content>
	<title>FernGully The Last Rainforest</title>
	<year>1992</year>
	</meta>
	<link>
	<sublink>search</sublink>
	<sublink>searchsd</sublink>
	</link>
	<thumbnail>https://image.tmdb.org/t/p/w1280/gU2TbLTJ2s0aL5OsPuYQgZR8y3A.jpg</thumbnail>
	<fanart>https://image.tmdb.org/t/p/w1280/aZxUgA9WV4pdjwtY9TtukD6EsoG.jpg</fanart>
</item>
<item>
	<title>[B][COLOR blue]The Adventures of Baron Munchausen[/COLOR][/B]</title>
	<meta>
	<imdb>tt0096764</imdb>
	<content>movie</content>
	<title>The Adventures of Baron Munchausen</title>
	<year>1988</year>
	</meta>
	<link>
	<sublink>search</sublink>
	<sublink>searchsd</sublink>
	</link>
	<thumbnail>https://image.tmdb.org/t/p/w1280/75SlrEn0RCb2Ng18cCE82S00Hi5.jpg</thumbnail>
	<fanart>https://image.tmdb.org/t/p/w1280/bXUdFmuVvDr1HuyhXXXNNp9uJF3.jpg</fanart>
</item>
<item>
	<title>[B][COLOR blue]The Big Wedding[/COLOR][/B]</title>
	<meta>
	<imdb>tt1931435</imdb>
	<content>movie</content>
	<title>The Big Wedding</title>
	<year>2013</year>
	</meta>
	<link>
	<sublink>search</sublink>
	<sublink>searchsd</sublink>
	</link>
	<thumbnail>https://image.tmdb.org/t/p/w1280/bPYDvbXRrb5d4FFyn4kb93J8I4X.jpg</thumbnail>
	<fanart>https://image.tmdb.org/t/p/w1280/AtxgS50gewNMgTsbS8M1NKaNIIb.jpg</fanart>
</item>
<item>
	<title>[B][COLOR blue]The Night Listener[/COLOR][/B]</title>
	<meta>
	<imdb>tt0448075</imdb>
	<content>movie</content>
	<title>The Night Listener</title>
	<year>2006</year>
	</meta>
	<link>
	<sublink>search</sublink>
	<sublink>searchsd</sublink>
	</link>
	<thumbnail>https://image.tmdb.org/t/p/w1280/jBcQZRnTgAGWLBzKxcjK99VGBIq.jpg</thumbnail>
	<fanart>https://image.tmdb.org/t/p/w1280/5lKFl0oeckUeNj5AOVyeWCg6INm.jpg</fanart>
</item>
<item>
	<title>[B][COLOR blue]Cadillac Man[/COLOR][/B]</title>
	<meta>
	<imdb>tt0099204</imdb>
	<content>movie</content>
	<title>Cadillac Man</title>
	<year>1990</year>
	</meta>
	<link>
	<sublink>search</sublink>
	<sublink>searchsd</sublink>
	</link>
	<thumbnail>https://image.tmdb.org/t/p/w1280/uk1eVRubuiWCE7LCbLjexJrLFoH.jpg</thumbnail>
	<fanart>https://image.tmdb.org/t/p/w1280/k6BFmVoGzFONdIxAhQmk5qkNANz.jpg</fanart>
</item>
<item>
	<title>[B][COLOR blue]Seize the Day[/COLOR][/B]</title>
	<meta>
	<imdb>tt0091920</imdb>
	<content>movie</content>
	<title>Seize the Day</title>
	<year>1986</year>
	</meta>
	<link>
	<sublink>search</sublink>
	<sublink>searchsd</sublink>
	</link>
	<thumbnail>https://image.tmdb.org/t/p/w1280/fa0NNqXobkj0rwVq0qouQg4R9ei.jpg</thumbnail>
	<fanart>https://image.tmdb.org/t/p/w1280None</fanart>
</item>
<item>
	<title>[B][COLOR blue]A Merry Friggin Christmas[/COLOR][/B]</title>
	<meta>
	<imdb>tt0910885</imdb>
	<content>movie</content>
	<title>A Merry Friggin Christmas</title>
	<year>2014</year>
	</meta>
	<link>
	<sublink>search</sublink>
	<sublink>searchsd</sublink>
	</link>
	<thumbnail>https://image.tmdb.org/t/p/w1280/kAhQkl3XMgzdphC4Xs63imokkTy.jpg</thumbnail>
	<fanart>https://image.tmdb.org/t/p/w1280/zIG3wwEJZGeFAO5pkVPpXpKmQoL.jpg</fanart>
</item>
<item>
	<title>[B][COLOR blue]Nine Months[/COLOR][/B]</title>
	<meta>
	<imdb>tt0113986</imdb>
	<content>movie</content>
	<title>Nine Months</title>
	<year>1995</year>
	</meta>
	<link>
	<sublink>search</sublink>
	<sublink>searchsd</sublink>
	</link>
	<thumbnail>https://image.tmdb.org/t/p/w1280/l6HWwhtqmowlNqWYln011WTTm35.jpg</thumbnail>
	<fanart>https://image.tmdb.org/t/p/w1280/q1EJHHcvi9ywsPFjEUY1dYcR8Yx.jpg</fanart>
</item>
<item>
	<title>[B][COLOR blue]Club Paradise[/COLOR][/B]</title>
	<meta>
	<imdb>tt0090856</imdb>
	<content>movie</content>
	<title>Club Paradise</title>
	<year>1986</year>
	</meta>
	<link>
	<sublink>search</sublink>
	<sublink>searchsd</sublink>
	</link>
	<thumbnail>https://image.tmdb.org/t/p/w1280/pVVNkP7iA0BMvlqt3xJPSLnEqjW.jpg</thumbnail>
	<fanart>https://image.tmdb.org/t/p/w1280/9g5mp3hg7RAr5cuZgzXBNKJkEq7.jpg</fanart>
</item>
<item>
	<title>[B][COLOR blue]Deconstructing Harry[/COLOR][/B]</title>
	<meta>
	<imdb>tt0118954</imdb>
	<content>movie</content>
	<title>Deconstructing Harry</title>
	<year>1997</year>
	</meta>
	<link>
	<sublink>search</sublink>
	<sublink>searchsd</sublink>
	</link>
	<thumbnail>https://image.tmdb.org/t/p/w1280/krKRthefSZlUjnzDvN4isqty0R7.jpg</thumbnail>
	<fanart>https://image.tmdb.org/t/p/w1280/1KC0Td0TfHuHEIzZ0dTGsEOkYcs.jpg</fanart>
</item>
<item>
	<title>[B][COLOR blue]The Best of Times[/COLOR][/B]</title>
	<meta>
	<imdb>tt0090713</imdb>
	<content>movie</content>
	<title>The Best of Times</title>
	<year>1986</year>
	</meta>
	<link>
	<sublink>search</sublink>
	<sublink>searchsd</sublink>
	</link>
	<thumbnail>https://image.tmdb.org/t/p/w1280/nGLhl8LhNw838RWAfA9KCPhL8yg.jpg</thumbnail>
	<fanart>https://image.tmdb.org/t/p/w1280/b7ywYnXH05b1PJjsw3upv9Sb5VR.jpg</fanart>
</item>
<item>
	<title>[B][COLOR blue]Dead Again[/COLOR][/B]</title>
	<meta>
	<imdb>tt0101669</imdb>
	<content>movie</content>
	<title>Dead Again</title>
	<year>1991</year>
	</meta>
	<link>
	<sublink>search</sublink>
	<sublink>searchsd</sublink>
	</link>
	<thumbnail>https://image.tmdb.org/t/p/w1280/nXaP2QoY5Vst00CvnEI3Guuymfw.jpg</thumbnail>
	<fanart>https://image.tmdb.org/t/p/w1280/tEcmclYXFNvFonqtPwG4aemiu3r.jpg</fanart>
</item>
