
<item>
    <title>[B][COLOR black]==========[/COLOR][COLOR blue]ENJOY YOUR SHOW[/COLOR][COLOR black]==========[/COLOR][/B]</title>
    <thumbnail>http://entersandman.xyz/sanitypics/icon.png</thumbnail>
    <fanart>http://entersandman.xyz/sanityfanart/fanart.jpg</fanart>
  </item>

<dir>
  <title>Season 1</title>
  <meta>
    <imdb>tt0118480</imdb>
    <content>season</content>
    <season>1</season>
  </meta>
  <link>file://sanity/sg1/sg1 season 1.xml</link>
  <thumbnail>https://image.tmdb.org/t/p/w1280//tiib6A0kZ0NoUeuUbcU0hIu2jlM.jpg</thumbnail>
  <fanart>
  </fanart>
</dir>
<dir>
  <title>Season 2</title>
  <meta>
    <imdb>tt0118480</imdb>
    <content>season</content>
    <season>2</season>
  </meta>
  <link>file://sanity/sg1/sg1 season 2.xml</link>
  <thumbnail>https://image.tmdb.org/t/p/w1280//lBMPJS97E8t6ULrE6hrZSkdne15.jpg</thumbnail>
  <fanart>
  </fanart>
</dir>
<dir>
  <title>Season 3</title>
  <meta>
    <imdb>tt0118480</imdb>
    <content>season</content>
    <season>3</season>
  </meta>
  <link>file://sanity/sg1/sg1 season 3.xml</link>
  <thumbnail>https://image.tmdb.org/t/p/w1280//y784rvtXTNm2g6x3LqIpAFWY6di.jpg</thumbnail>
  <fanart>
  </fanart>
</dir>
<dir>
  <title>Season 4</title>
  <meta>
    <imdb>tt0118480</imdb>
    <content>season</content>
    <season>4</season>
  </meta>
  <link>file://sanity/sg1/sg1 season 4.xml</link>
  <thumbnail>https://image.tmdb.org/t/p/w1280//vpPEa8vqMr1WtXbE6fA0ABGeFoe.jpg</thumbnail>
  <fanart>
  </fanart>
</dir>
<dir>
  <title>Season 5</title>
  <meta>
    <imdb>tt0118480</imdb>
    <content>season</content>
    <season>5</season>
  </meta>
  <link>file://sanity/sg1/sg1 season 5.xml</link>
  <thumbnail>https://image.tmdb.org/t/p/w1280//tn0VrEaDdiefOGnphHkTJNAeqxM.jpg</thumbnail>
  <fanart>
  </fanart>
</dir>
<dir>
  <title>Season 6</title>
  <meta>
    <imdb>tt0118480</imdb>
    <content>season</content>
    <season>6</season>
  </meta>
  <link>file://sanity/sg1/sg1 season 6.xml</link>
  <thumbnail>https://image.tmdb.org/t/p/w1280//hFSLju61oOogrqiq0VD4eLdjV84.jpg</thumbnail>
  <fanart>
  </fanart>
</dir>
<dir>
  <title>Season 7</title>
  <meta>
    <imdb>tt0118480</imdb>
    <content>season</content>
    <season>7</season>
  </meta>
  <link>file://sanity/sg1/sg1 season 7.xml</link>
  <thumbnail>https://image.tmdb.org/t/p/w1280//r16NyHvsOFbm95j7ezfD2ZmMi5l.jpg</thumbnail>
  <fanart>
  </fanart>
</dir>
<dir>
  <title>Season 8</title>
  <meta>
    <imdb>tt0118480</imdb>
    <content>season</content>
    <season>8</season>
  </meta>
  <link>file://sanity/sg1/sg1 season 8.xml</link>
  <thumbnail>https://image.tmdb.org/t/p/w1280//47vubDA11B0y6edXbgVunQh9SBF.jpg</thumbnail>
  <fanart>
  </fanart>
</dir>
<dir>
  <title>Season 9</title>
  <meta>
    <imdb>tt0118480</imdb>
    <content>season</content>
    <season>9</season>
  </meta>
  <link>file://sanity/sg1/sg1 season 9.xml</link>
  <thumbnail>https://image.tmdb.org/t/p/w1280//qthzwn3wvra7UXHeuGONacTO0lT.jpg</thumbnail>
  <fanart>
  </fanart>
</dir>
<dir>
  <title>Season 10</title>
  <meta>
    <imdb>tt0118480</imdb>
    <content>season</content>
    <season>10</season>
  </meta>
  <link>file://sanity/sg1/sg1 season 10.xml</link>
  <thumbnail>https://image.tmdb.org/t/p/w1280//zWQUWJ1NbLLQhMDcyQ9OImG6oGg.jpg</thumbnail>
  <fanart>
  </fanart>
</dir>