
<item>
  <title>Into the Fire</title>
  <meta>
    <content>episode</content>
    <imdb>tt0118480</imdb>
    <tvshowtitle>  Stargate SG-1</tvshowtitle>
    <year>  1997</year>
    <title>Into the Fire</title>
    <premiered>1999-06-26</premiered>
    <season>3</season>
    <episode>1</episode>
  </meta>
  <link>
    <sublink>search</sublink>
    <sublink>searchsd</sublink>
  </link>
  <thumbnail>https://image.tmdb.org/t/p/w1280//sz6IiF1JR8WRsBMa4HxnqA5GCRp.jpg</thumbnail>
  <fanart>
  </fanart>
</item>
<item>
  <title>Seth</title>
  <meta>
    <content>episode</content>
    <imdb>tt0118480</imdb>
    <tvshowtitle>  Stargate SG-1</tvshowtitle>
    <year>  1997</year>
    <title>Seth</title>
    <premiered>1999-07-03</premiered>
    <season>3</season>
    <episode>2</episode>
  </meta>
  <link>
    <sublink>search</sublink>
    <sublink>searchsd</sublink>
  </link>
  <thumbnail>https://image.tmdb.org/t/p/w1280//lJIWA2IJRub2RcSIZ6pUrjEl9q1.jpg</thumbnail>
  <fanart>
  </fanart>
</item>
<item>
  <title>Fair Game</title>
  <meta>
    <content>episode</content>
    <imdb>tt0118480</imdb>
    <tvshowtitle>  Stargate SG-1</tvshowtitle>
    <year>  1997</year>
    <title>Fair Game</title>
    <premiered>1999-07-10</premiered>
    <season>3</season>
    <episode>3</episode>
  </meta>
  <link>
    <sublink>search</sublink>
    <sublink>searchsd</sublink>
  </link>
  <thumbnail>https://image.tmdb.org/t/p/w1280//zqMp6vcusTtO02ZgwGMQsY4n2Sq.jpg</thumbnail>
  <fanart>
  </fanart>
</item>
<item>
  <title>Legacy</title>
  <meta>
    <content>episode</content>
    <imdb>tt0118480</imdb>
    <tvshowtitle>  Stargate SG-1</tvshowtitle>
    <year>  1997</year>
    <title>Legacy</title>
    <premiered>1999-07-17</premiered>
    <season>3</season>
    <episode>4</episode>
  </meta>
  <link>
    <sublink>search</sublink>
    <sublink>searchsd</sublink>
  </link>
  <thumbnail>https://image.tmdb.org/t/p/w1280//gGfv4fPfPR8fQTaSF2uhxV9iuTC.jpg</thumbnail>
  <fanart>
  </fanart>
</item>
<item>
  <title>Learning Curve</title>
  <meta>
    <content>episode</content>
    <imdb>tt0118480</imdb>
    <tvshowtitle>  Stargate SG-1</tvshowtitle>
    <year>  1997</year>
    <title>Learning Curve</title>
    <premiered>1999-07-24</premiered>
    <season>3</season>
    <episode>5</episode>
  </meta>
  <link>
    <sublink>search</sublink>
    <sublink>searchsd</sublink>
  </link>
  <thumbnail>https://image.tmdb.org/t/p/w1280//pyLb0O4awJ9qOdhfGw2D3Hkzb1Q.jpg</thumbnail>
  <fanart>
  </fanart>
</item>
<item>
  <title>Point of View</title>
  <meta>
    <content>episode</content>
    <imdb>tt0118480</imdb>
    <tvshowtitle>  Stargate SG-1</tvshowtitle>
    <year>  1997</year>
    <title>Point of View</title>
    <premiered>1999-07-31</premiered>
    <season>3</season>
    <episode>6</episode>
  </meta>
  <link>
    <sublink>search</sublink>
    <sublink>searchsd</sublink>
  </link>
  <thumbnail>https://image.tmdb.org/t/p/w1280//zmFyooXZkHTnwg0Wz5B4zVkcYSj.jpg</thumbnail>
  <fanart>
  </fanart>
</item>
<item>
  <title>Deadman Switch</title>
  <meta>
    <content>episode</content>
    <imdb>tt0118480</imdb>
    <tvshowtitle>  Stargate SG-1</tvshowtitle>
    <year>  1997</year>
    <title>Deadman Switch</title>
    <premiered>1999-08-07</premiered>
    <season>3</season>
    <episode>7</episode>
  </meta>
  <link>
    <sublink>search</sublink>
    <sublink>searchsd</sublink>
  </link>
  <thumbnail>https://image.tmdb.org/t/p/w1280//hlxiNkIt62cZPtFqUr7BWUKMTj2.jpg</thumbnail>
  <fanart>
  </fanart>
</item>
<item>
  <title>Demons</title>
  <meta>
    <content>episode</content>
    <imdb>tt0118480</imdb>
    <tvshowtitle>  Stargate SG-1</tvshowtitle>
    <year>  1997</year>
    <title>Demons</title>
    <premiered>1999-08-14</premiered>
    <season>3</season>
    <episode>8</episode>
  </meta>
  <link>
    <sublink>search</sublink>
    <sublink>searchsd</sublink>
  </link>
  <thumbnail>https://image.tmdb.org/t/p/w1280//9ZeY7NGfjLP6pxuGIDyPFeszG0Z.jpg</thumbnail>
  <fanart>
  </fanart>
</item>
<item>
  <title>Rules of Engagement</title>
  <meta>
    <content>episode</content>
    <imdb>tt0118480</imdb>
    <tvshowtitle>  Stargate SG-1</tvshowtitle>
    <year>  1997</year>
    <title>Rules of Engagement</title>
    <premiered>1999-08-21</premiered>
    <season>3</season>
    <episode>9</episode>
  </meta>
  <link>
    <sublink>search</sublink>
    <sublink>searchsd</sublink>
  </link>
  <thumbnail>https://image.tmdb.org/t/p/w1280//4kDGXrwuu3xJW9qOUzGCgdVH0aD.jpg</thumbnail>
  <fanart>
  </fanart>
</item>
<item>
  <title>Forever in a Day</title>
  <meta>
    <content>episode</content>
    <imdb>tt0118480</imdb>
    <tvshowtitle>  Stargate SG-1</tvshowtitle>
    <year>  1997</year>
    <title>Forever in a Day</title>
    <premiered>1999-10-09</premiered>
    <season>3</season>
    <episode>10</episode>
  </meta>
  <link>
    <sublink>search</sublink>
    <sublink>searchsd</sublink>
  </link>
  <thumbnail>https://image.tmdb.org/t/p/w1280//bN8EaVif4WXv4FBkfLURkKujylp.jpg</thumbnail>
  <fanart>
  </fanart>
</item>
<item>
  <title>Past and Present</title>
  <meta>
    <content>episode</content>
    <imdb>tt0118480</imdb>
    <tvshowtitle>  Stargate SG-1</tvshowtitle>
    <year>  1997</year>
    <title>Past and Present</title>
    <premiered>1999-10-16</premiered>
    <season>3</season>
    <episode>11</episode>
  </meta>
  <link>
    <sublink>search</sublink>
    <sublink>searchsd</sublink>
  </link>
  <thumbnail>https://image.tmdb.org/t/p/w1280//6Y1KFIkdeKs3oQP3n79tbO4GTYQ.jpg</thumbnail>
  <fanart>
  </fanart>
</item>
<item>
  <title>Jolinar's Memories</title>
  <meta>
    <content>episode</content>
    <imdb>tt0118480</imdb>
    <tvshowtitle>  Stargate SG-1</tvshowtitle>
    <year>  1997</year>
    <title>Jolinar's Memories</title>
    <premiered>1999-10-23</premiered>
    <season>3</season>
    <episode>12</episode>
  </meta>
  <link>
    <sublink>search</sublink>
    <sublink>searchsd</sublink>
  </link>
  <thumbnail>https://image.tmdb.org/t/p/w1280//iGZwwE40IEJdmeuPbPMZt8p9LlZ.jpg</thumbnail>
  <fanart>
  </fanart>
</item>
<item>
  <title>The Devil You Know</title>
  <meta>
    <content>episode</content>
    <imdb>tt0118480</imdb>
    <tvshowtitle>  Stargate SG-1</tvshowtitle>
    <year>  1997</year>
    <title>The Devil You Know</title>
    <premiered>1999-10-30</premiered>
    <season>3</season>
    <episode>13</episode>
  </meta>
  <link>
    <sublink>search</sublink>
    <sublink>searchsd</sublink>
  </link>
  <thumbnail>https://image.tmdb.org/t/p/w1280//tGsqQCu9Yd21vmvo1Dtc0w9snnX.jpg</thumbnail>
  <fanart>
  </fanart>
</item>
<item>
  <title>Foothold</title>
  <meta>
    <content>episode</content>
    <imdb>tt0118480</imdb>
    <tvshowtitle>  Stargate SG-1</tvshowtitle>
    <year>  1997</year>
    <title>Foothold</title>
    <premiered>1999-11-06</premiered>
    <season>3</season>
    <episode>14</episode>
  </meta>
  <link>
    <sublink>search</sublink>
    <sublink>searchsd</sublink>
  </link>
  <thumbnail>https://image.tmdb.org/t/p/w1280//kephC80iLP5gj5bt9mvq0hHs8Fl.jpg</thumbnail>
  <fanart>
  </fanart>
</item>
<item>
  <title>Pretense</title>
  <meta>
    <content>episode</content>
    <imdb>tt0118480</imdb>
    <tvshowtitle>  Stargate SG-1</tvshowtitle>
    <year>  1997</year>
    <title>Pretense</title>
    <premiered>2000-01-22</premiered>
    <season>3</season>
    <episode>15</episode>
  </meta>
  <link>
    <sublink>search</sublink>
    <sublink>searchsd</sublink>
  </link>
  <thumbnail>https://image.tmdb.org/t/p/w1280//zm1vcjyMEOK2maWDubFlOTVn3HZ.jpg</thumbnail>
  <fanart>
  </fanart>
</item>
<item>
  <title>Urgo</title>
  <meta>
    <content>episode</content>
    <imdb>tt0118480</imdb>
    <tvshowtitle>  Stargate SG-1</tvshowtitle>
    <year>  1997</year>
    <title>Urgo</title>
    <premiered>2000-01-29</premiered>
    <season>3</season>
    <episode>16</episode>
  </meta>
  <link>
    <sublink>search</sublink>
    <sublink>searchsd</sublink>
  </link>
  <thumbnail>https://image.tmdb.org/t/p/w1280//euQ6j9vlwavbLyQ6NfDeOxPVE60.jpg</thumbnail>
  <fanart>
  </fanart>
</item>
<item>
  <title>A Hundred Days</title>
  <meta>
    <content>episode</content>
    <imdb>tt0118480</imdb>
    <tvshowtitle>  Stargate SG-1</tvshowtitle>
    <year>  1997</year>
    <title>A Hundred Days</title>
    <premiered>2000-02-05</premiered>
    <season>3</season>
    <episode>17</episode>
  </meta>
  <link>
    <sublink>search</sublink>
    <sublink>searchsd</sublink>
  </link>
  <thumbnail>https://image.tmdb.org/t/p/w1280//tDqBW9KFktVUPXTEWueEEFOWnXB.jpg</thumbnail>
  <fanart>
  </fanart>
</item>
<item>
  <title>Shades of Grey</title>
  <meta>
    <content>episode</content>
    <imdb>tt0118480</imdb>
    <tvshowtitle>  Stargate SG-1</tvshowtitle>
    <year>  1997</year>
    <title>Shades of Grey</title>
    <premiered>2000-02-12</premiered>
    <season>3</season>
    <episode>18</episode>
  </meta>
  <link>
    <sublink>search</sublink>
    <sublink>searchsd</sublink>
  </link>
  <thumbnail>https://image.tmdb.org/t/p/w1280//ns38BteocCw4pvWCMDjOgu8R9RO.jpg</thumbnail>
  <fanart>
  </fanart>
</item>
<item>
  <title>New Ground</title>
  <meta>
    <content>episode</content>
    <imdb>tt0118480</imdb>
    <tvshowtitle>  Stargate SG-1</tvshowtitle>
    <year>  1997</year>
    <title>New Ground</title>
    <premiered>2000-02-19</premiered>
    <season>3</season>
    <episode>19</episode>
  </meta>
  <link>
    <sublink>search</sublink>
    <sublink>searchsd</sublink>
  </link>
  <thumbnail>https://image.tmdb.org/t/p/w1280//5GHBMP2hukU9mzpSxve7OgSJtZt.jpg</thumbnail>
  <fanart>
  </fanart>
</item>
<item>
  <title>Maternal Instinct</title>
  <meta>
    <content>episode</content>
    <imdb>tt0118480</imdb>
    <tvshowtitle>  Stargate SG-1</tvshowtitle>
    <year>  1997</year>
    <title>Maternal Instinct</title>
    <premiered>2000-02-26</premiered>
    <season>3</season>
    <episode>20</episode>
  </meta>
  <link>
    <sublink>search</sublink>
    <sublink>searchsd</sublink>
  </link>
  <thumbnail>https://image.tmdb.org/t/p/w1280//jhvOFJFFQ6P3MhHtIkjxboXbGQ.jpg</thumbnail>
  <fanart>
  </fanart>
</item>
<item>
  <title>Crystal Skull</title>
  <meta>
    <content>episode</content>
    <imdb>tt0118480</imdb>
    <tvshowtitle>  Stargate SG-1</tvshowtitle>
    <year>  1997</year>
    <title>Crystal Skull</title>
    <premiered>2000-03-04</premiered>
    <season>3</season>
    <episode>21</episode>
  </meta>
  <link>
    <sublink>search</sublink>
    <sublink>searchsd</sublink>
  </link>
  <thumbnail>https://image.tmdb.org/t/p/w1280//mHbUKzV7y9CXeEJkOEPhFsYzWdL.jpg</thumbnail>
  <fanart>
  </fanart>
</item>
<item>
  <title>Nemesis (1)</title>
  <meta>
    <content>episode</content>
    <imdb>tt0118480</imdb>
    <tvshowtitle>  Stargate SG-1</tvshowtitle>
    <year>  1997</year>
    <title>Nemesis (1)</title>
    <premiered>2000-03-11</premiered>
    <season>3</season>
    <episode>22</episode>
  </meta>
  <link>
    <sublink>search</sublink>
    <sublink>searchsd</sublink>
  </link>
  <thumbnail>https://image.tmdb.org/t/p/w1280//vHETgc91FL5oDMl57nwqk6r976Z.jpg</thumbnail>
  <fanart>
  </fanart>
</item>