
<item>
  <title>The Serpent's Lair</title>
  <meta>
    <content>episode</content>
    <imdb>tt0118480</imdb>
    <tvshowtitle>  Stargate SG-1</tvshowtitle>
    <year>  1997</year>
    <title>The Serpent's Lair</title>
    <premiered>1998-06-27</premiered>
    <season>2</season>
    <episode>1</episode>
  </meta>
  <link>
    <sublink>search</sublink>
    <sublink>searchsd</sublink>
  </link>
  <thumbnail>https://image.tmdb.org/t/p/w1280//43JtHu2ssBOeKEeqKuIKwe8OPKH.jpg</thumbnail>
  <fanart>
  </fanart>
</item>
<item>
  <title>In the Line of Duty</title>
  <meta>
    <content>episode</content>
    <imdb>tt0118480</imdb>
    <tvshowtitle>  Stargate SG-1</tvshowtitle>
    <year>  1997</year>
    <title>In the Line of Duty</title>
    <premiered>1998-07-04</premiered>
    <season>2</season>
    <episode>2</episode>
  </meta>
  <link>
    <sublink>search</sublink>
    <sublink>searchsd</sublink>
  </link>
  <thumbnail>https://image.tmdb.org/t/p/w1280//3gVO8ulxGyqGxljSAZqDFHV3gq2.jpg</thumbnail>
  <fanart>
  </fanart>
</item>
<item>
  <title>Prisoners</title>
  <meta>
    <content>episode</content>
    <imdb>tt0118480</imdb>
    <tvshowtitle>  Stargate SG-1</tvshowtitle>
    <year>  1997</year>
    <title>Prisoners</title>
    <premiered>1998-07-11</premiered>
    <season>2</season>
    <episode>3</episode>
  </meta>
  <link>
    <sublink>search</sublink>
    <sublink>searchsd</sublink>
  </link>
  <thumbnail>https://image.tmdb.org/t/p/w1280//syosjYgWnz6xy6rSDjhNXwL2swg.jpg</thumbnail>
  <fanart>
  </fanart>
</item>
<item>
  <title>The Gamekeeper</title>
  <meta>
    <content>episode</content>
    <imdb>tt0118480</imdb>
    <tvshowtitle>  Stargate SG-1</tvshowtitle>
    <year>  1997</year>
    <title>The Gamekeeper</title>
    <premiered>1998-07-18</premiered>
    <season>2</season>
    <episode>4</episode>
  </meta>
  <link>
    <sublink>search</sublink>
    <sublink>searchsd</sublink>
  </link>
  <thumbnail>https://image.tmdb.org/t/p/w1280//1uUNSeEYE2D0NfqxdECoaeapSji.jpg</thumbnail>
  <fanart>
  </fanart>
</item>
<item>
  <title>Need</title>
  <meta>
    <content>episode</content>
    <imdb>tt0118480</imdb>
    <tvshowtitle>  Stargate SG-1</tvshowtitle>
    <year>  1997</year>
    <title>Need</title>
    <premiered>1998-07-25</premiered>
    <season>2</season>
    <episode>5</episode>
  </meta>
  <link>
    <sublink>search</sublink>
    <sublink>searchsd</sublink>
  </link>
  <thumbnail>https://image.tmdb.org/t/p/w1280//h08ZmBhfNr9g1qs7lemUsHNb8Ag.jpg</thumbnail>
  <fanart>
  </fanart>
</item>
<item>
  <title>Thor's Chariot</title>
  <meta>
    <content>episode</content>
    <imdb>tt0118480</imdb>
    <tvshowtitle>  Stargate SG-1</tvshowtitle>
    <year>  1997</year>
    <title>Thor's Chariot</title>
    <premiered>1998-08-01</premiered>
    <season>2</season>
    <episode>6</episode>
  </meta>
  <link>
    <sublink>search</sublink>
    <sublink>searchsd</sublink>
  </link>
  <thumbnail>https://image.tmdb.org/t/p/w1280//dozxcOSwECUWIQYswtlCr6dRXaK.jpg</thumbnail>
  <fanart>
  </fanart>
</item>
<item>
  <title>Message in a Bottle</title>
  <meta>
    <content>episode</content>
    <imdb>tt0118480</imdb>
    <tvshowtitle>  Stargate SG-1</tvshowtitle>
    <year>  1997</year>
    <title>Message in a Bottle</title>
    <premiered>1998-08-08</premiered>
    <season>2</season>
    <episode>7</episode>
  </meta>
  <link>
    <sublink>search</sublink>
    <sublink>searchsd</sublink>
  </link>
  <thumbnail>https://image.tmdb.org/t/p/w1280//87K5WVZdIUnAVXoqI1YuyVIScz5.jpg</thumbnail>
  <fanart>
  </fanart>
</item>
<item>
  <title>Family</title>
  <meta>
    <content>episode</content>
    <imdb>tt0118480</imdb>
    <tvshowtitle>  Stargate SG-1</tvshowtitle>
    <year>  1997</year>
    <title>Family</title>
    <premiered>1998-08-15</premiered>
    <season>2</season>
    <episode>8</episode>
  </meta>
  <link>
    <sublink>search</sublink>
    <sublink>searchsd</sublink>
  </link>
  <thumbnail>https://image.tmdb.org/t/p/w1280//jdWYXxCoOOURI51qvN7FoKHW8KF.jpg</thumbnail>
  <fanart>
  </fanart>
</item>
<item>
  <title>Secrets</title>
  <meta>
    <content>episode</content>
    <imdb>tt0118480</imdb>
    <tvshowtitle>  Stargate SG-1</tvshowtitle>
    <year>  1997</year>
    <title>Secrets</title>
    <premiered>1998-08-22</premiered>
    <season>2</season>
    <episode>9</episode>
  </meta>
  <link>
    <sublink>search</sublink>
    <sublink>searchsd</sublink>
  </link>
  <thumbnail>https://image.tmdb.org/t/p/w1280//7XDqKwTM3uXQ0UYDGWhBR13oYle.jpg</thumbnail>
  <fanart>
  </fanart>
</item>
<item>
  <title>Bane</title>
  <meta>
    <content>episode</content>
    <imdb>tt0118480</imdb>
    <tvshowtitle>  Stargate SG-1</tvshowtitle>
    <year>  1997</year>
    <title>Bane</title>
    <premiered>1998-09-26</premiered>
    <season>2</season>
    <episode>10</episode>
  </meta>
  <link>
    <sublink>search</sublink>
    <sublink>searchsd</sublink>
  </link>
  <thumbnail>https://image.tmdb.org/t/p/w1280//jSa66Wk4aEqw8AxsCUXV594INIj.jpg</thumbnail>
  <fanart>
  </fanart>
</item>
<item>
  <title>The Tok'ra (1)</title>
  <meta>
    <content>episode</content>
    <imdb>tt0118480</imdb>
    <tvshowtitle>  Stargate SG-1</tvshowtitle>
    <year>  1997</year>
    <title>The Tok'ra (1)</title>
    <premiered>1998-10-03</premiered>
    <season>2</season>
    <episode>11</episode>
  </meta>
  <link>
    <sublink>search</sublink>
    <sublink>searchsd</sublink>
  </link>
  <thumbnail>https://image.tmdb.org/t/p/w1280//lLXFD32hf9Tn1eoWIXJj7DvtDz.jpg</thumbnail>
  <fanart>
  </fanart>
</item>
<item>
  <title>The Tok'ra (2)</title>
  <meta>
    <content>episode</content>
    <imdb>tt0118480</imdb>
    <tvshowtitle>  Stargate SG-1</tvshowtitle>
    <year>  1997</year>
    <title>The Tok'ra (2)</title>
    <premiered>1998-10-10</premiered>
    <season>2</season>
    <episode>12</episode>
  </meta>
  <link>
    <sublink>search</sublink>
    <sublink>searchsd</sublink>
  </link>
  <thumbnail>https://image.tmdb.org/t/p/w1280//hIC1akKkd8co0x8GuZEdihF9PB9.jpg</thumbnail>
  <fanart>
  </fanart>
</item>
<item>
  <title>Spirits</title>
  <meta>
    <content>episode</content>
    <imdb>tt0118480</imdb>
    <tvshowtitle>  Stargate SG-1</tvshowtitle>
    <year>  1997</year>
    <title>Spirits</title>
    <premiered>1998-10-24</premiered>
    <season>2</season>
    <episode>13</episode>
  </meta>
  <link>
    <sublink>search</sublink>
    <sublink>searchsd</sublink>
  </link>
  <thumbnail>https://image.tmdb.org/t/p/w1280//93pEjRLPn0Wd1uOKqAfdp7uFGxp.jpg</thumbnail>
  <fanart>
  </fanart>
</item>
<item>
  <title>Touchstone</title>
  <meta>
    <content>episode</content>
    <imdb>tt0118480</imdb>
    <tvshowtitle>  Stargate SG-1</tvshowtitle>
    <year>  1997</year>
    <title>Touchstone</title>
    <premiered>1998-10-31</premiered>
    <season>2</season>
    <episode>14</episode>
  </meta>
  <link>
    <sublink>search</sublink>
    <sublink>searchsd</sublink>
  </link>
  <thumbnail>https://image.tmdb.org/t/p/w1280//8HW8gWqtO9Z1gH9BQhU8cDwwWjr.jpg</thumbnail>
  <fanart>
  </fanart>
</item>
<item>
  <title>The Fifth Race</title>
  <meta>
    <content>episode</content>
    <imdb>tt0118480</imdb>
    <tvshowtitle>  Stargate SG-1</tvshowtitle>
    <year>  1997</year>
    <title>The Fifth Race</title>
    <premiered>1999-01-23</premiered>
    <season>2</season>
    <episode>15</episode>
  </meta>
  <link>
    <sublink>search</sublink>
    <sublink>searchsd</sublink>
  </link>
  <thumbnail>https://image.tmdb.org/t/p/w1280//iFIJ0vW0kTGzZpDloyqPdhSFSP2.jpg</thumbnail>
  <fanart>
  </fanart>
</item>
<item>
  <title>A Matter of Time</title>
  <meta>
    <content>episode</content>
    <imdb>tt0118480</imdb>
    <tvshowtitle>  Stargate SG-1</tvshowtitle>
    <year>  1997</year>
    <title>A Matter of Time</title>
    <premiered>1999-01-30</premiered>
    <season>2</season>
    <episode>16</episode>
  </meta>
  <link>
    <sublink>search</sublink>
    <sublink>searchsd</sublink>
  </link>
  <thumbnail>https://image.tmdb.org/t/p/w1280//59uteGoxYp6vRGcnQZI5VkUU3ng.jpg</thumbnail>
  <fanart>
  </fanart>
</item>
<item>
  <title>Holiday</title>
  <meta>
    <content>episode</content>
    <imdb>tt0118480</imdb>
    <tvshowtitle>  Stargate SG-1</tvshowtitle>
    <year>  1997</year>
    <title>Holiday</title>
    <premiered>1999-02-06</premiered>
    <season>2</season>
    <episode>17</episode>
  </meta>
  <link>
    <sublink>search</sublink>
    <sublink>searchsd</sublink>
  </link>
  <thumbnail>https://image.tmdb.org/t/p/w1280//8fb2OEu2A0oboINtQAYMv0MgMYr.jpg</thumbnail>
  <fanart>
  </fanart>
</item>
<item>
  <title>Serpent's Song</title>
  <meta>
    <content>episode</content>
    <imdb>tt0118480</imdb>
    <tvshowtitle>  Stargate SG-1</tvshowtitle>
    <year>  1997</year>
    <title>Serpent's Song</title>
    <premiered>1999-02-13</premiered>
    <season>2</season>
    <episode>18</episode>
  </meta>
  <link>
    <sublink>search</sublink>
    <sublink>searchsd</sublink>
  </link>
  <thumbnail>https://image.tmdb.org/t/p/w1280//yAYL9Fwz2pmUjNIofwbQDU3G1ik.jpg</thumbnail>
  <fanart>
  </fanart>
</item>
<item>
  <title>One False Step</title>
  <meta>
    <content>episode</content>
    <imdb>tt0118480</imdb>
    <tvshowtitle>  Stargate SG-1</tvshowtitle>
    <year>  1997</year>
    <title>One False Step</title>
    <premiered>1999-02-20</premiered>
    <season>2</season>
    <episode>19</episode>
  </meta>
  <link>
    <sublink>search</sublink>
    <sublink>searchsd</sublink>
  </link>
  <thumbnail>https://image.tmdb.org/t/p/w1280//dZgjPQJenBD5UVD0QigVU91HOqg.jpg</thumbnail>
  <fanart>
  </fanart>
</item>
<item>
  <title>Show and Tell</title>
  <meta>
    <content>episode</content>
    <imdb>tt0118480</imdb>
    <tvshowtitle>  Stargate SG-1</tvshowtitle>
    <year>  1997</year>
    <title>Show and Tell</title>
    <premiered>1999-02-27</premiered>
    <season>2</season>
    <episode>20</episode>
  </meta>
  <link>
    <sublink>search</sublink>
    <sublink>searchsd</sublink>
  </link>
  <thumbnail>https://image.tmdb.org/t/p/w1280//a6XFS1lkaZJ3f9QYrOrZwOoK0tU.jpg</thumbnail>
  <fanart>
  </fanart>
</item>
<item>
  <title>1969</title>
  <meta>
    <content>episode</content>
    <imdb>tt0118480</imdb>
    <tvshowtitle>  Stargate SG-1</tvshowtitle>
    <year>  1997</year>
    <title>1969</title>
    <premiered>1999-03-06</premiered>
    <season>2</season>
    <episode>21</episode>
  </meta>
  <link>
    <sublink>search</sublink>
    <sublink>searchsd</sublink>
  </link>
  <thumbnail>https://image.tmdb.org/t/p/w1280//s4TaTREXRzNOpEZ3tuBRd16UlzM.jpg</thumbnail>
  <fanart>
  </fanart>
</item>
<item>
  <title>Out of Mind</title>
  <meta>
    <content>episode</content>
    <imdb>tt0118480</imdb>
    <tvshowtitle>  Stargate SG-1</tvshowtitle>
    <year>  1997</year>
    <title>Out of Mind</title>
    <premiered>1999-03-13</premiered>
    <season>2</season>
    <episode>22</episode>
  </meta>
  <link>
    <sublink>search</sublink>
    <sublink>searchsd</sublink>
  </link>
  <thumbnail>https://image.tmdb.org/t/p/w1280//76awRrPocVmUaIHbyxeTLSqrmpY.jpg</thumbnail>
  <fanart>
  </fanart>
</item>