
<item>
  <title>Flesh and Blood</title>
  <meta>
    <content>episode</content>
    <imdb>tt0118480</imdb>
    <tvshowtitle>  Stargate SG-1</tvshowtitle>
    <year>  1997</year>
    <title>Flesh and Blood</title>
    <premiered>2006-07-15</premiered>
    <season>10</season>
    <episode>1</episode>
  </meta>
  <link>
    <sublink>search</sublink>
    <sublink>searchsd</sublink>
  </link>
  <thumbnail>https://image.tmdb.org/t/p/w1280//dFWrJZ6izIWmG7nDgyJlVVYjlci.jpg</thumbnail>
  <fanart>
  </fanart>
</item>
<item>
  <title>Morpheus</title>
  <meta>
    <content>episode</content>
    <imdb>tt0118480</imdb>
    <tvshowtitle>  Stargate SG-1</tvshowtitle>
    <year>  1997</year>
    <title>Morpheus</title>
    <premiered>2006-07-22</premiered>
    <season>10</season>
    <episode>2</episode>
  </meta>
  <link>
    <sublink>search</sublink>
    <sublink>searchsd</sublink>
  </link>
  <thumbnail>https://image.tmdb.org/t/p/w1280//nlkHKxwP3aMVGd3ALwkfpOuzxBL.jpg</thumbnail>
  <fanart>
  </fanart>
</item>
<item>
  <title>The Pegasus Project</title>
  <meta>
    <content>episode</content>
    <imdb>tt0118480</imdb>
    <tvshowtitle>  Stargate SG-1</tvshowtitle>
    <year>  1997</year>
    <title>The Pegasus Project</title>
    <premiered>2006-07-29</premiered>
    <season>10</season>
    <episode>3</episode>
  </meta>
  <link>
    <sublink>search</sublink>
    <sublink>searchsd</sublink>
  </link>
  <thumbnail>https://image.tmdb.org/t/p/w1280//mRaAWqMqhGiRycxJHy7ldmTwlNu.jpg</thumbnail>
  <fanart>
  </fanart>
</item>
<item>
  <title>Insiders</title>
  <meta>
    <content>episode</content>
    <imdb>tt0118480</imdb>
    <tvshowtitle>  Stargate SG-1</tvshowtitle>
    <year>  1997</year>
    <title>Insiders</title>
    <premiered>2006-08-05</premiered>
    <season>10</season>
    <episode>4</episode>
  </meta>
  <link>
    <sublink>search</sublink>
    <sublink>searchsd</sublink>
  </link>
  <thumbnail>https://image.tmdb.org/t/p/w1280//kBZXGubf9yM7EEodrvru3obluu3.jpg</thumbnail>
  <fanart>
  </fanart>
</item>
<item>
  <title>Uninvited</title>
  <meta>
    <content>episode</content>
    <imdb>tt0118480</imdb>
    <tvshowtitle>  Stargate SG-1</tvshowtitle>
    <year>  1997</year>
    <title>Uninvited</title>
    <premiered>2006-08-12</premiered>
    <season>10</season>
    <episode>5</episode>
  </meta>
  <link>
    <sublink>search</sublink>
    <sublink>searchsd</sublink>
  </link>
  <thumbnail>https://image.tmdb.org/t/p/w1280//m2auTEASlqBVosY5FBkK83f3PjT.jpg</thumbnail>
  <fanart>
  </fanart>
</item>
<item>
  <title>200</title>
  <meta>
    <content>episode</content>
    <imdb>tt0118480</imdb>
    <tvshowtitle>  Stargate SG-1</tvshowtitle>
    <year>  1997</year>
    <title>200</title>
    <premiered>2006-08-19</premiered>
    <season>10</season>
    <episode>6</episode>
  </meta>
  <link>
    <sublink>search</sublink>
    <sublink>searchsd</sublink>
  </link>
  <thumbnail>https://image.tmdb.org/t/p/w1280//mp3ajEmr7edsRJkndBXSDYegxNK.jpg</thumbnail>
  <fanart>
  </fanart>
</item>
<item>
  <title>Counterstrike</title>
  <meta>
    <content>episode</content>
    <imdb>tt0118480</imdb>
    <tvshowtitle>  Stargate SG-1</tvshowtitle>
    <year>  1997</year>
    <title>Counterstrike</title>
    <premiered>2006-08-26</premiered>
    <season>10</season>
    <episode>7</episode>
  </meta>
  <link>
    <sublink>search</sublink>
    <sublink>searchsd</sublink>
  </link>
  <thumbnail>https://image.tmdb.org/t/p/w1280//ejRLlm1rCaNKx4ELSB4JPM3Fbty.jpg</thumbnail>
  <fanart>
  </fanart>
</item>
<item>
  <title>Memento Mori</title>
  <meta>
    <content>episode</content>
    <imdb>tt0118480</imdb>
    <tvshowtitle>  Stargate SG-1</tvshowtitle>
    <year>  1997</year>
    <title>Memento Mori</title>
    <premiered>2006-09-09</premiered>
    <season>10</season>
    <episode>8</episode>
  </meta>
  <link>
    <sublink>search</sublink>
    <sublink>searchsd</sublink>
  </link>
  <thumbnail>https://image.tmdb.org/t/p/w1280//6QAb19Pu5bQvisdQlVua0r5bsIh.jpg</thumbnail>
  <fanart>
  </fanart>
</item>
<item>
  <title>Company of Thieves</title>
  <meta>
    <content>episode</content>
    <imdb>tt0118480</imdb>
    <tvshowtitle>  Stargate SG-1</tvshowtitle>
    <year>  1997</year>
    <title>Company of Thieves</title>
    <premiered>2006-09-16</premiered>
    <season>10</season>
    <episode>9</episode>
  </meta>
  <link>
    <sublink>search</sublink>
    <sublink>searchsd</sublink>
  </link>
  <thumbnail>https://image.tmdb.org/t/p/w1280//tabS44SczDWYm7EAuzg7I5gRMsl.jpg</thumbnail>
  <fanart>
  </fanart>
</item>
<item>
  <title>Quest (1)</title>
  <meta>
    <content>episode</content>
    <imdb>tt0118480</imdb>
    <tvshowtitle>  Stargate SG-1</tvshowtitle>
    <year>  1997</year>
    <title>Quest (1)</title>
    <premiered>2006-09-23</premiered>
    <season>10</season>
    <episode>10</episode>
  </meta>
  <link>
    <sublink>search</sublink>
    <sublink>searchsd</sublink>
  </link>
  <thumbnail>https://image.tmdb.org/t/p/w1280//evZr4hoh6BBO7mcTLB1xc86QDUK.jpg</thumbnail>
  <fanart>
  </fanart>
</item>
<item>
  <title>Quest (2)</title>
  <meta>
    <content>episode</content>
    <imdb>tt0118480</imdb>
    <tvshowtitle>  Stargate SG-1</tvshowtitle>
    <year>  1997</year>
    <title>Quest (2)</title>
    <premiered>2007-04-14</premiered>
    <season>10</season>
    <episode>11</episode>
  </meta>
  <link>
    <sublink>search</sublink>
    <sublink>searchsd</sublink>
  </link>
  <thumbnail>https://image.tmdb.org/t/p/w1280//tcZ34cftmTRkbcudKfNBhgzqutS.jpg</thumbnail>
  <fanart>
  </fanart>
</item>
<item>
  <title>Line in the Sand</title>
  <meta>
    <content>episode</content>
    <imdb>tt0118480</imdb>
    <tvshowtitle>  Stargate SG-1</tvshowtitle>
    <year>  1997</year>
    <title>Line in the Sand</title>
    <premiered>2007-04-21</premiered>
    <season>10</season>
    <episode>12</episode>
  </meta>
  <link>
    <sublink>search</sublink>
    <sublink>searchsd</sublink>
  </link>
  <thumbnail>https://image.tmdb.org/t/p/w1280//6UzRnoSRfbfEDaLCOKv5k3IbOhE.jpg</thumbnail>
  <fanart>
  </fanart>
</item>
<item>
  <title>The Road Not Taken</title>
  <meta>
    <content>episode</content>
    <imdb>tt0118480</imdb>
    <tvshowtitle>  Stargate SG-1</tvshowtitle>
    <year>  1997</year>
    <title>The Road Not Taken</title>
    <premiered>2007-04-28</premiered>
    <season>10</season>
    <episode>13</episode>
  </meta>
  <link>
    <sublink>search</sublink>
    <sublink>searchsd</sublink>
  </link>
  <thumbnail>https://image.tmdb.org/t/p/w1280//ufJnKgief1JgQMYQ3Ry7G5I0GDJ.jpg</thumbnail>
  <fanart>
  </fanart>
</item>
<item>
  <title>The Shroud</title>
  <meta>
    <content>episode</content>
    <imdb>tt0118480</imdb>
    <tvshowtitle>  Stargate SG-1</tvshowtitle>
    <year>  1997</year>
    <title>The Shroud</title>
    <premiered>2007-05-05</premiered>
    <season>10</season>
    <episode>14</episode>
  </meta>
  <link>
    <sublink>search</sublink>
    <sublink>searchsd</sublink>
  </link>
  <thumbnail>https://image.tmdb.org/t/p/w1280//7uldOJ4SdLYKdieQVdpaIFvtLoR.jpg</thumbnail>
  <fanart>
  </fanart>
</item>
<item>
  <title>Bounty</title>
  <meta>
    <content>episode</content>
    <imdb>tt0118480</imdb>
    <tvshowtitle>  Stargate SG-1</tvshowtitle>
    <year>  1997</year>
    <title>Bounty</title>
    <premiered>2007-05-12</premiered>
    <season>10</season>
    <episode>15</episode>
  </meta>
  <link>
    <sublink>search</sublink>
    <sublink>searchsd</sublink>
  </link>
  <thumbnail>https://image.tmdb.org/t/p/w1280//jJhpEeoWJezEpuV7abZYUZ3vJPu.jpg</thumbnail>
  <fanart>
  </fanart>
</item>
<item>
  <title>Bad Guys</title>
  <meta>
    <content>episode</content>
    <imdb>tt0118480</imdb>
    <tvshowtitle>  Stargate SG-1</tvshowtitle>
    <year>  1997</year>
    <title>Bad Guys</title>
    <premiered>2007-05-19</premiered>
    <season>10</season>
    <episode>16</episode>
  </meta>
  <link>
    <sublink>search</sublink>
    <sublink>searchsd</sublink>
  </link>
  <thumbnail>https://image.tmdb.org/t/p/w1280//vNYTK6hlpVoXn3ApEKm2NUVrCL4.jpg</thumbnail>
  <fanart>
  </fanart>
</item>
<item>
  <title>Talion</title>
  <meta>
    <content>episode</content>
    <imdb>tt0118480</imdb>
    <tvshowtitle>  Stargate SG-1</tvshowtitle>
    <year>  1997</year>
    <title>Talion</title>
    <premiered>2007-06-02</premiered>
    <season>10</season>
    <episode>17</episode>
  </meta>
  <link>
    <sublink>search</sublink>
    <sublink>searchsd</sublink>
  </link>
  <thumbnail>https://image.tmdb.org/t/p/w1280//pPjBnGzf0Mr2vnOJ6VUNyHzAbq2.jpg</thumbnail>
  <fanart>
  </fanart>
</item>
<item>
  <title>Family Ties</title>
  <meta>
    <content>episode</content>
    <imdb>tt0118480</imdb>
    <tvshowtitle>  Stargate SG-1</tvshowtitle>
    <year>  1997</year>
    <title>Family Ties</title>
    <premiered>2007-06-09</premiered>
    <season>10</season>
    <episode>18</episode>
  </meta>
  <link>
    <sublink>search</sublink>
    <sublink>searchsd</sublink>
  </link>
  <thumbnail>https://image.tmdb.org/t/p/w1280//l3q1Q6gk9ZzhoEszvL4aACOfxT2.jpg</thumbnail>
  <fanart>
  </fanart>
</item>
<item>
  <title>Dominion</title>
  <meta>
    <content>episode</content>
    <imdb>tt0118480</imdb>
    <tvshowtitle>  Stargate SG-1</tvshowtitle>
    <year>  1997</year>
    <title>Dominion</title>
    <premiered>2007-06-16</premiered>
    <season>10</season>
    <episode>19</episode>
  </meta>
  <link>
    <sublink>search</sublink>
    <sublink>searchsd</sublink>
  </link>
  <thumbnail>https://image.tmdb.org/t/p/w1280//sYDZVjWOjOJ6Dz3qtmKNBf6iTaD.jpg</thumbnail>
  <fanart>
  </fanart>
</item>
<item>
  <title>Unending</title>
  <meta>
    <content>episode</content>
    <imdb>tt0118480</imdb>
    <tvshowtitle>  Stargate SG-1</tvshowtitle>
    <year>  1997</year>
    <title>Unending</title>
    <premiered>2007-06-23</premiered>
    <season>10</season>
    <episode>20</episode>
  </meta>
  <link>
    <sublink>search</sublink>
    <sublink>searchsd</sublink>
  </link>
  <thumbnail>https://image.tmdb.org/t/p/w1280//xVhrDy0BpjfrKOvIzHysnSnIlaI.jpg</thumbnail>
  <fanart>
  </fanart>
</item>