
<item>
  <title>Enemies (2)</title>
  <meta>
    <content>episode</content>
    <imdb>tt0118480</imdb>
    <tvshowtitle>  Stargate SG-1</tvshowtitle>
    <year>  1997</year>
    <title>Enemies (2)</title>
    <premiered>2001-06-30</premiered>
    <season>5</season>
    <episode>1</episode>
  </meta>
  <link>
    <sublink>search</sublink>
    <sublink>searchsd</sublink>
  </link>
  <thumbnail>https://image.tmdb.org/t/p/w1280//ec2GN09XGmbK8hvcxyr9GdiDtio.jpg</thumbnail>
  <fanart>
  </fanart>
</item>
<item>
  <title>Threshold (3)</title>
  <meta>
    <content>episode</content>
    <imdb>tt0118480</imdb>
    <tvshowtitle>  Stargate SG-1</tvshowtitle>
    <year>  1997</year>
    <title>Threshold (3)</title>
    <premiered>2001-07-07</premiered>
    <season>5</season>
    <episode>2</episode>
  </meta>
  <link>
    <sublink>search</sublink>
    <sublink>searchsd</sublink>
  </link>
  <thumbnail>https://image.tmdb.org/t/p/w1280//u2JlFXj8Hkl916Y1KGTpcRHLGp8.jpg</thumbnail>
  <fanart>
  </fanart>
</item>
<item>
  <title>Ascension</title>
  <meta>
    <content>episode</content>
    <imdb>tt0118480</imdb>
    <tvshowtitle>  Stargate SG-1</tvshowtitle>
    <year>  1997</year>
    <title>Ascension</title>
    <premiered>2001-07-14</premiered>
    <season>5</season>
    <episode>3</episode>
  </meta>
  <link>
    <sublink>search</sublink>
    <sublink>searchsd</sublink>
  </link>
  <thumbnail>https://image.tmdb.org/t/p/w1280//vrRtiX1YKxh1ZHNrgUtdhaYu0uv.jpg</thumbnail>
  <fanart>
  </fanart>
</item>
<item>
  <title>The Fifth Man</title>
  <meta>
    <content>episode</content>
    <imdb>tt0118480</imdb>
    <tvshowtitle>  Stargate SG-1</tvshowtitle>
    <year>  1997</year>
    <title>The Fifth Man</title>
    <premiered>2001-07-21</premiered>
    <season>5</season>
    <episode>4</episode>
  </meta>
  <link>
    <sublink>search</sublink>
    <sublink>searchsd</sublink>
  </link>
  <thumbnail>https://image.tmdb.org/t/p/w1280//5jlE5QAlOXtw7mtZfAxlw48ywvj.jpg</thumbnail>
  <fanart>
  </fanart>
</item>
<item>
  <title>Red Sky</title>
  <meta>
    <content>episode</content>
    <imdb>tt0118480</imdb>
    <tvshowtitle>  Stargate SG-1</tvshowtitle>
    <year>  1997</year>
    <title>Red Sky</title>
    <premiered>2001-07-28</premiered>
    <season>5</season>
    <episode>5</episode>
  </meta>
  <link>
    <sublink>search</sublink>
    <sublink>searchsd</sublink>
  </link>
  <thumbnail>https://image.tmdb.org/t/p/w1280//th0q0zIXszZjafD279UmFcekwE0.jpg</thumbnail>
  <fanart>
  </fanart>
</item>
<item>
  <title>Rite of Passage</title>
  <meta>
    <content>episode</content>
    <imdb>tt0118480</imdb>
    <tvshowtitle>  Stargate SG-1</tvshowtitle>
    <year>  1997</year>
    <title>Rite of Passage</title>
    <premiered>2001-08-04</premiered>
    <season>5</season>
    <episode>6</episode>
  </meta>
  <link>
    <sublink>search</sublink>
    <sublink>searchsd</sublink>
  </link>
  <thumbnail>https://image.tmdb.org/t/p/w1280//fGqWfIMDgOkHHYbz5LIc3OAK5ZI.jpg</thumbnail>
  <fanart>
  </fanart>
</item>
<item>
  <title>Beast of Burden</title>
  <meta>
    <content>episode</content>
    <imdb>tt0118480</imdb>
    <tvshowtitle>  Stargate SG-1</tvshowtitle>
    <year>  1997</year>
    <title>Beast of Burden</title>
    <premiered>2001-08-11</premiered>
    <season>5</season>
    <episode>7</episode>
  </meta>
  <link>
    <sublink>search</sublink>
    <sublink>searchsd</sublink>
  </link>
  <thumbnail>https://image.tmdb.org/t/p/w1280//AjzaJMJT5UkkIRupaxr2TErbJp5.jpg</thumbnail>
  <fanart>
  </fanart>
</item>
<item>
  <title>The Tomb</title>
  <meta>
    <content>episode</content>
    <imdb>tt0118480</imdb>
    <tvshowtitle>  Stargate SG-1</tvshowtitle>
    <year>  1997</year>
    <title>The Tomb</title>
    <premiered>2001-08-18</premiered>
    <season>5</season>
    <episode>8</episode>
  </meta>
  <link>
    <sublink>search</sublink>
    <sublink>searchsd</sublink>
  </link>
  <thumbnail>https://image.tmdb.org/t/p/w1280//pq5VLoQMr00Hp9HChmnmWlpQS7L.jpg</thumbnail>
  <fanart>
  </fanart>
</item>
<item>
  <title>Between Two Fires</title>
  <meta>
    <content>episode</content>
    <imdb>tt0118480</imdb>
    <tvshowtitle>  Stargate SG-1</tvshowtitle>
    <year>  1997</year>
    <title>Between Two Fires</title>
    <premiered>2001-08-25</premiered>
    <season>5</season>
    <episode>9</episode>
  </meta>
  <link>
    <sublink>search</sublink>
    <sublink>searchsd</sublink>
  </link>
  <thumbnail>https://image.tmdb.org/t/p/w1280//cFjCYxrmbZVBkGfXaG4N3tHYG5e.jpg</thumbnail>
  <fanart>
  </fanart>
</item>
<item>
  <title>2001</title>
  <meta>
    <content>episode</content>
    <imdb>tt0118480</imdb>
    <tvshowtitle>  Stargate SG-1</tvshowtitle>
    <year>  1997</year>
    <title>2001</title>
    <premiered>2001-09-01</premiered>
    <season>5</season>
    <episode>10</episode>
  </meta>
  <link>
    <sublink>search</sublink>
    <sublink>searchsd</sublink>
  </link>
  <thumbnail>https://image.tmdb.org/t/p/w1280//1xWY2YZX0KR58p0vrIoDGH4OlZ9.jpg</thumbnail>
  <fanart>
  </fanart>
</item>
<item>
  <title>Desperate Measures</title>
  <meta>
    <content>episode</content>
    <imdb>tt0118480</imdb>
    <tvshowtitle>  Stargate SG-1</tvshowtitle>
    <year>  1997</year>
    <title>Desperate Measures</title>
    <premiered>2001-09-08</premiered>
    <season>5</season>
    <episode>11</episode>
  </meta>
  <link>
    <sublink>search</sublink>
    <sublink>searchsd</sublink>
  </link>
  <thumbnail>https://image.tmdb.org/t/p/w1280//avDOehpdTfkXP4xaILt5tx3QqRq.jpg</thumbnail>
  <fanart>
  </fanart>
</item>
<item>
  <title>Wormhole X-Treme!</title>
  <meta>
    <content>episode</content>
    <imdb>tt0118480</imdb>
    <tvshowtitle>  Stargate SG-1</tvshowtitle>
    <year>  1997</year>
    <title>Wormhole X-Treme!</title>
    <premiered>2001-09-09</premiered>
    <season>5</season>
    <episode>12</episode>
  </meta>
  <link>
    <sublink>search</sublink>
    <sublink>searchsd</sublink>
  </link>
  <thumbnail>https://image.tmdb.org/t/p/w1280//tzcT2CdfjFdp0LTkJhLwtgdfKeP.jpg</thumbnail>
  <fanart>
  </fanart>
</item>
<item>
  <title>Proving Ground</title>
  <meta>
    <content>episode</content>
    <imdb>tt0118480</imdb>
    <tvshowtitle>  Stargate SG-1</tvshowtitle>
    <year>  1997</year>
    <title>Proving Ground</title>
    <premiered>2002-03-09</premiered>
    <season>5</season>
    <episode>13</episode>
  </meta>
  <link>
    <sublink>search</sublink>
    <sublink>searchsd</sublink>
  </link>
  <thumbnail>https://image.tmdb.org/t/p/w1280//pPJGvYF6sScwFVVjfCRA9ZukqKe.jpg</thumbnail>
  <fanart>
  </fanart>
</item>
<item>
  <title>48 Hours</title>
  <meta>
    <content>episode</content>
    <imdb>tt0118480</imdb>
    <tvshowtitle>  Stargate SG-1</tvshowtitle>
    <year>  1997</year>
    <title>48 Hours</title>
    <premiered>2002-03-16</premiered>
    <season>5</season>
    <episode>14</episode>
  </meta>
  <link>
    <sublink>search</sublink>
    <sublink>searchsd</sublink>
  </link>
  <thumbnail>https://image.tmdb.org/t/p/w1280//iybjLcNbQ2Xm0V6NdkJlMTNvUO5.jpg</thumbnail>
  <fanart>
  </fanart>
</item>
<item>
  <title>Summit (1)</title>
  <meta>
    <content>episode</content>
    <imdb>tt0118480</imdb>
    <tvshowtitle>  Stargate SG-1</tvshowtitle>
    <year>  1997</year>
    <title>Summit (1)</title>
    <premiered>2002-03-23</premiered>
    <season>5</season>
    <episode>15</episode>
  </meta>
  <link>
    <sublink>search</sublink>
    <sublink>searchsd</sublink>
  </link>
  <thumbnail>https://image.tmdb.org/t/p/w1280//9hbaQU5scSMYQ3OE9vP2QZ5Gzs5.jpg</thumbnail>
  <fanart>
  </fanart>
</item>
<item>
  <title>Last Stand (2)</title>
  <meta>
    <content>episode</content>
    <imdb>tt0118480</imdb>
    <tvshowtitle>  Stargate SG-1</tvshowtitle>
    <year>  1997</year>
    <title>Last Stand (2)</title>
    <premiered>2002-03-30</premiered>
    <season>5</season>
    <episode>16</episode>
  </meta>
  <link>
    <sublink>search</sublink>
    <sublink>searchsd</sublink>
  </link>
  <thumbnail>https://image.tmdb.org/t/p/w1280//tMYyJ5Zm6gwz9caCJBmHU3JPhzC.jpg</thumbnail>
  <fanart>
  </fanart>
</item>
<item>
  <title>Fail Safe</title>
  <meta>
    <content>episode</content>
    <imdb>tt0118480</imdb>
    <tvshowtitle>  Stargate SG-1</tvshowtitle>
    <year>  1997</year>
    <title>Fail Safe</title>
    <premiered>2002-04-06</premiered>
    <season>5</season>
    <episode>17</episode>
  </meta>
  <link>
    <sublink>search</sublink>
    <sublink>searchsd</sublink>
  </link>
  <thumbnail>https://image.tmdb.org/t/p/w1280//8hUYayij7XAd29Szs6xUAaaZSXy.jpg</thumbnail>
  <fanart>
  </fanart>
</item>
<item>
  <title>The Warrior</title>
  <meta>
    <content>episode</content>
    <imdb>tt0118480</imdb>
    <tvshowtitle>  Stargate SG-1</tvshowtitle>
    <year>  1997</year>
    <title>The Warrior</title>
    <premiered>2002-04-13</premiered>
    <season>5</season>
    <episode>18</episode>
  </meta>
  <link>
    <sublink>search</sublink>
    <sublink>searchsd</sublink>
  </link>
  <thumbnail>https://image.tmdb.org/t/p/w1280//leXL8dPwjBl6a4jX51dPSavHh9h.jpg</thumbnail>
  <fanart>
  </fanart>
</item>
<item>
  <title>Menace</title>
  <meta>
    <content>episode</content>
    <imdb>tt0118480</imdb>
    <tvshowtitle>  Stargate SG-1</tvshowtitle>
    <year>  1997</year>
    <title>Menace</title>
    <premiered>2002-04-27</premiered>
    <season>5</season>
    <episode>19</episode>
  </meta>
  <link>
    <sublink>search</sublink>
    <sublink>searchsd</sublink>
  </link>
  <thumbnail>https://image.tmdb.org/t/p/w1280//gKB88qgqW04nCx3nUVWxrVfyT2w.jpg</thumbnail>
  <fanart>
  </fanart>
</item>
<item>
  <title>The Sentinel</title>
  <meta>
    <content>episode</content>
    <imdb>tt0118480</imdb>
    <tvshowtitle>  Stargate SG-1</tvshowtitle>
    <year>  1997</year>
    <title>The Sentinel</title>
    <premiered>2002-05-04</premiered>
    <season>5</season>
    <episode>20</episode>
  </meta>
  <link>
    <sublink>search</sublink>
    <sublink>searchsd</sublink>
  </link>
  <thumbnail>https://image.tmdb.org/t/p/w1280//iUopmnlfhfntL65EsfN6XTW2YUR.jpg</thumbnail>
  <fanart>
  </fanart>
</item>
<item>
  <title>Meridian</title>
  <meta>
    <content>episode</content>
    <imdb>tt0118480</imdb>
    <tvshowtitle>  Stargate SG-1</tvshowtitle>
    <year>  1997</year>
    <title>Meridian</title>
    <premiered>2002-05-11</premiered>
    <season>5</season>
    <episode>21</episode>
  </meta>
  <link>
    <sublink>search</sublink>
    <sublink>searchsd</sublink>
  </link>
  <thumbnail>https://image.tmdb.org/t/p/w1280//1c0mxIwKpM37Bw6kzdIKsk2htlO.jpg</thumbnail>
  <fanart>
  </fanart>
</item>
<item>
  <title>Revelations</title>
  <meta>
    <content>episode</content>
    <imdb>tt0118480</imdb>
    <tvshowtitle>  Stargate SG-1</tvshowtitle>
    <year>  1997</year>
    <title>Revelations</title>
    <premiered>2002-05-18</premiered>
    <season>5</season>
    <episode>22</episode>
  </meta>
  <link>
    <sublink>search</sublink>
    <sublink>searchsd</sublink>
  </link>
  <thumbnail>https://image.tmdb.org/t/p/w1280//9svXZtpBAuxzTqrisID6ZkGumIi.jpg</thumbnail>
  <fanart>
  </fanart>
</item>