
<item>
  <title>Fallen (1)</title>
  <meta>
    <content>episode</content>
    <imdb>tt0118480</imdb>
    <tvshowtitle>  Stargate SG-1</tvshowtitle>
    <year>  1997</year>
    <title>Fallen (1)</title>
    <premiered>2003-06-14</premiered>
    <season>7</season>
    <episode>1</episode>
  </meta>
  <link>
    <sublink>search</sublink>
    <sublink>searchsd</sublink>
  </link>
  <thumbnail>https://image.tmdb.org/t/p/w1280//aZlKpq9iBvhPEXGxv0dlXTjw3TU.jpg</thumbnail>
  <fanart>
  </fanart>
</item>
<item>
  <title>Homecoming (2)</title>
  <meta>
    <content>episode</content>
    <imdb>tt0118480</imdb>
    <tvshowtitle>  Stargate SG-1</tvshowtitle>
    <year>  1997</year>
    <title>Homecoming (2)</title>
    <premiered>2003-06-14</premiered>
    <season>7</season>
    <episode>2</episode>
  </meta>
  <link>
    <sublink>search</sublink>
    <sublink>searchsd</sublink>
  </link>
  <thumbnail>https://image.tmdb.org/t/p/w1280//x005Jcl4Sgf3cyjeXlMtGs93AGa.jpg</thumbnail>
  <fanart>
  </fanart>
</item>
<item>
  <title>Fragile Balance</title>
  <meta>
    <content>episode</content>
    <imdb>tt0118480</imdb>
    <tvshowtitle>  Stargate SG-1</tvshowtitle>
    <year>  1997</year>
    <title>Fragile Balance</title>
    <premiered>2003-06-21</premiered>
    <season>7</season>
    <episode>3</episode>
  </meta>
  <link>
    <sublink>search</sublink>
    <sublink>searchsd</sublink>
  </link>
  <thumbnail>https://image.tmdb.org/t/p/w1280//wvIGtlwWGRS1AJES8IerYhbdYMo.jpg</thumbnail>
  <fanart>
  </fanart>
</item>
<item>
  <title>Orpheus</title>
  <meta>
    <content>episode</content>
    <imdb>tt0118480</imdb>
    <tvshowtitle>  Stargate SG-1</tvshowtitle>
    <year>  1997</year>
    <title>Orpheus</title>
    <premiered>2003-06-28</premiered>
    <season>7</season>
    <episode>4</episode>
  </meta>
  <link>
    <sublink>search</sublink>
    <sublink>searchsd</sublink>
  </link>
  <thumbnail>https://image.tmdb.org/t/p/w1280//lW8UQ4Vtx79VHZZqRWsuoB8cPv.jpg</thumbnail>
  <fanart>
  </fanart>
</item>
<item>
  <title>Revisions</title>
  <meta>
    <content>episode</content>
    <imdb>tt0118480</imdb>
    <tvshowtitle>  Stargate SG-1</tvshowtitle>
    <year>  1997</year>
    <title>Revisions</title>
    <premiered>2003-07-12</premiered>
    <season>7</season>
    <episode>5</episode>
  </meta>
  <link>
    <sublink>search</sublink>
    <sublink>searchsd</sublink>
  </link>
  <thumbnail>https://image.tmdb.org/t/p/w1280//tRdeb8kn1jq5VD6kbMYuoTwcgbx.jpg</thumbnail>
  <fanart>
  </fanart>
</item>
<item>
  <title>Lifeboat</title>
  <meta>
    <content>episode</content>
    <imdb>tt0118480</imdb>
    <tvshowtitle>  Stargate SG-1</tvshowtitle>
    <year>  1997</year>
    <title>Lifeboat</title>
    <premiered>2003-07-19</premiered>
    <season>7</season>
    <episode>6</episode>
  </meta>
  <link>
    <sublink>search</sublink>
    <sublink>searchsd</sublink>
  </link>
  <thumbnail>https://image.tmdb.org/t/p/w1280//5NE2t29k3xEWeF2Q3StrNUQIzYq.jpg</thumbnail>
  <fanart>
  </fanart>
</item>
<item>
  <title>Enemy Mine</title>
  <meta>
    <content>episode</content>
    <imdb>tt0118480</imdb>
    <tvshowtitle>  Stargate SG-1</tvshowtitle>
    <year>  1997</year>
    <title>Enemy Mine</title>
    <premiered>2003-07-26</premiered>
    <season>7</season>
    <episode>7</episode>
  </meta>
  <link>
    <sublink>search</sublink>
    <sublink>searchsd</sublink>
  </link>
  <thumbnail>https://image.tmdb.org/t/p/w1280//pMARSbEBLTXSQokOfQpo4ly4rej.jpg</thumbnail>
  <fanart>
  </fanart>
</item>
<item>
  <title>Space Race</title>
  <meta>
    <content>episode</content>
    <imdb>tt0118480</imdb>
    <tvshowtitle>  Stargate SG-1</tvshowtitle>
    <year>  1997</year>
    <title>Space Race</title>
    <premiered>2003-08-02</premiered>
    <season>7</season>
    <episode>8</episode>
  </meta>
  <link>
    <sublink>search</sublink>
    <sublink>searchsd</sublink>
  </link>
  <thumbnail>https://image.tmdb.org/t/p/w1280//qRKyjt7R7kQvJQhuwZrjE9QWC5Y.jpg</thumbnail>
  <fanart>
  </fanart>
</item>
<item>
  <title>Avenger 2.0</title>
  <meta>
    <content>episode</content>
    <imdb>tt0118480</imdb>
    <tvshowtitle>  Stargate SG-1</tvshowtitle>
    <year>  1997</year>
    <title>Avenger 2.0</title>
    <premiered>2003-08-09</premiered>
    <season>7</season>
    <episode>9</episode>
  </meta>
  <link>
    <sublink>search</sublink>
    <sublink>searchsd</sublink>
  </link>
  <thumbnail>https://image.tmdb.org/t/p/w1280//z1nGevqNmhTF7jTCZtPcYevZlWu.jpg</thumbnail>
  <fanart>
  </fanart>
</item>
<item>
  <title>Birthright</title>
  <meta>
    <content>episode</content>
    <imdb>tt0118480</imdb>
    <tvshowtitle>  Stargate SG-1</tvshowtitle>
    <year>  1997</year>
    <title>Birthright</title>
    <premiered>2003-08-16</premiered>
    <season>7</season>
    <episode>10</episode>
  </meta>
  <link>
    <sublink>search</sublink>
    <sublink>searchsd</sublink>
  </link>
  <thumbnail>https://image.tmdb.org/t/p/w1280//b3bkAZ5VEB1LuOB0sKzshX6K8BV.jpg</thumbnail>
  <fanart>
  </fanart>
</item>
<item>
  <title>Evolution (1)</title>
  <meta>
    <content>episode</content>
    <imdb>tt0118480</imdb>
    <tvshowtitle>  Stargate SG-1</tvshowtitle>
    <year>  1997</year>
    <title>Evolution (1)</title>
    <premiered>2003-08-23</premiered>
    <season>7</season>
    <episode>11</episode>
  </meta>
  <link>
    <sublink>search</sublink>
    <sublink>searchsd</sublink>
  </link>
  <thumbnail>https://image.tmdb.org/t/p/w1280//smYY2jA1YGzTWeOa1M92TFxLob7.jpg</thumbnail>
  <fanart>
  </fanart>
</item>
<item>
  <title>Evolution (2)</title>
  <meta>
    <content>episode</content>
    <imdb>tt0118480</imdb>
    <tvshowtitle>  Stargate SG-1</tvshowtitle>
    <year>  1997</year>
    <title>Evolution (2)</title>
    <premiered>2004-01-10</premiered>
    <season>7</season>
    <episode>12</episode>
  </meta>
  <link>
    <sublink>search</sublink>
    <sublink>searchsd</sublink>
  </link>
  <thumbnail>https://image.tmdb.org/t/p/w1280//rgVXA5AWQzwgfD54crJ0x9KLJJO.jpg</thumbnail>
  <fanart>
  </fanart>
</item>
<item>
  <title>Grace</title>
  <meta>
    <content>episode</content>
    <imdb>tt0118480</imdb>
    <tvshowtitle>  Stargate SG-1</tvshowtitle>
    <year>  1997</year>
    <title>Grace</title>
    <premiered>2004-01-17</premiered>
    <season>7</season>
    <episode>13</episode>
  </meta>
  <link>
    <sublink>search</sublink>
    <sublink>searchsd</sublink>
  </link>
  <thumbnail>https://image.tmdb.org/t/p/w1280//n7J3M1oQpNIzgyRXsktz5arAYba.jpg</thumbnail>
  <fanart>
  </fanart>
</item>
<item>
  <title>Fallout</title>
  <meta>
    <content>episode</content>
    <imdb>tt0118480</imdb>
    <tvshowtitle>  Stargate SG-1</tvshowtitle>
    <year>  1997</year>
    <title>Fallout</title>
    <premiered>2004-01-24</premiered>
    <season>7</season>
    <episode>14</episode>
  </meta>
  <link>
    <sublink>search</sublink>
    <sublink>searchsd</sublink>
  </link>
  <thumbnail>https://image.tmdb.org/t/p/w1280//i36iXHsYG1ZKO6kkYaQG9hk7QT0.jpg</thumbnail>
  <fanart>
  </fanart>
</item>
<item>
  <title>Chimera</title>
  <meta>
    <content>episode</content>
    <imdb>tt0118480</imdb>
    <tvshowtitle>  Stargate SG-1</tvshowtitle>
    <year>  1997</year>
    <title>Chimera</title>
    <premiered>2004-01-31</premiered>
    <season>7</season>
    <episode>15</episode>
  </meta>
  <link>
    <sublink>search</sublink>
    <sublink>searchsd</sublink>
  </link>
  <thumbnail>https://image.tmdb.org/t/p/w1280//xBu6wUfAF2RprhWcnKy0RWTbkQh.jpg</thumbnail>
  <fanart>
  </fanart>
</item>
<item>
  <title>Death Knell</title>
  <meta>
    <content>episode</content>
    <imdb>tt0118480</imdb>
    <tvshowtitle>  Stargate SG-1</tvshowtitle>
    <year>  1997</year>
    <title>Death Knell</title>
    <premiered>2004-02-07</premiered>
    <season>7</season>
    <episode>16</episode>
  </meta>
  <link>
    <sublink>search</sublink>
    <sublink>searchsd</sublink>
  </link>
  <thumbnail>https://image.tmdb.org/t/p/w1280//1oYMsMy4OWKuRn4EjXP5rbnU7L6.jpg</thumbnail>
  <fanart>
  </fanart>
</item>
<item>
  <title>Heroes (1)</title>
  <meta>
    <content>episode</content>
    <imdb>tt0118480</imdb>
    <tvshowtitle>  Stargate SG-1</tvshowtitle>
    <year>  1997</year>
    <title>Heroes (1)</title>
    <premiered>2004-02-14</premiered>
    <season>7</season>
    <episode>17</episode>
  </meta>
  <link>
    <sublink>search</sublink>
    <sublink>searchsd</sublink>
  </link>
  <thumbnail>https://image.tmdb.org/t/p/w1280//6efmCfJ4OxW99rDY9qZ6pm3m0eu.jpg</thumbnail>
  <fanart>
  </fanart>
</item>
<item>
  <title>Heroes (2)</title>
  <meta>
    <content>episode</content>
    <imdb>tt0118480</imdb>
    <tvshowtitle>  Stargate SG-1</tvshowtitle>
    <year>  1997</year>
    <title>Heroes (2)</title>
    <premiered>2004-02-21</premiered>
    <season>7</season>
    <episode>18</episode>
  </meta>
  <link>
    <sublink>search</sublink>
    <sublink>searchsd</sublink>
  </link>
  <thumbnail>https://image.tmdb.org/t/p/w1280//dpCr0UAXGCmS0nQyR0Hwy1ya8gk.jpg</thumbnail>
  <fanart>
  </fanart>
</item>
<item>
  <title>Resurrection</title>
  <meta>
    <content>episode</content>
    <imdb>tt0118480</imdb>
    <tvshowtitle>  Stargate SG-1</tvshowtitle>
    <year>  1997</year>
    <title>Resurrection</title>
    <premiered>2004-02-28</premiered>
    <season>7</season>
    <episode>19</episode>
  </meta>
  <link>
    <sublink>search</sublink>
    <sublink>searchsd</sublink>
  </link>
  <thumbnail>https://image.tmdb.org/t/p/w1280//kOccyYTotAhc6H9X3rkNyd3M31D.jpg</thumbnail>
  <fanart>
  </fanart>
</item>
<item>
  <title>Inauguration</title>
  <meta>
    <content>episode</content>
    <imdb>tt0118480</imdb>
    <tvshowtitle>  Stargate SG-1</tvshowtitle>
    <year>  1997</year>
    <title>Inauguration</title>
    <premiered>2004-03-06</premiered>
    <season>7</season>
    <episode>20</episode>
  </meta>
  <link>
    <sublink>search</sublink>
    <sublink>searchsd</sublink>
  </link>
  <thumbnail>https://image.tmdb.org/t/p/w1280//uNIFBDX0KAAkv7cnesb1JrBUzjB.jpg</thumbnail>
  <fanart>
  </fanart>
</item>
<item>
  <title>Lost City (1)</title>
  <meta>
    <content>episode</content>
    <imdb>tt0118480</imdb>
    <tvshowtitle>  Stargate SG-1</tvshowtitle>
    <year>  1997</year>
    <title>Lost City (1)</title>
    <premiered>2004-03-13</premiered>
    <season>7</season>
    <episode>21</episode>
  </meta>
  <link>
    <sublink>search</sublink>
    <sublink>searchsd</sublink>
  </link>
  <thumbnail>https://image.tmdb.org/t/p/w1280//wewf1gQopaZHmnLjXeEISSxTDuP.jpg</thumbnail>
  <fanart>
  </fanart>
</item>
<item>
  <title>Lost City (2)</title>
  <meta>
    <content>episode</content>
    <imdb>tt0118480</imdb>
    <tvshowtitle>  Stargate SG-1</tvshowtitle>
    <year>  1997</year>
    <title>Lost City (2)</title>
    <premiered>2004-03-20</premiered>
    <season>7</season>
    <episode>22</episode>
  </meta>
  <link>
    <sublink>search</sublink>
    <sublink>searchsd</sublink>
  </link>
  <thumbnail>https://image.tmdb.org/t/p/w1280//6nrUbTZPPKDL6kMoNAcEwa9TZkG.jpg</thumbnail>
  <fanart>
  </fanart>
</item>