
<item>
  <title>Small Victories (2)</title>
  <meta>
    <content>episode</content>
    <imdb>tt0118480</imdb>
    <tvshowtitle>  Stargate SG-1</tvshowtitle>
    <year>  1997</year>
    <title>Small Victories (2)</title>
    <premiered>2000-07-01</premiered>
    <season>4</season>
    <episode>1</episode>
  </meta>
  <link>
    <sublink>search</sublink>
    <sublink>searchsd</sublink>
  </link>
  <thumbnail>https://image.tmdb.org/t/p/w1280//wAKJcWFg2zYzIHbedra5lNDBgCT.jpg</thumbnail>
  <fanart>
  </fanart>
</item>
<item>
  <title>The Other Side</title>
  <meta>
    <content>episode</content>
    <imdb>tt0118480</imdb>
    <tvshowtitle>  Stargate SG-1</tvshowtitle>
    <year>  1997</year>
    <title>The Other Side</title>
    <premiered>2000-07-08</premiered>
    <season>4</season>
    <episode>2</episode>
  </meta>
  <link>
    <sublink>search</sublink>
    <sublink>searchsd</sublink>
  </link>
  <thumbnail>https://image.tmdb.org/t/p/w1280//c7jumqt5mxUCfGur7lWvm0zYQHl.jpg</thumbnail>
  <fanart>
  </fanart>
</item>
<item>
  <title>Upgrades</title>
  <meta>
    <content>episode</content>
    <imdb>tt0118480</imdb>
    <tvshowtitle>  Stargate SG-1</tvshowtitle>
    <year>  1997</year>
    <title>Upgrades</title>
    <premiered>2000-07-15</premiered>
    <season>4</season>
    <episode>3</episode>
  </meta>
  <link>
    <sublink>search</sublink>
    <sublink>searchsd</sublink>
  </link>
  <thumbnail>https://image.tmdb.org/t/p/w1280//3gmGcrx0ue3ZP9yNn3GZ2XHrus7.jpg</thumbnail>
  <fanart>
  </fanart>
</item>
<item>
  <title>Crossroads</title>
  <meta>
    <content>episode</content>
    <imdb>tt0118480</imdb>
    <tvshowtitle>  Stargate SG-1</tvshowtitle>
    <year>  1997</year>
    <title>Crossroads</title>
    <premiered>2000-07-22</premiered>
    <season>4</season>
    <episode>4</episode>
  </meta>
  <link>
    <sublink>search</sublink>
    <sublink>searchsd</sublink>
  </link>
  <thumbnail>https://image.tmdb.org/t/p/w1280//yRPOtCMQChGTmhKAIFZsLNNQ6Gv.jpg</thumbnail>
  <fanart>
  </fanart>
</item>
<item>
  <title>Divide and Conquer</title>
  <meta>
    <content>episode</content>
    <imdb>tt0118480</imdb>
    <tvshowtitle>  Stargate SG-1</tvshowtitle>
    <year>  1997</year>
    <title>Divide and Conquer</title>
    <premiered>2000-07-29</premiered>
    <season>4</season>
    <episode>5</episode>
  </meta>
  <link>
    <sublink>search</sublink>
    <sublink>searchsd</sublink>
  </link>
  <thumbnail>https://image.tmdb.org/t/p/w1280//1mlu7PZAyQfdWAViKlJ8dvrcOdw.jpg</thumbnail>
  <fanart>
  </fanart>
</item>
<item>
  <title>Window of Opportunity</title>
  <meta>
    <content>episode</content>
    <imdb>tt0118480</imdb>
    <tvshowtitle>  Stargate SG-1</tvshowtitle>
    <year>  1997</year>
    <title>Window of Opportunity</title>
    <premiered>2000-08-05</premiered>
    <season>4</season>
    <episode>6</episode>
  </meta>
  <link>
    <sublink>search</sublink>
    <sublink>searchsd</sublink>
  </link>
  <thumbnail>https://image.tmdb.org/t/p/w1280//9FZ280c23nggiMVBbbGw7aGF4TO.jpg</thumbnail>
  <fanart>
  </fanart>
</item>
<item>
  <title>Watergate</title>
  <meta>
    <content>episode</content>
    <imdb>tt0118480</imdb>
    <tvshowtitle>  Stargate SG-1</tvshowtitle>
    <year>  1997</year>
    <title>Watergate</title>
    <premiered>2000-08-12</premiered>
    <season>4</season>
    <episode>7</episode>
  </meta>
  <link>
    <sublink>search</sublink>
    <sublink>searchsd</sublink>
  </link>
  <thumbnail>https://image.tmdb.org/t/p/w1280//dVSJOdoxv9OKdnSq3MbHSvuJ29P.jpg</thumbnail>
  <fanart>
  </fanart>
</item>
<item>
  <title>The First Ones</title>
  <meta>
    <content>episode</content>
    <imdb>tt0118480</imdb>
    <tvshowtitle>  Stargate SG-1</tvshowtitle>
    <year>  1997</year>
    <title>The First Ones</title>
    <premiered>2000-08-19</premiered>
    <season>4</season>
    <episode>8</episode>
  </meta>
  <link>
    <sublink>search</sublink>
    <sublink>searchsd</sublink>
  </link>
  <thumbnail>https://image.tmdb.org/t/p/w1280//lfw2THnWjlXinVvegQmxtncxSS2.jpg</thumbnail>
  <fanart>
  </fanart>
</item>
<item>
  <title>Scorched Earth</title>
  <meta>
    <content>episode</content>
    <imdb>tt0118480</imdb>
    <tvshowtitle>  Stargate SG-1</tvshowtitle>
    <year>  1997</year>
    <title>Scorched Earth</title>
    <premiered>2000-08-26</premiered>
    <season>4</season>
    <episode>9</episode>
  </meta>
  <link>
    <sublink>search</sublink>
    <sublink>searchsd</sublink>
  </link>
  <thumbnail>https://image.tmdb.org/t/p/w1280//r6XOZrRpSUqe1IpUdKi5lSnivru.jpg</thumbnail>
  <fanart>
  </fanart>
</item>
<item>
  <title>Beneath the Surface</title>
  <meta>
    <content>episode</content>
    <imdb>tt0118480</imdb>
    <tvshowtitle>  Stargate SG-1</tvshowtitle>
    <year>  1997</year>
    <title>Beneath the Surface</title>
    <premiered>2000-09-02</premiered>
    <season>4</season>
    <episode>10</episode>
  </meta>
  <link>
    <sublink>search</sublink>
    <sublink>searchsd</sublink>
  </link>
  <thumbnail>https://image.tmdb.org/t/p/w1280//pm8CdfBsHvXSRGpKG3tICfVlzsN.jpg</thumbnail>
  <fanart>
  </fanart>
</item>
<item>
  <title>Point of No Return</title>
  <meta>
    <content>episode</content>
    <imdb>tt0118480</imdb>
    <tvshowtitle>  Stargate SG-1</tvshowtitle>
    <year>  1997</year>
    <title>Point of No Return</title>
    <premiered>2000-09-09</premiered>
    <season>4</season>
    <episode>11</episode>
  </meta>
  <link>
    <sublink>search</sublink>
    <sublink>searchsd</sublink>
  </link>
  <thumbnail>https://image.tmdb.org/t/p/w1280//zC2grC89ORFZ1zj8qfWNA6menX4.jpg</thumbnail>
  <fanart>
  </fanart>
</item>
<item>
  <title>Tangent</title>
  <meta>
    <content>episode</content>
    <imdb>tt0118480</imdb>
    <tvshowtitle>  Stargate SG-1</tvshowtitle>
    <year>  1997</year>
    <title>Tangent</title>
    <premiered>2000-09-16</premiered>
    <season>4</season>
    <episode>12</episode>
  </meta>
  <link>
    <sublink>search</sublink>
    <sublink>searchsd</sublink>
  </link>
  <thumbnail>https://image.tmdb.org/t/p/w1280//nb01YQUMSIFTOc5lHhmNiOqp1v7.jpg</thumbnail>
  <fanart>
  </fanart>
</item>
<item>
  <title>The Curse</title>
  <meta>
    <content>episode</content>
    <imdb>tt0118480</imdb>
    <tvshowtitle>  Stargate SG-1</tvshowtitle>
    <year>  1997</year>
    <title>The Curse</title>
    <premiered>2000-09-23</premiered>
    <season>4</season>
    <episode>13</episode>
  </meta>
  <link>
    <sublink>search</sublink>
    <sublink>searchsd</sublink>
  </link>
  <thumbnail>https://image.tmdb.org/t/p/w1280//ooBd8ELpheeo7gUMP1VvV79PIZC.jpg</thumbnail>
  <fanart>
  </fanart>
</item>
<item>
  <title>The Serpent's Venom</title>
  <meta>
    <content>episode</content>
    <imdb>tt0118480</imdb>
    <tvshowtitle>  Stargate SG-1</tvshowtitle>
    <year>  1997</year>
    <title>The Serpent's Venom</title>
    <premiered>2000-09-30</premiered>
    <season>4</season>
    <episode>14</episode>
  </meta>
  <link>
    <sublink>search</sublink>
    <sublink>searchsd</sublink>
  </link>
  <thumbnail>https://image.tmdb.org/t/p/w1280//h3q3eDfblKUf4AAQUaepLgoZSze.jpg</thumbnail>
  <fanart>
  </fanart>
</item>
<item>
  <title>Chain Reaction</title>
  <meta>
    <content>episode</content>
    <imdb>tt0118480</imdb>
    <tvshowtitle>  Stargate SG-1</tvshowtitle>
    <year>  1997</year>
    <title>Chain Reaction</title>
    <premiered>2001-01-06</premiered>
    <season>4</season>
    <episode>15</episode>
  </meta>
  <link>
    <sublink>search</sublink>
    <sublink>searchsd</sublink>
  </link>
  <thumbnail>https://image.tmdb.org/t/p/w1280//7konXfIJ1gUwYsHgdSQieTPA5GR.jpg</thumbnail>
  <fanart>
  </fanart>
</item>
<item>
  <title>2010</title>
  <meta>
    <content>episode</content>
    <imdb>tt0118480</imdb>
    <tvshowtitle>  Stargate SG-1</tvshowtitle>
    <year>  1997</year>
    <title>2010</title>
    <premiered>2001-01-13</premiered>
    <season>4</season>
    <episode>16</episode>
  </meta>
  <link>
    <sublink>search</sublink>
    <sublink>searchsd</sublink>
  </link>
  <thumbnail>https://image.tmdb.org/t/p/w1280//nowoTt9D8zu3gbYlZOoyM1t2aRS.jpg</thumbnail>
  <fanart>
  </fanart>
</item>
<item>
  <title>Absolute Power</title>
  <meta>
    <content>episode</content>
    <imdb>tt0118480</imdb>
    <tvshowtitle>  Stargate SG-1</tvshowtitle>
    <year>  1997</year>
    <title>Absolute Power</title>
    <premiered>2001-01-20</premiered>
    <season>4</season>
    <episode>17</episode>
  </meta>
  <link>
    <sublink>search</sublink>
    <sublink>searchsd</sublink>
  </link>
  <thumbnail>https://image.tmdb.org/t/p/w1280//b5OzDkcsiup4ALACmFw3PNL8Idc.jpg</thumbnail>
  <fanart>
  </fanart>
</item>
<item>
  <title>The Light</title>
  <meta>
    <content>episode</content>
    <imdb>tt0118480</imdb>
    <tvshowtitle>  Stargate SG-1</tvshowtitle>
    <year>  1997</year>
    <title>The Light</title>
    <premiered>2001-01-27</premiered>
    <season>4</season>
    <episode>18</episode>
  </meta>
  <link>
    <sublink>search</sublink>
    <sublink>searchsd</sublink>
  </link>
  <thumbnail>https://image.tmdb.org/t/p/w1280//vh0IiodqNLKxH93esKWStxf0k0Q.jpg</thumbnail>
  <fanart>
  </fanart>
</item>
<item>
  <title>Prodigy</title>
  <meta>
    <content>episode</content>
    <imdb>tt0118480</imdb>
    <tvshowtitle>  Stargate SG-1</tvshowtitle>
    <year>  1997</year>
    <title>Prodigy</title>
    <premiered>2001-02-03</premiered>
    <season>4</season>
    <episode>19</episode>
  </meta>
  <link>
    <sublink>search</sublink>
    <sublink>searchsd</sublink>
  </link>
  <thumbnail>https://image.tmdb.org/t/p/w1280//io918PF2xol94IM0FL655an7W3H.jpg</thumbnail>
  <fanart>
  </fanart>
</item>
<item>
  <title>Entity</title>
  <meta>
    <content>episode</content>
    <imdb>tt0118480</imdb>
    <tvshowtitle>  Stargate SG-1</tvshowtitle>
    <year>  1997</year>
    <title>Entity</title>
    <premiered>2001-02-10</premiered>
    <season>4</season>
    <episode>20</episode>
  </meta>
  <link>
    <sublink>search</sublink>
    <sublink>searchsd</sublink>
  </link>
  <thumbnail>https://image.tmdb.org/t/p/w1280//ooNgaM7GoFqxJJU6CYxj6bXPwfy.jpg</thumbnail>
  <fanart>
  </fanart>
</item>
<item>
  <title>Double Jeopardy</title>
  <meta>
    <content>episode</content>
    <imdb>tt0118480</imdb>
    <tvshowtitle>  Stargate SG-1</tvshowtitle>
    <year>  1997</year>
    <title>Double Jeopardy</title>
    <premiered>2001-02-17</premiered>
    <season>4</season>
    <episode>21</episode>
  </meta>
  <link>
    <sublink>search</sublink>
    <sublink>searchsd</sublink>
  </link>
  <thumbnail>https://image.tmdb.org/t/p/w1280//fOgHT1UUNWLt5OqdjxgjPi6ajyl.jpg</thumbnail>
  <fanart>
  </fanart>
</item>
<item>
  <title>Exodus (1)</title>
  <meta>
    <content>episode</content>
    <imdb>tt0118480</imdb>
    <tvshowtitle>  Stargate SG-1</tvshowtitle>
    <year>  1997</year>
    <title>Exodus (1)</title>
    <premiered>2001-02-24</premiered>
    <season>4</season>
    <episode>22</episode>
  </meta>
  <link>
    <sublink>search</sublink>
    <sublink>searchsd</sublink>
  </link>
  <thumbnail>https://image.tmdb.org/t/p/w1280//5PM3g0zUOMgtdNmIRctlQJJGwVl.jpg</thumbnail>
  <fanart>
  </fanart>
</item>