
<item>
  <title>Avalon (1)</title>
  <meta>
    <content>episode</content>
    <imdb>tt0118480</imdb>
    <tvshowtitle>  Stargate SG-1</tvshowtitle>
    <year>  1997</year>
    <title>Avalon (1)</title>
    <premiered>2005-07-16</premiered>
    <season>9</season>
    <episode>1</episode>
  </meta>
  <link>
    <sublink>search</sublink>
    <sublink>searchsd</sublink>
  </link>
  <thumbnail>https://image.tmdb.org/t/p/w1280//zKpkWGtPUZUAxr1nHgxAO566wXz.jpg</thumbnail>
  <fanart>
  </fanart>
</item>
<item>
  <title>Avalon (2)</title>
  <meta>
    <content>episode</content>
    <imdb>tt0118480</imdb>
    <tvshowtitle>  Stargate SG-1</tvshowtitle>
    <year>  1997</year>
    <title>Avalon (2)</title>
    <premiered>2005-07-23</premiered>
    <season>9</season>
    <episode>2</episode>
  </meta>
  <link>
    <sublink>search</sublink>
    <sublink>searchsd</sublink>
  </link>
  <thumbnail>https://image.tmdb.org/t/p/w1280//ymghXaY64rGNCXThkuxWwwM0ubZ.jpg</thumbnail>
  <fanart>
  </fanart>
</item>
<item>
  <title>Origin (3)</title>
  <meta>
    <content>episode</content>
    <imdb>tt0118480</imdb>
    <tvshowtitle>  Stargate SG-1</tvshowtitle>
    <year>  1997</year>
    <title>Origin (3)</title>
    <premiered>2005-07-30</premiered>
    <season>9</season>
    <episode>3</episode>
  </meta>
  <link>
    <sublink>search</sublink>
    <sublink>searchsd</sublink>
  </link>
  <thumbnail>https://image.tmdb.org/t/p/w1280//eWXW1DUiuAtUsQqCYjfWQ2wgCIV.jpg</thumbnail>
  <fanart>
  </fanart>
</item>
<item>
  <title>The Ties That Bind</title>
  <meta>
    <content>episode</content>
    <imdb>tt0118480</imdb>
    <tvshowtitle>  Stargate SG-1</tvshowtitle>
    <year>  1997</year>
    <title>The Ties That Bind</title>
    <premiered>2005-08-06</premiered>
    <season>9</season>
    <episode>4</episode>
  </meta>
  <link>
    <sublink>search</sublink>
    <sublink>searchsd</sublink>
  </link>
  <thumbnail>https://image.tmdb.org/t/p/w1280//e5Geo0rKa78nwLVZDrC5ihM4Y8X.jpg</thumbnail>
  <fanart>
  </fanart>
</item>
<item>
  <title>The Powers That Be</title>
  <meta>
    <content>episode</content>
    <imdb>tt0118480</imdb>
    <tvshowtitle>  Stargate SG-1</tvshowtitle>
    <year>  1997</year>
    <title>The Powers That Be</title>
    <premiered>2005-08-13</premiered>
    <season>9</season>
    <episode>5</episode>
  </meta>
  <link>
    <sublink>search</sublink>
    <sublink>searchsd</sublink>
  </link>
  <thumbnail>https://image.tmdb.org/t/p/w1280//ySii5vKY5tKbOldMvlLkyhU1iC7.jpg</thumbnail>
  <fanart>
  </fanart>
</item>
<item>
  <title>Beachhead</title>
  <meta>
    <content>episode</content>
    <imdb>tt0118480</imdb>
    <tvshowtitle>  Stargate SG-1</tvshowtitle>
    <year>  1997</year>
    <title>Beachhead</title>
    <premiered>2005-08-20</premiered>
    <season>9</season>
    <episode>6</episode>
  </meta>
  <link>
    <sublink>search</sublink>
    <sublink>searchsd</sublink>
  </link>
  <thumbnail>https://image.tmdb.org/t/p/w1280//5HI0ctE1Jxu1Rj1dokZLmnTF2zl.jpg</thumbnail>
  <fanart>
  </fanart>
</item>
<item>
  <title>Ex Deus Machina</title>
  <meta>
    <content>episode</content>
    <imdb>tt0118480</imdb>
    <tvshowtitle>  Stargate SG-1</tvshowtitle>
    <year>  1997</year>
    <title>Ex Deus Machina</title>
    <premiered>2005-08-27</premiered>
    <season>9</season>
    <episode>7</episode>
  </meta>
  <link>
    <sublink>search</sublink>
    <sublink>searchsd</sublink>
  </link>
  <thumbnail>https://image.tmdb.org/t/p/w1280//wqV4SwTaGltZ6vu4h67La7FIDS9.jpg</thumbnail>
  <fanart>
  </fanart>
</item>
<item>
  <title>Babylon</title>
  <meta>
    <content>episode</content>
    <imdb>tt0118480</imdb>
    <tvshowtitle>  Stargate SG-1</tvshowtitle>
    <year>  1997</year>
    <title>Babylon</title>
    <premiered>2005-09-10</premiered>
    <season>9</season>
    <episode>8</episode>
  </meta>
  <link>
    <sublink>search</sublink>
    <sublink>searchsd</sublink>
  </link>
  <thumbnail>https://image.tmdb.org/t/p/w1280//5aAtkznQExFOk9rwUetNOdIbiyR.jpg</thumbnail>
  <fanart>
  </fanart>
</item>
<item>
  <title>Prototype</title>
  <meta>
    <content>episode</content>
    <imdb>tt0118480</imdb>
    <tvshowtitle>  Stargate SG-1</tvshowtitle>
    <year>  1997</year>
    <title>Prototype</title>
    <premiered>2005-09-17</premiered>
    <season>9</season>
    <episode>9</episode>
  </meta>
  <link>
    <sublink>search</sublink>
    <sublink>searchsd</sublink>
  </link>
  <thumbnail>https://image.tmdb.org/t/p/w1280//sfK2MsFYFaFmN2d4T1jpRItEJ87.jpg</thumbnail>
  <fanart>
  </fanart>
</item>
<item>
  <title>The Fourth Horseman (1)</title>
  <meta>
    <content>episode</content>
    <imdb>tt0118480</imdb>
    <tvshowtitle>  Stargate SG-1</tvshowtitle>
    <year>  1997</year>
    <title>The Fourth Horseman (1)</title>
    <premiered>2005-09-17</premiered>
    <season>9</season>
    <episode>10</episode>
  </meta>
  <link>
    <sublink>search</sublink>
    <sublink>searchsd</sublink>
  </link>
  <thumbnail>https://image.tmdb.org/t/p/w1280//2mT7QIDlMTgHfaix5f8gGyesmGr.jpg</thumbnail>
  <fanart>
  </fanart>
</item>
<item>
  <title>The Fourth Horseman (2)</title>
  <meta>
    <content>episode</content>
    <imdb>tt0118480</imdb>
    <tvshowtitle>  Stargate SG-1</tvshowtitle>
    <year>  1997</year>
    <title>The Fourth Horseman (2)</title>
    <premiered>2006-01-07</premiered>
    <season>9</season>
    <episode>11</episode>
  </meta>
  <link>
    <sublink>search</sublink>
    <sublink>searchsd</sublink>
  </link>
  <thumbnail>https://image.tmdb.org/t/p/w1280//chdOIUVk01XGnR26pwQMThohHrN.jpg</thumbnail>
  <fanart>
  </fanart>
</item>
<item>
  <title>Collateral Damage</title>
  <meta>
    <content>episode</content>
    <imdb>tt0118480</imdb>
    <tvshowtitle>  Stargate SG-1</tvshowtitle>
    <year>  1997</year>
    <title>Collateral Damage</title>
    <premiered>2006-01-14</premiered>
    <season>9</season>
    <episode>12</episode>
  </meta>
  <link>
    <sublink>search</sublink>
    <sublink>searchsd</sublink>
  </link>
  <thumbnail>https://image.tmdb.org/t/p/w1280//g3cTvbgud77N48DdMuweFy7K4Tk.jpg</thumbnail>
  <fanart>
  </fanart>
</item>
<item>
  <title>Ripple Effect</title>
  <meta>
    <content>episode</content>
    <imdb>tt0118480</imdb>
    <tvshowtitle>  Stargate SG-1</tvshowtitle>
    <year>  1997</year>
    <title>Ripple Effect</title>
    <premiered>2006-01-21</premiered>
    <season>9</season>
    <episode>13</episode>
  </meta>
  <link>
    <sublink>search</sublink>
    <sublink>searchsd</sublink>
  </link>
  <thumbnail>https://image.tmdb.org/t/p/w1280//tnemPI1hkMhFEfeHYd34AkNd4mw.jpg</thumbnail>
  <fanart>
  </fanart>
</item>
<item>
  <title>Stronghold</title>
  <meta>
    <content>episode</content>
    <imdb>tt0118480</imdb>
    <tvshowtitle>  Stargate SG-1</tvshowtitle>
    <year>  1997</year>
    <title>Stronghold</title>
    <premiered>2006-01-28</premiered>
    <season>9</season>
    <episode>14</episode>
  </meta>
  <link>
    <sublink>search</sublink>
    <sublink>searchsd</sublink>
  </link>
  <thumbnail>https://image.tmdb.org/t/p/w1280//vz645tjiypX7RdpO3ghn6UPQErr.jpg</thumbnail>
  <fanart>
  </fanart>
</item>
<item>
  <title>Ethon</title>
  <meta>
    <content>episode</content>
    <imdb>tt0118480</imdb>
    <tvshowtitle>  Stargate SG-1</tvshowtitle>
    <year>  1997</year>
    <title>Ethon</title>
    <premiered>2006-02-04</premiered>
    <season>9</season>
    <episode>15</episode>
  </meta>
  <link>
    <sublink>search</sublink>
    <sublink>searchsd</sublink>
  </link>
  <thumbnail>https://image.tmdb.org/t/p/w1280//drqvBTSBNEEUpuxaUjEBw3qBOjQ.jpg</thumbnail>
  <fanart>
  </fanart>
</item>
<item>
  <title>Off the Grid</title>
  <meta>
    <content>episode</content>
    <imdb>tt0118480</imdb>
    <tvshowtitle>  Stargate SG-1</tvshowtitle>
    <year>  1997</year>
    <title>Off the Grid</title>
    <premiered>2006-02-11</premiered>
    <season>9</season>
    <episode>16</episode>
  </meta>
  <link>
    <sublink>search</sublink>
    <sublink>searchsd</sublink>
  </link>
  <thumbnail>https://image.tmdb.org/t/p/w1280//q0WO5Rg2Tqvh2IcBDXL1UnXuqlY.jpg</thumbnail>
  <fanart>
  </fanart>
</item>
<item>
  <title>The Scourge</title>
  <meta>
    <content>episode</content>
    <imdb>tt0118480</imdb>
    <tvshowtitle>  Stargate SG-1</tvshowtitle>
    <year>  1997</year>
    <title>The Scourge</title>
    <premiered>2006-02-18</premiered>
    <season>9</season>
    <episode>17</episode>
  </meta>
  <link>
    <sublink>search</sublink>
    <sublink>searchsd</sublink>
  </link>
  <thumbnail>https://image.tmdb.org/t/p/w1280//yDGkQQeNHiTYD3MUEzm32k11jIl.jpg</thumbnail>
  <fanart>
  </fanart>
</item>
<item>
  <title>Arthur's Mantle</title>
  <meta>
    <content>episode</content>
    <imdb>tt0118480</imdb>
    <tvshowtitle>  Stargate SG-1</tvshowtitle>
    <year>  1997</year>
    <title>Arthur's Mantle</title>
    <premiered>2006-02-25</premiered>
    <season>9</season>
    <episode>18</episode>
  </meta>
  <link>
    <sublink>search</sublink>
    <sublink>searchsd</sublink>
  </link>
  <thumbnail>https://image.tmdb.org/t/p/w1280//mtIRyuyBR2CZ81n8MvNXY3xOY39.jpg</thumbnail>
  <fanart>
  </fanart>
</item>
<item>
  <title>Crusade</title>
  <meta>
    <content>episode</content>
    <imdb>tt0118480</imdb>
    <tvshowtitle>  Stargate SG-1</tvshowtitle>
    <year>  1997</year>
    <title>Crusade</title>
    <premiered>2006-03-04</premiered>
    <season>9</season>
    <episode>19</episode>
  </meta>
  <link>
    <sublink>search</sublink>
    <sublink>searchsd</sublink>
  </link>
  <thumbnail>https://image.tmdb.org/t/p/w1280//jlHEsnB4a7MC36cvojORu18uVyG.jpg</thumbnail>
  <fanart>
  </fanart>
</item>
<item>
  <title>Camelot</title>
  <meta>
    <content>episode</content>
    <imdb>tt0118480</imdb>
    <tvshowtitle>  Stargate SG-1</tvshowtitle>
    <year>  1997</year>
    <title>Camelot</title>
    <premiered>2006-03-11</premiered>
    <season>9</season>
    <episode>20</episode>
  </meta>
  <link>
    <sublink>search</sublink>
    <sublink>searchsd</sublink>
  </link>
  <thumbnail>https://image.tmdb.org/t/p/w1280//g598soerqms69UFStviZMq9ukh9.jpg</thumbnail>
  <fanart>
  </fanart>
</item>