
<item>
  <title>Redemption (1)</title>
  <meta>
    <content>episode</content>
    <imdb>tt0118480</imdb>
    <tvshowtitle>  Stargate SG-1</tvshowtitle>
    <year>  1997</year>
    <title>Redemption (1)</title>
    <premiered>2002-06-08</premiered>
    <season>6</season>
    <episode>1</episode>
  </meta>
  <link>
    <sublink>search</sublink>
    <sublink>searchsd</sublink>
  </link>
  <thumbnail>https://image.tmdb.org/t/p/w1280//eAdikT8MRqgn96u5JJyWicL8YSr.jpg</thumbnail>
  <fanart>
  </fanart>
</item>
<item>
  <title>Redemption (2)</title>
  <meta>
    <content>episode</content>
    <imdb>tt0118480</imdb>
    <tvshowtitle>  Stargate SG-1</tvshowtitle>
    <year>  1997</year>
    <title>Redemption (2)</title>
    <premiered>2002-06-15</premiered>
    <season>6</season>
    <episode>2</episode>
  </meta>
  <link>
    <sublink>search</sublink>
    <sublink>searchsd</sublink>
  </link>
  <thumbnail>https://image.tmdb.org/t/p/w1280//q3OxFK2456ZcdERvMIzk6Q3JLI7.jpg</thumbnail>
  <fanart>
  </fanart>
</item>
<item>
  <title>Descent</title>
  <meta>
    <content>episode</content>
    <imdb>tt0118480</imdb>
    <tvshowtitle>  Stargate SG-1</tvshowtitle>
    <year>  1997</year>
    <title>Descent</title>
    <premiered>2002-06-22</premiered>
    <season>6</season>
    <episode>3</episode>
  </meta>
  <link>
    <sublink>search</sublink>
    <sublink>searchsd</sublink>
  </link>
  <thumbnail>https://image.tmdb.org/t/p/w1280//ObpViVYNXim4k9B7kS3BOPvTW.jpg</thumbnail>
  <fanart>
  </fanart>
</item>
<item>
  <title>Frozen</title>
  <meta>
    <content>episode</content>
    <imdb>tt0118480</imdb>
    <tvshowtitle>  Stargate SG-1</tvshowtitle>
    <year>  1997</year>
    <title>Frozen</title>
    <premiered>2002-06-29</premiered>
    <season>6</season>
    <episode>4</episode>
  </meta>
  <link>
    <sublink>search</sublink>
    <sublink>searchsd</sublink>
  </link>
  <thumbnail>https://image.tmdb.org/t/p/w1280//yY8mUskqImVN0KJx0AN2I1B6Ncc.jpg</thumbnail>
  <fanart>
  </fanart>
</item>
<item>
  <title>Nightwalkers</title>
  <meta>
    <content>episode</content>
    <imdb>tt0118480</imdb>
    <tvshowtitle>  Stargate SG-1</tvshowtitle>
    <year>  1997</year>
    <title>Nightwalkers</title>
    <premiered>2002-07-13</premiered>
    <season>6</season>
    <episode>5</episode>
  </meta>
  <link>
    <sublink>search</sublink>
    <sublink>searchsd</sublink>
  </link>
  <thumbnail>https://image.tmdb.org/t/p/w1280//cbvKAyYdkl7v5aXdyGIHg9bRi2i.jpg</thumbnail>
  <fanart>
  </fanart>
</item>
<item>
  <title>Abyss</title>
  <meta>
    <content>episode</content>
    <imdb>tt0118480</imdb>
    <tvshowtitle>  Stargate SG-1</tvshowtitle>
    <year>  1997</year>
    <title>Abyss</title>
    <premiered>2002-07-20</premiered>
    <season>6</season>
    <episode>6</episode>
  </meta>
  <link>
    <sublink>search</sublink>
    <sublink>searchsd</sublink>
  </link>
  <thumbnail>https://image.tmdb.org/t/p/w1280//qJOTpNZ4YebvM5ac40M6KRoVeoP.jpg</thumbnail>
  <fanart>
  </fanart>
</item>
<item>
  <title>Shadow Play</title>
  <meta>
    <content>episode</content>
    <imdb>tt0118480</imdb>
    <tvshowtitle>  Stargate SG-1</tvshowtitle>
    <year>  1997</year>
    <title>Shadow Play</title>
    <premiered>2002-07-27</premiered>
    <season>6</season>
    <episode>7</episode>
  </meta>
  <link>
    <sublink>search</sublink>
    <sublink>searchsd</sublink>
  </link>
  <thumbnail>https://image.tmdb.org/t/p/w1280//bAwr0mmDErzqS871xEVXE7OnRxK.jpg</thumbnail>
  <fanart>
  </fanart>
</item>
<item>
  <title>The Other Guys</title>
  <meta>
    <content>episode</content>
    <imdb>tt0118480</imdb>
    <tvshowtitle>  Stargate SG-1</tvshowtitle>
    <year>  1997</year>
    <title>The Other Guys</title>
    <premiered>2002-08-03</premiered>
    <season>6</season>
    <episode>8</episode>
  </meta>
  <link>
    <sublink>search</sublink>
    <sublink>searchsd</sublink>
  </link>
  <thumbnail>https://image.tmdb.org/t/p/w1280//n2CFbp4HHBl0K25LWQsar5Nz689.jpg</thumbnail>
  <fanart>
  </fanart>
</item>
<item>
  <title>Allegiance</title>
  <meta>
    <content>episode</content>
    <imdb>tt0118480</imdb>
    <tvshowtitle>  Stargate SG-1</tvshowtitle>
    <year>  1997</year>
    <title>Allegiance</title>
    <premiered>2002-08-10</premiered>
    <season>6</season>
    <episode>9</episode>
  </meta>
  <link>
    <sublink>search</sublink>
    <sublink>searchsd</sublink>
  </link>
  <thumbnail>https://image.tmdb.org/t/p/w1280//jf4bBGLPm5anXXjwgLJ5BYQcTJ6.jpg</thumbnail>
  <fanart>
  </fanart>
</item>
<item>
  <title>Cure</title>
  <meta>
    <content>episode</content>
    <imdb>tt0118480</imdb>
    <tvshowtitle>  Stargate SG-1</tvshowtitle>
    <year>  1997</year>
    <title>Cure</title>
    <premiered>2002-08-17</premiered>
    <season>6</season>
    <episode>10</episode>
  </meta>
  <link>
    <sublink>search</sublink>
    <sublink>searchsd</sublink>
  </link>
  <thumbnail>https://image.tmdb.org/t/p/w1280//irMTPTiYYFkAAQzhoPNhnd26Dzy.jpg</thumbnail>
  <fanart>
  </fanart>
</item>
<item>
  <title>Prometheus (1)</title>
  <meta>
    <content>episode</content>
    <imdb>tt0118480</imdb>
    <tvshowtitle>  Stargate SG-1</tvshowtitle>
    <year>  1997</year>
    <title>Prometheus (1)</title>
    <premiered>2002-08-24</premiered>
    <season>6</season>
    <episode>11</episode>
  </meta>
  <link>
    <sublink>search</sublink>
    <sublink>searchsd</sublink>
  </link>
  <thumbnail>https://image.tmdb.org/t/p/w1280//xs0eV94QXIfWQvJi1qXL2hNxkgX.jpg</thumbnail>
  <fanart>
  </fanart>
</item>
<item>
  <title>Unnatural Selection (2)</title>
  <meta>
    <content>episode</content>
    <imdb>tt0118480</imdb>
    <tvshowtitle>  Stargate SG-1</tvshowtitle>
    <year>  1997</year>
    <title>Unnatural Selection (2)</title>
    <premiered>2003-01-11</premiered>
    <season>6</season>
    <episode>12</episode>
  </meta>
  <link>
    <sublink>search</sublink>
    <sublink>searchsd</sublink>
  </link>
  <thumbnail>https://image.tmdb.org/t/p/w1280//9RmtSTD1441ZSDwGHPPCVx1t6bf.jpg</thumbnail>
  <fanart>
  </fanart>
</item>
<item>
  <title>Sight Unseen</title>
  <meta>
    <content>episode</content>
    <imdb>tt0118480</imdb>
    <tvshowtitle>  Stargate SG-1</tvshowtitle>
    <year>  1997</year>
    <title>Sight Unseen</title>
    <premiered>2003-01-18</premiered>
    <season>6</season>
    <episode>13</episode>
  </meta>
  <link>
    <sublink>search</sublink>
    <sublink>searchsd</sublink>
  </link>
  <thumbnail>https://image.tmdb.org/t/p/w1280//4KzMgDIixDVUKSryPEXmBTVrA3C.jpg</thumbnail>
  <fanart>
  </fanart>
</item>
<item>
  <title>Smoke and Mirrors</title>
  <meta>
    <content>episode</content>
    <imdb>tt0118480</imdb>
    <tvshowtitle>  Stargate SG-1</tvshowtitle>
    <year>  1997</year>
    <title>Smoke and Mirrors</title>
    <premiered>2003-01-25</premiered>
    <season>6</season>
    <episode>14</episode>
  </meta>
  <link>
    <sublink>search</sublink>
    <sublink>searchsd</sublink>
  </link>
  <thumbnail>https://image.tmdb.org/t/p/w1280//Aoqm9W9ldo5yrQlLis83iJKaOxf.jpg</thumbnail>
  <fanart>
  </fanart>
</item>
<item>
  <title>Paradise Lost</title>
  <meta>
    <content>episode</content>
    <imdb>tt0118480</imdb>
    <tvshowtitle>  Stargate SG-1</tvshowtitle>
    <year>  1997</year>
    <title>Paradise Lost</title>
    <premiered>2003-02-01</premiered>
    <season>6</season>
    <episode>15</episode>
  </meta>
  <link>
    <sublink>search</sublink>
    <sublink>searchsd</sublink>
  </link>
  <thumbnail>https://image.tmdb.org/t/p/w1280//imlK8q4RIyY3fCpie0acGqTBuhi.jpg</thumbnail>
  <fanart>
  </fanart>
</item>
<item>
  <title>Metamorphosis</title>
  <meta>
    <content>episode</content>
    <imdb>tt0118480</imdb>
    <tvshowtitle>  Stargate SG-1</tvshowtitle>
    <year>  1997</year>
    <title>Metamorphosis</title>
    <premiered>2003-02-08</premiered>
    <season>6</season>
    <episode>16</episode>
  </meta>
  <link>
    <sublink>search</sublink>
    <sublink>searchsd</sublink>
  </link>
  <thumbnail>https://image.tmdb.org/t/p/w1280//Aw2BiXg8nOPbki1Aw0gjmJuT74s.jpg</thumbnail>
  <fanart>
  </fanart>
</item>
<item>
  <title>Disclosure</title>
  <meta>
    <content>episode</content>
    <imdb>tt0118480</imdb>
    <tvshowtitle>  Stargate SG-1</tvshowtitle>
    <year>  1997</year>
    <title>Disclosure</title>
    <premiered>2003-02-15</premiered>
    <season>6</season>
    <episode>17</episode>
  </meta>
  <link>
    <sublink>search</sublink>
    <sublink>searchsd</sublink>
  </link>
  <thumbnail>https://image.tmdb.org/t/p/w1280//ny1QX05hw9UoH2TAwApyWgykvcJ.jpg</thumbnail>
  <fanart>
  </fanart>
</item>
<item>
  <title>Forsaken</title>
  <meta>
    <content>episode</content>
    <imdb>tt0118480</imdb>
    <tvshowtitle>  Stargate SG-1</tvshowtitle>
    <year>  1997</year>
    <title>Forsaken</title>
    <premiered>2003-02-22</premiered>
    <season>6</season>
    <episode>18</episode>
  </meta>
  <link>
    <sublink>search</sublink>
    <sublink>searchsd</sublink>
  </link>
  <thumbnail>https://image.tmdb.org/t/p/w1280//kov5tLBnT5zCpGDYWPqRlHONJYx.jpg</thumbnail>
  <fanart>
  </fanart>
</item>
<item>
  <title>The Changeling</title>
  <meta>
    <content>episode</content>
    <imdb>tt0118480</imdb>
    <tvshowtitle>  Stargate SG-1</tvshowtitle>
    <year>  1997</year>
    <title>The Changeling</title>
    <premiered>2003-03-01</premiered>
    <season>6</season>
    <episode>19</episode>
  </meta>
  <link>
    <sublink>search</sublink>
    <sublink>searchsd</sublink>
  </link>
  <thumbnail>https://image.tmdb.org/t/p/w1280//kwy6Vf4u21W6bR37ChMxRR6rpiy.jpg</thumbnail>
  <fanart>
  </fanart>
</item>
<item>
  <title>Memento</title>
  <meta>
    <content>episode</content>
    <imdb>tt0118480</imdb>
    <tvshowtitle>  Stargate SG-1</tvshowtitle>
    <year>  1997</year>
    <title>Memento</title>
    <premiered>2003-03-08</premiered>
    <season>6</season>
    <episode>20</episode>
  </meta>
  <link>
    <sublink>search</sublink>
    <sublink>searchsd</sublink>
  </link>
  <thumbnail>https://image.tmdb.org/t/p/w1280//xjIqphOuw0AJDsvAHRP1z4pDE9E.jpg</thumbnail>
  <fanart>
  </fanart>
</item>
<item>
  <title>Prophecy</title>
  <meta>
    <content>episode</content>
    <imdb>tt0118480</imdb>
    <tvshowtitle>  Stargate SG-1</tvshowtitle>
    <year>  1997</year>
    <title>Prophecy</title>
    <premiered>2003-03-15</premiered>
    <season>6</season>
    <episode>21</episode>
  </meta>
  <link>
    <sublink>search</sublink>
    <sublink>searchsd</sublink>
  </link>
  <thumbnail>https://image.tmdb.org/t/p/w1280//paT6lLjYk4v0S64IIMxMObsYb2d.jpg</thumbnail>
  <fanart>
  </fanart>
</item>
<item>
  <title>Full Circle</title>
  <meta>
    <content>episode</content>
    <imdb>tt0118480</imdb>
    <tvshowtitle>  Stargate SG-1</tvshowtitle>
    <year>  1997</year>
    <title>Full Circle</title>
    <premiered>2003-03-22</premiered>
    <season>6</season>
    <episode>22</episode>
  </meta>
  <link>
    <sublink>search</sublink>
    <sublink>searchsd</sublink>
  </link>
  <thumbnail>https://image.tmdb.org/t/p/w1280//97Uho7FwYxcEnWGTx66MVzjqe7I.jpg</thumbnail>
  <fanart>
  </fanart>
</item>