
<item>
  <title>New Order (1)</title>
  <meta>
    <content>episode</content>
    <imdb>tt0118480</imdb>
    <tvshowtitle>  Stargate SG-1</tvshowtitle>
    <year>  1997</year>
    <title>New Order (1)</title>
    <premiered>2004-07-10</premiered>
    <season>8</season>
    <episode>1</episode>
  </meta>
  <link>
    <sublink>search</sublink>
    <sublink>searchsd</sublink>
  </link>
  <thumbnail>https://image.tmdb.org/t/p/w1280//bZvSQZYCUoFIivceJNqi0FB3M0T.jpg</thumbnail>
  <fanart>
  </fanart>
</item>
<item>
  <title>New Order (2)</title>
  <meta>
    <content>episode</content>
    <imdb>tt0118480</imdb>
    <tvshowtitle>  Stargate SG-1</tvshowtitle>
    <year>  1997</year>
    <title>New Order (2)</title>
    <premiered>2004-07-10</premiered>
    <season>8</season>
    <episode>2</episode>
  </meta>
  <link>
    <sublink>search</sublink>
    <sublink>searchsd</sublink>
  </link>
  <thumbnail>https://image.tmdb.org/t/p/w1280//3OQJPxOxsLTyqIctQPZQa5RwHs6.jpg</thumbnail>
  <fanart>
  </fanart>
</item>
<item>
  <title>Lockdown</title>
  <meta>
    <content>episode</content>
    <imdb>tt0118480</imdb>
    <tvshowtitle>  Stargate SG-1</tvshowtitle>
    <year>  1997</year>
    <title>Lockdown</title>
    <premiered>2004-07-24</premiered>
    <season>8</season>
    <episode>3</episode>
  </meta>
  <link>
    <sublink>search</sublink>
    <sublink>searchsd</sublink>
  </link>
  <thumbnail>https://image.tmdb.org/t/p/w1280//goWs8l9Zm8aBTIRtZJ6S8pg8QEO.jpg</thumbnail>
  <fanart>
  </fanart>
</item>
<item>
  <title>Zero Hour</title>
  <meta>
    <content>episode</content>
    <imdb>tt0118480</imdb>
    <tvshowtitle>  Stargate SG-1</tvshowtitle>
    <year>  1997</year>
    <title>Zero Hour</title>
    <premiered>2004-07-31</premiered>
    <season>8</season>
    <episode>4</episode>
  </meta>
  <link>
    <sublink>search</sublink>
    <sublink>searchsd</sublink>
  </link>
  <thumbnail>https://image.tmdb.org/t/p/w1280//vRtANEUtO6rho3kT53UYIOwM3Bz.jpg</thumbnail>
  <fanart>
  </fanart>
</item>
<item>
  <title>Icon</title>
  <meta>
    <content>episode</content>
    <imdb>tt0118480</imdb>
    <tvshowtitle>  Stargate SG-1</tvshowtitle>
    <year>  1997</year>
    <title>Icon</title>
    <premiered>2004-08-07</premiered>
    <season>8</season>
    <episode>5</episode>
  </meta>
  <link>
    <sublink>search</sublink>
    <sublink>searchsd</sublink>
  </link>
  <thumbnail>https://image.tmdb.org/t/p/w1280//ZelQE8cyMhzYagwf8d043eRA1p.jpg</thumbnail>
  <fanart>
  </fanart>
</item>
<item>
  <title>Avatar</title>
  <meta>
    <content>episode</content>
    <imdb>tt0118480</imdb>
    <tvshowtitle>  Stargate SG-1</tvshowtitle>
    <year>  1997</year>
    <title>Avatar</title>
    <premiered>2004-08-14</premiered>
    <season>8</season>
    <episode>6</episode>
  </meta>
  <link>
    <sublink>search</sublink>
    <sublink>searchsd</sublink>
  </link>
  <thumbnail>https://image.tmdb.org/t/p/w1280//vF8ImN52bQxPmzyqBfYHPAsPUt9.jpg</thumbnail>
  <fanart>
  </fanart>
</item>
<item>
  <title>Affinity</title>
  <meta>
    <content>episode</content>
    <imdb>tt0118480</imdb>
    <tvshowtitle>  Stargate SG-1</tvshowtitle>
    <year>  1997</year>
    <title>Affinity</title>
    <premiered>2004-08-21</premiered>
    <season>8</season>
    <episode>7</episode>
  </meta>
  <link>
    <sublink>search</sublink>
    <sublink>searchsd</sublink>
  </link>
  <thumbnail>https://image.tmdb.org/t/p/w1280//x8kxekKZYJbVp9hr5TN5N7vnXiK.jpg</thumbnail>
  <fanart>
  </fanart>
</item>
<item>
  <title>Covenant</title>
  <meta>
    <content>episode</content>
    <imdb>tt0118480</imdb>
    <tvshowtitle>  Stargate SG-1</tvshowtitle>
    <year>  1997</year>
    <title>Covenant</title>
    <premiered>2004-08-28</premiered>
    <season>8</season>
    <episode>8</episode>
  </meta>
  <link>
    <sublink>search</sublink>
    <sublink>searchsd</sublink>
  </link>
  <thumbnail>https://image.tmdb.org/t/p/w1280//1q8d4rKMUYJ1YaEePmLanNtvGbE.jpg</thumbnail>
  <fanart>
  </fanart>
</item>
<item>
  <title>Sacrifices</title>
  <meta>
    <content>episode</content>
    <imdb>tt0118480</imdb>
    <tvshowtitle>  Stargate SG-1</tvshowtitle>
    <year>  1997</year>
    <title>Sacrifices</title>
    <premiered>2004-09-11</premiered>
    <season>8</season>
    <episode>9</episode>
  </meta>
  <link>
    <sublink>search</sublink>
    <sublink>searchsd</sublink>
  </link>
  <thumbnail>https://image.tmdb.org/t/p/w1280//utXLsWVGnnDnmOsVLmTKewbSmzW.jpg</thumbnail>
  <fanart>
  </fanart>
</item>
<item>
  <title>Endgame</title>
  <meta>
    <content>episode</content>
    <imdb>tt0118480</imdb>
    <tvshowtitle>  Stargate SG-1</tvshowtitle>
    <year>  1997</year>
    <title>Endgame</title>
    <premiered>2004-09-18</premiered>
    <season>8</season>
    <episode>10</episode>
  </meta>
  <link>
    <sublink>search</sublink>
    <sublink>searchsd</sublink>
  </link>
  <thumbnail>https://image.tmdb.org/t/p/w1280//oj2SCOt6FcntF7ckxh3EPQAPtlT.jpg</thumbnail>
  <fanart>
  </fanart>
</item>
<item>
  <title>Gemini</title>
  <meta>
    <content>episode</content>
    <imdb>tt0118480</imdb>
    <tvshowtitle>  Stargate SG-1</tvshowtitle>
    <year>  1997</year>
    <title>Gemini</title>
    <premiered>2005-01-22</premiered>
    <season>8</season>
    <episode>11</episode>
  </meta>
  <link>
    <sublink>search</sublink>
    <sublink>searchsd</sublink>
  </link>
  <thumbnail>https://image.tmdb.org/t/p/w1280//jcQODpdcNWClW6CMrJ4ufcdk9DS.jpg</thumbnail>
  <fanart>
  </fanart>
</item>
<item>
  <title>Prometheus Unbound</title>
  <meta>
    <content>episode</content>
    <imdb>tt0118480</imdb>
    <tvshowtitle>  Stargate SG-1</tvshowtitle>
    <year>  1997</year>
    <title>Prometheus Unbound</title>
    <premiered>2005-01-29</premiered>
    <season>8</season>
    <episode>12</episode>
  </meta>
  <link>
    <sublink>search</sublink>
    <sublink>searchsd</sublink>
  </link>
  <thumbnail>https://image.tmdb.org/t/p/w1280//qeQmtLBSUTaEBsOHcZyHxJw5DUE.jpg</thumbnail>
  <fanart>
  </fanart>
</item>
<item>
  <title>It's Good To Be King</title>
  <meta>
    <content>episode</content>
    <imdb>tt0118480</imdb>
    <tvshowtitle>  Stargate SG-1</tvshowtitle>
    <year>  1997</year>
    <title>It's Good To Be King</title>
    <premiered>2005-02-05</premiered>
    <season>8</season>
    <episode>13</episode>
  </meta>
  <link>
    <sublink>search</sublink>
    <sublink>searchsd</sublink>
  </link>
  <thumbnail>https://image.tmdb.org/t/p/w1280//pWM2z5rstWEnfHCMXxeDsXUUgKs.jpg</thumbnail>
  <fanart>
  </fanart>
</item>
<item>
  <title>Full Alert</title>
  <meta>
    <content>episode</content>
    <imdb>tt0118480</imdb>
    <tvshowtitle>  Stargate SG-1</tvshowtitle>
    <year>  1997</year>
    <title>Full Alert</title>
    <premiered>2005-02-12</premiered>
    <season>8</season>
    <episode>14</episode>
  </meta>
  <link>
    <sublink>search</sublink>
    <sublink>searchsd</sublink>
  </link>
  <thumbnail>https://image.tmdb.org/t/p/w1280//12D7Zu3kgnOmz4Bw5dGyxbHlyOp.jpg</thumbnail>
  <fanart>
  </fanart>
</item>
<item>
  <title>Citizen Joe</title>
  <meta>
    <content>episode</content>
    <imdb>tt0118480</imdb>
    <tvshowtitle>  Stargate SG-1</tvshowtitle>
    <year>  1997</year>
    <title>Citizen Joe</title>
    <premiered>2005-02-19</premiered>
    <season>8</season>
    <episode>15</episode>
  </meta>
  <link>
    <sublink>search</sublink>
    <sublink>searchsd</sublink>
  </link>
  <thumbnail>https://image.tmdb.org/t/p/w1280//uTLwawC0idsQgxpzyXuSZfWva7t.jpg</thumbnail>
  <fanart>
  </fanart>
</item>
<item>
  <title>Reckoning (1)</title>
  <meta>
    <content>episode</content>
    <imdb>tt0118480</imdb>
    <tvshowtitle>  Stargate SG-1</tvshowtitle>
    <year>  1997</year>
    <title>Reckoning (1)</title>
    <premiered>2005-02-26</premiered>
    <season>8</season>
    <episode>16</episode>
  </meta>
  <link>
    <sublink>search</sublink>
    <sublink>searchsd</sublink>
  </link>
  <thumbnail>https://image.tmdb.org/t/p/w1280//d9m9y4l17keCkfkpkAPasG1d13K.jpg</thumbnail>
  <fanart>
  </fanart>
</item>
<item>
  <title>Reckoning (2)</title>
  <meta>
    <content>episode</content>
    <imdb>tt0118480</imdb>
    <tvshowtitle>  Stargate SG-1</tvshowtitle>
    <year>  1997</year>
    <title>Reckoning (2)</title>
    <premiered>2005-03-05</premiered>
    <season>8</season>
    <episode>17</episode>
  </meta>
  <link>
    <sublink>search</sublink>
    <sublink>searchsd</sublink>
  </link>
  <thumbnail>https://image.tmdb.org/t/p/w1280//7GpgdEP7T3WKO67AubH8nt6qP6z.jpg</thumbnail>
  <fanart>
  </fanart>
</item>
<item>
  <title>Threads</title>
  <meta>
    <content>episode</content>
    <imdb>tt0118480</imdb>
    <tvshowtitle>  Stargate SG-1</tvshowtitle>
    <year>  1997</year>
    <title>Threads</title>
    <premiered>2005-03-12</premiered>
    <season>8</season>
    <episode>18</episode>
  </meta>
  <link>
    <sublink>search</sublink>
    <sublink>searchsd</sublink>
  </link>
  <thumbnail>https://image.tmdb.org/t/p/w1280//aTqnwiRUb8pvnoJNi49wzTBsifv.jpg</thumbnail>
  <fanart>
  </fanart>
</item>
<item>
  <title>Moebius (1)</title>
  <meta>
    <content>episode</content>
    <imdb>tt0118480</imdb>
    <tvshowtitle>  Stargate SG-1</tvshowtitle>
    <year>  1997</year>
    <title>Moebius (1)</title>
    <premiered>2005-03-19</premiered>
    <season>8</season>
    <episode>19</episode>
  </meta>
  <link>
    <sublink>search</sublink>
    <sublink>searchsd</sublink>
  </link>
  <thumbnail>https://image.tmdb.org/t/p/w1280//ckif7KLKkgekqK4yqM0T5apgbuN.jpg</thumbnail>
  <fanart>
  </fanart>
</item>
<item>
  <title>Moebius (2)</title>
  <meta>
    <content>episode</content>
    <imdb>tt0118480</imdb>
    <tvshowtitle>  Stargate SG-1</tvshowtitle>
    <year>  1997</year>
    <title>Moebius (2)</title>
    <premiered>2005-03-26</premiered>
    <season>8</season>
    <episode>20</episode>
  </meta>
  <link>
    <sublink>search</sublink>
    <sublink>searchsd</sublink>
  </link>
  <thumbnail>https://image.tmdb.org/t/p/w1280//g5fpbhwURQNbF5vrHdFgDOesjsQ.jpg</thumbnail>
  <fanart>
  </fanart>
</item>
