
<item>
  <title>Children of the Gods (1)</title>
  <meta>
    <content>episode</content>
    <imdb>tt0118480</imdb>
    <tvshowtitle>  Stargate SG-1</tvshowtitle>
    <year>  1997</year>
    <title>Children of the Gods (1)</title>
    <premiered>1997-07-28</premiered>
    <season>1</season>
    <episode>1</episode>
  </meta>
  <link>
    <sublink>search</sublink>
    <sublink>searchsd</sublink>
  </link>
  <thumbnail>https://image.tmdb.org/t/p/w1280//gvUNea586UfEeMyXbzgI02HzEJT.jpg</thumbnail>
  <fanart>
  </fanart>
</item>
<item>
  <title>Children of the Gods (2)</title>
  <meta>
    <content>episode</content>
    <imdb>tt0118480</imdb>
    <tvshowtitle>  Stargate SG-1</tvshowtitle>
    <year>  1997</year>
    <title>Children of the Gods (2)</title>
    <premiered>1997-07-28</premiered>
    <season>1</season>
    <episode>2</episode>
  </meta>
  <link>
    <sublink>search</sublink>
    <sublink>searchsd</sublink>
  </link>
  <thumbnail>https://image.tmdb.org/t/p/w1280//shzogWSFdsHHvdQL8BzLrW3CRHU.jpg</thumbnail>
  <fanart>
  </fanart>
</item>
<item>
  <title>The Enemy Within</title>
  <meta>
    <content>episode</content>
    <imdb>tt0118480</imdb>
    <tvshowtitle>  Stargate SG-1</tvshowtitle>
    <year>  1997</year>
    <title>The Enemy Within</title>
    <premiered>1997-08-02</premiered>
    <season>1</season>
    <episode>3</episode>
  </meta>
  <link>
    <sublink>search</sublink>
    <sublink>searchsd</sublink>
  </link>
  <thumbnail>https://image.tmdb.org/t/p/w1280//53I9owrjVTMuGP103HnuyjqwRvA.jpg</thumbnail>
  <fanart>
  </fanart>
</item>
<item>
  <title>Emancipation</title>
  <meta>
    <content>episode</content>
    <imdb>tt0118480</imdb>
    <tvshowtitle>  Stargate SG-1</tvshowtitle>
    <year>  1997</year>
    <title>Emancipation</title>
    <premiered>1997-08-09</premiered>
    <season>1</season>
    <episode>4</episode>
  </meta>
  <link>
    <sublink>search</sublink>
    <sublink>searchsd</sublink>
  </link>
  <thumbnail>https://image.tmdb.org/t/p/w1280//oHuBK6BVB7Ln368NGo5li5c90oi.jpg</thumbnail>
  <fanart>
  </fanart>
</item>
<item>
  <title>The Broca Divide</title>
  <meta>
    <content>episode</content>
    <imdb>tt0118480</imdb>
    <tvshowtitle>  Stargate SG-1</tvshowtitle>
    <year>  1997</year>
    <title>The Broca Divide</title>
    <premiered>1997-08-16</premiered>
    <season>1</season>
    <episode>5</episode>
  </meta>
  <link>
    <sublink>search</sublink>
    <sublink>searchsd</sublink>
  </link>
  <thumbnail>https://image.tmdb.org/t/p/w1280//4F9R0khhgJ7IVwKOG5Mfz388kb8.jpg</thumbnail>
  <fanart>
  </fanart>
</item>
<item>
  <title>The First Commandment</title>
  <meta>
    <content>episode</content>
    <imdb>tt0118480</imdb>
    <tvshowtitle>  Stargate SG-1</tvshowtitle>
    <year>  1997</year>
    <title>The First Commandment</title>
    <premiered>1997-08-23</premiered>
    <season>1</season>
    <episode>6</episode>
  </meta>
  <link>
    <sublink>search</sublink>
    <sublink>searchsd</sublink>
  </link>
  <thumbnail>https://image.tmdb.org/t/p/w1280//1eRLWU48uP3Ajy92Mrs0fcoQ7AS.jpg</thumbnail>
  <fanart>
  </fanart>
</item>
<item>
  <title>Cold Lazarus</title>
  <meta>
    <content>episode</content>
    <imdb>tt0118480</imdb>
    <tvshowtitle>  Stargate SG-1</tvshowtitle>
    <year>  1997</year>
    <title>Cold Lazarus</title>
    <premiered>1997-08-30</premiered>
    <season>1</season>
    <episode>7</episode>
  </meta>
  <link>
    <sublink>search</sublink>
    <sublink>searchsd</sublink>
  </link>
  <thumbnail>https://image.tmdb.org/t/p/w1280//ptjFFy4dTkAbCj8uEYwxSSuXIwa.jpg</thumbnail>
  <fanart>
  </fanart>
</item>
<item>
  <title>The Nox</title>
  <meta>
    <content>episode</content>
    <imdb>tt0118480</imdb>
    <tvshowtitle>  Stargate SG-1</tvshowtitle>
    <year>  1997</year>
    <title>The Nox</title>
    <premiered>1997-09-13</premiered>
    <season>1</season>
    <episode>8</episode>
  </meta>
  <link>
    <sublink>search</sublink>
    <sublink>searchsd</sublink>
  </link>
  <thumbnail>https://image.tmdb.org/t/p/w1280//bThO6S1wwXQgDXlDkrUwzac8t3v.jpg</thumbnail>
  <fanart>
  </fanart>
</item>
<item>
  <title>Brief Candle</title>
  <meta>
    <content>episode</content>
    <imdb>tt0118480</imdb>
    <tvshowtitle>  Stargate SG-1</tvshowtitle>
    <year>  1997</year>
    <title>Brief Candle</title>
    <premiered>1997-09-20</premiered>
    <season>1</season>
    <episode>9</episode>
  </meta>
  <link>
    <sublink>search</sublink>
    <sublink>searchsd</sublink>
  </link>
  <thumbnail>https://image.tmdb.org/t/p/w1280//oYow2kzAY28tWP0oZaYGykKmTRk.jpg</thumbnail>
  <fanart>
  </fanart>
</item>
<item>
  <title>Thor's Hammer</title>
  <meta>
    <content>episode</content>
    <imdb>tt0118480</imdb>
    <tvshowtitle>  Stargate SG-1</tvshowtitle>
    <year>  1997</year>
    <title>Thor's Hammer</title>
    <premiered>1997-09-27</premiered>
    <season>1</season>
    <episode>10</episode>
  </meta>
  <link>
    <sublink>search</sublink>
    <sublink>searchsd</sublink>
  </link>
  <thumbnail>https://image.tmdb.org/t/p/w1280//sMCNB4FF3C0P44UfPxFmbu4xD8M.jpg</thumbnail>
  <fanart>
  </fanart>
</item>
<item>
  <title>The Torment of Tantalus</title>
  <meta>
    <content>episode</content>
    <imdb>tt0118480</imdb>
    <tvshowtitle>  Stargate SG-1</tvshowtitle>
    <year>  1997</year>
    <title>The Torment of Tantalus</title>
    <premiered>1997-10-04</premiered>
    <season>1</season>
    <episode>11</episode>
  </meta>
  <link>
    <sublink>search</sublink>
    <sublink>searchsd</sublink>
  </link>
  <thumbnail>https://image.tmdb.org/t/p/w1280//jmavFpZoP3QwMioNGoVR9MOJ1Y2.jpg</thumbnail>
  <fanart>
  </fanart>
</item>
<item>
  <title>Bloodlines</title>
  <meta>
    <content>episode</content>
    <imdb>tt0118480</imdb>
    <tvshowtitle>  Stargate SG-1</tvshowtitle>
    <year>  1997</year>
    <title>Bloodlines</title>
    <premiered>1997-10-11</premiered>
    <season>1</season>
    <episode>12</episode>
  </meta>
  <link>
    <sublink>search</sublink>
    <sublink>searchsd</sublink>
  </link>
  <thumbnail>https://image.tmdb.org/t/p/w1280//oW7OJflXPxm1xKOMKgrIWF3SKcI.jpg</thumbnail>
  <fanart>
  </fanart>
</item>
<item>
  <title>Fire and Water</title>
  <meta>
    <content>episode</content>
    <imdb>tt0118480</imdb>
    <tvshowtitle>  Stargate SG-1</tvshowtitle>
    <year>  1997</year>
    <title>Fire and Water</title>
    <premiered>1997-10-18</premiered>
    <season>1</season>
    <episode>13</episode>
  </meta>
  <link>
    <sublink>search</sublink>
    <sublink>searchsd</sublink>
  </link>
  <thumbnail>https://image.tmdb.org/t/p/w1280//mi28YmmsFV1sN6ISVlO2C9Nvrnp.jpg</thumbnail>
  <fanart>
  </fanart>
</item>
<item>
  <title>Hathor</title>
  <meta>
    <content>episode</content>
    <imdb>tt0118480</imdb>
    <tvshowtitle>  Stargate SG-1</tvshowtitle>
    <year>  1997</year>
    <title>Hathor</title>
    <premiered>1997-10-25</premiered>
    <season>1</season>
    <episode>14</episode>
  </meta>
  <link>
    <sublink>search</sublink>
    <sublink>searchsd</sublink>
  </link>
  <thumbnail>https://image.tmdb.org/t/p/w1280//dW7MyM7MXEJEk7TALuD9Qur70iy.jpg</thumbnail>
  <fanart>
  </fanart>
</item>
<item>
  <title>Singularity</title>
  <meta>
    <content>episode</content>
    <imdb>tt0118480</imdb>
    <tvshowtitle>  Stargate SG-1</tvshowtitle>
    <year>  1997</year>
    <title>Singularity</title>
    <premiered>1997-11-01</premiered>
    <season>1</season>
    <episode>15</episode>
  </meta>
  <link>
    <sublink>search</sublink>
    <sublink>searchsd</sublink>
  </link>
  <thumbnail>https://image.tmdb.org/t/p/w1280//3Fu5IRyQjy7EhxgZh7pbMEqXgpw.jpg</thumbnail>
  <fanart>
  </fanart>
</item>
<item>
  <title>Cor-Ai</title>
  <meta>
    <content>episode</content>
    <imdb>tt0118480</imdb>
    <tvshowtitle>  Stargate SG-1</tvshowtitle>
    <year>  1997</year>
    <title>Cor-Ai</title>
    <premiered>1998-01-24</premiered>
    <season>1</season>
    <episode>16</episode>
  </meta>
  <link>
    <sublink>search</sublink>
    <sublink>searchsd</sublink>
  </link>
  <thumbnail>https://image.tmdb.org/t/p/w1280//jVtsdV2u9Hc415opNmINcfrP483.jpg</thumbnail>
  <fanart>
  </fanart>
</item>
<item>
  <title>Enigma</title>
  <meta>
    <content>episode</content>
    <imdb>tt0118480</imdb>
    <tvshowtitle>  Stargate SG-1</tvshowtitle>
    <year>  1997</year>
    <title>Enigma</title>
    <premiered>1998-01-31</premiered>
    <season>1</season>
    <episode>17</episode>
  </meta>
  <link>
    <sublink>search</sublink>
    <sublink>searchsd</sublink>
  </link>
  <thumbnail>https://image.tmdb.org/t/p/w1280//bFHnB3YzyfoACCx2vUZPyLAR3IK.jpg</thumbnail>
  <fanart>
  </fanart>
</item>
<item>
  <title>Solitudes</title>
  <meta>
    <content>episode</content>
    <imdb>tt0118480</imdb>
    <tvshowtitle>  Stargate SG-1</tvshowtitle>
    <year>  1997</year>
    <title>Solitudes</title>
    <premiered>1998-02-07</premiered>
    <season>1</season>
    <episode>18</episode>
  </meta>
  <link>
    <sublink>search</sublink>
    <sublink>searchsd</sublink>
  </link>
  <thumbnail>https://image.tmdb.org/t/p/w1280//vhdCFPoAR9B7UueCdy4MnAxCBjN.jpg</thumbnail>
  <fanart>
  </fanart>
</item>
<item>
  <title>Tin Man</title>
  <meta>
    <content>episode</content>
    <imdb>tt0118480</imdb>
    <tvshowtitle>  Stargate SG-1</tvshowtitle>
    <year>  1997</year>
    <title>Tin Man</title>
    <premiered>1998-02-14</premiered>
    <season>1</season>
    <episode>19</episode>
  </meta>
  <link>
    <sublink>search</sublink>
    <sublink>searchsd</sublink>
  </link>
  <thumbnail>https://image.tmdb.org/t/p/w1280//wrOeG9B3SPYsUi0nT5hj25w84RJ.jpg</thumbnail>
  <fanart>
  </fanart>
</item>
<item>
  <title>There But For the Grace of God</title>
  <meta>
    <content>episode</content>
    <imdb>tt0118480</imdb>
    <tvshowtitle>  Stargate SG-1</tvshowtitle>
    <year>  1997</year>
    <title>There But For the Grace of God</title>
    <premiered>1998-02-21</premiered>
    <season>1</season>
    <episode>20</episode>
  </meta>
  <link>
    <sublink>search</sublink>
    <sublink>searchsd</sublink>
  </link>
  <thumbnail>https://image.tmdb.org/t/p/w1280//h71rbDm1ZsbQpfWYtVtUV1hYOiu.jpg</thumbnail>
  <fanart>
  </fanart>
</item>
<item>
  <title>Politics</title>
  <meta>
    <content>episode</content>
    <imdb>tt0118480</imdb>
    <tvshowtitle>  Stargate SG-1</tvshowtitle>
    <year>  1997</year>
    <title>Politics</title>
    <premiered>1998-02-28</premiered>
    <season>1</season>
    <episode>21</episode>
  </meta>
  <link>
    <sublink>search</sublink>
    <sublink>searchsd</sublink>
  </link>
  <thumbnail>https://image.tmdb.org/t/p/w1280//8j35YIzSB7NFRXdQx5osQbYD0cc.jpg</thumbnail>
  <fanart>
  </fanart>
</item>
<item>
  <title>Within the Serpent's Grasp</title>
  <meta>
    <content>episode</content>
    <imdb>tt0118480</imdb>
    <tvshowtitle>  Stargate SG-1</tvshowtitle>
    <year>  1997</year>
    <title>Within the Serpent's Grasp</title>
    <premiered>1998-03-07</premiered>
    <season>1</season>
    <episode>22</episode>
  </meta>
  <link>
    <sublink>search</sublink>
    <sublink>searchsd</sublink>
  </link>
  <thumbnail>https://image.tmdb.org/t/p/w1280//sjtZL2RHRsDAX3lRvoHZeXKrCZd.jpg</thumbnail>
  <fanart>
  </fanart>
</item>