<?xml version="1.0" encoding="UTF-8" standalone="yes"?>
 <item>
    <title>[B][COLOR black]==========[/COLOR][COLOR blue]STAR TREK COLLECTION[/COLOR][COLOR black]==========[/COLOR][/B]</title>
    <thumbnail>http://entersandman.xyz/sanitypics/icon.png</thumbnail>
    <fanart>http://entersandman.xyz/sanityfanart/fanart.jpg</fanart>
  </item>

  <dir>
    <title>[COLOR blue]Star Trek star trek[/COLOR]</title>
    <trekkie>all</trekkie>
    <thumbnail>http://entersandman.xyz/sanitypics/star trek.png</thumbnail>
    <fanart>http://entersandman.xyz/sanityfanart/star trek.jpg</fanart>
  </dir>

  <dir>
    <title>[COLOR blue]Unofficial Star Trek[/COLOR]</title>
    <trekkie>all</trekkie>
    <thumbnail>http://entersandman.xyz/sanitypics/star trek.png</thumbnail>
    <fanart>http://entersandman.xyz/sanityfanart/star trek.jpg</fanart>
  </dir>

  <dir>
    <title>[COLOR blue]Star Trek Extras[/COLOR]</title>
    <trekkie>all</trekkie>
    <thumbnail>http://entersandman.xyz/sanitypics/star trek.png</thumbnail>
    <fanart>http://entersandman.xyz/sanityfanart/star trek.jpg</fanart>
  </dir>

  <dir>
    <title>[COLOR blue]TV Shows[/COLOR]</title>
    <trekkie>all</trekkie>
    <thumbnail>http://entersandman.xyz/sanitypics/star trek.png</thumbnail>
    <fanart>http://entersandman.xyz/sanityfanart/star trek.jpg</fanart>
  </dir> 

  <dir>
    <title>[COLOR blue]Unofficial Series[/COLOR]</title>
    <trekkie>all</trekkie>
    <thumbnail>http://entersandman.xyz/sanitypics/star trek.png</thumbnail>
    <fanart>http://entersandman.xyz/sanityfanart/star trek.jpg</fanart>
  </dir>
