
<item>
  <title>Air (1)</title>
  <meta>
    <content>episode</content>
    <imdb>tt1286039</imdb>
    <tvshowtitle>  Stargate Universe</tvshowtitle>
    <year>  2009</year>
    <title>Air (1)</title>
    <premiered>2009-10-02</premiered>
    <season>1</season>
    <episode>1</episode>
  </meta>
  <link>
    <sublink>search</sublink>
    <sublink>searchsd</sublink>
  </link>
  <thumbnail>https://image.tmdb.org/t/p/w1280//lIbkdbrW5P9HFfyiZuSsUJVepGY.jpg</thumbnail>
  <fanart>
  </fanart>
</item>
<item>
  <title>Air (2)</title>
  <meta>
    <content>episode</content>
    <imdb>tt1286039</imdb>
    <tvshowtitle>  Stargate Universe</tvshowtitle>
    <year>  2009</year>
    <title>Air (2)</title>
    <premiered>2009-10-02</premiered>
    <season>1</season>
    <episode>2</episode>
  </meta>
  <link>
    <sublink>search</sublink>
    <sublink>searchsd</sublink>
  </link>
  <thumbnail>https://image.tmdb.org/t/p/w1280//kNrjNlGpSFBQg4FezVP9scaf7UT.jpg</thumbnail>
  <fanart>
  </fanart>
</item>
<item>
  <title>Air (3)</title>
  <meta>
    <content>episode</content>
    <imdb>tt1286039</imdb>
    <tvshowtitle>  Stargate Universe</tvshowtitle>
    <year>  2009</year>
    <title>Air (3)</title>
    <premiered>2009-10-09</premiered>
    <season>1</season>
    <episode>3</episode>
  </meta>
  <link>
    <sublink>search</sublink>
    <sublink>searchsd</sublink>
  </link>
  <thumbnail>https://image.tmdb.org/t/p/w1280//o854CYoeX2DYfQ06hnJqYG5lq8c.jpg</thumbnail>
  <fanart>
  </fanart>
</item>
<item>
  <title>Darkness</title>
  <meta>
    <content>episode</content>
    <imdb>tt1286039</imdb>
    <tvshowtitle>  Stargate Universe</tvshowtitle>
    <year>  2009</year>
    <title>Darkness</title>
    <premiered>2009-10-16</premiered>
    <season>1</season>
    <episode>4</episode>
  </meta>
  <link>
    <sublink>search</sublink>
    <sublink>searchsd</sublink>
  </link>
  <thumbnail>https://image.tmdb.org/t/p/w1280//h0QGuCXBsdg3QByY8a2Wg5hRbNu.jpg</thumbnail>
  <fanart>
  </fanart>
</item>
<item>
  <title>Light</title>
  <meta>
    <content>episode</content>
    <imdb>tt1286039</imdb>
    <tvshowtitle>  Stargate Universe</tvshowtitle>
    <year>  2009</year>
    <title>Light</title>
    <premiered>2009-10-23</premiered>
    <season>1</season>
    <episode>5</episode>
  </meta>
  <link>
    <sublink>search</sublink>
    <sublink>searchsd</sublink>
  </link>
  <thumbnail>https://image.tmdb.org/t/p/w1280//p9FRRUsuSbpus5iqcD9dnzrtKVk.jpg</thumbnail>
  <fanart>
  </fanart>
</item>
<item>
  <title>Water</title>
  <meta>
    <content>episode</content>
    <imdb>tt1286039</imdb>
    <tvshowtitle>  Stargate Universe</tvshowtitle>
    <year>  2009</year>
    <title>Water</title>
    <premiered>2009-10-30</premiered>
    <season>1</season>
    <episode>6</episode>
  </meta>
  <link>
    <sublink>search</sublink>
    <sublink>searchsd</sublink>
  </link>
  <thumbnail>https://image.tmdb.org/t/p/w1280//5B7K3ki9y0owgUqZNFJ8tqca16l.jpg</thumbnail>
  <fanart>
  </fanart>
</item>
<item>
  <title>Earth</title>
  <meta>
    <content>episode</content>
    <imdb>tt1286039</imdb>
    <tvshowtitle>  Stargate Universe</tvshowtitle>
    <year>  2009</year>
    <title>Earth</title>
    <premiered>2009-11-06</premiered>
    <season>1</season>
    <episode>7</episode>
  </meta>
  <link>
    <sublink>search</sublink>
    <sublink>searchsd</sublink>
  </link>
  <thumbnail>https://image.tmdb.org/t/p/w1280//jY4QJIryYbFwQUWSBUB2K2UuL1D.jpg</thumbnail>
  <fanart>
  </fanart>
</item>
<item>
  <title>Time</title>
  <meta>
    <content>episode</content>
    <imdb>tt1286039</imdb>
    <tvshowtitle>  Stargate Universe</tvshowtitle>
    <year>  2009</year>
    <title>Time</title>
    <premiered>2009-11-13</premiered>
    <season>1</season>
    <episode>8</episode>
  </meta>
  <link>
    <sublink>search</sublink>
    <sublink>searchsd</sublink>
  </link>
  <thumbnail>https://image.tmdb.org/t/p/w1280//488OWfB986PAF4NjbZhF9mEudDW.jpg</thumbnail>
  <fanart>
  </fanart>
</item>
<item>
  <title>Life</title>
  <meta>
    <content>episode</content>
    <imdb>tt1286039</imdb>
    <tvshowtitle>  Stargate Universe</tvshowtitle>
    <year>  2009</year>
    <title>Life</title>
    <premiered>2009-11-20</premiered>
    <season>1</season>
    <episode>9</episode>
  </meta>
  <link>
    <sublink>search</sublink>
    <sublink>searchsd</sublink>
  </link>
  <thumbnail>https://image.tmdb.org/t/p/w1280//w4RzXsPdYAkqZVWmFIBJ63g4xeI.jpg</thumbnail>
  <fanart>
  </fanart>
</item>
<item>
  <title>Justice</title>
  <meta>
    <content>episode</content>
    <imdb>tt1286039</imdb>
    <tvshowtitle>  Stargate Universe</tvshowtitle>
    <year>  2009</year>
    <title>Justice</title>
    <premiered>2009-12-04</premiered>
    <season>1</season>
    <episode>10</episode>
  </meta>
  <link>
    <sublink>search</sublink>
    <sublink>searchsd</sublink>
  </link>
  <thumbnail>https://image.tmdb.org/t/p/w1280//2PLXd8rAPcVGdcEtDqBvws6NB9J.jpg</thumbnail>
  <fanart>
  </fanart>
</item>
<item>
  <title>Space (1)</title>
  <meta>
    <content>episode</content>
    <imdb>tt1286039</imdb>
    <tvshowtitle>  Stargate Universe</tvshowtitle>
    <year>  2009</year>
    <title>Space (1)</title>
    <premiered>2010-04-02</premiered>
    <season>1</season>
    <episode>11</episode>
  </meta>
  <link>
    <sublink>search</sublink>
    <sublink>searchsd</sublink>
  </link>
  <thumbnail>https://image.tmdb.org/t/p/w1280//gBr4NNhWnnQelFY3ZgqiEppWGvi.jpg</thumbnail>
  <fanart>
  </fanart>
</item>
<item>
  <title>Divided (2)</title>
  <meta>
    <content>episode</content>
    <imdb>tt1286039</imdb>
    <tvshowtitle>  Stargate Universe</tvshowtitle>
    <year>  2009</year>
    <title>Divided (2)</title>
    <premiered>2010-04-09</premiered>
    <season>1</season>
    <episode>12</episode>
  </meta>
  <link>
    <sublink>search</sublink>
    <sublink>searchsd</sublink>
  </link>
  <thumbnail>https://image.tmdb.org/t/p/w1280//3zXddDA6dpPDZhzecOuNc9ulQj7.jpg</thumbnail>
  <fanart>
  </fanart>
</item>
<item>
  <title>Faith</title>
  <meta>
    <content>episode</content>
    <imdb>tt1286039</imdb>
    <tvshowtitle>  Stargate Universe</tvshowtitle>
    <year>  2009</year>
    <title>Faith</title>
    <premiered>2010-04-16</premiered>
    <season>1</season>
    <episode>13</episode>
  </meta>
  <link>
    <sublink>search</sublink>
    <sublink>searchsd</sublink>
  </link>
  <thumbnail>https://image.tmdb.org/t/p/w1280//6Ia29a4UifePmL84PinaEMjutTX.jpg</thumbnail>
  <fanart>
  </fanart>
</item>
<item>
  <title>Human</title>
  <meta>
    <content>episode</content>
    <imdb>tt1286039</imdb>
    <tvshowtitle>  Stargate Universe</tvshowtitle>
    <year>  2009</year>
    <title>Human</title>
    <premiered>2010-04-23</premiered>
    <season>1</season>
    <episode>14</episode>
  </meta>
  <link>
    <sublink>search</sublink>
    <sublink>searchsd</sublink>
  </link>
  <thumbnail>https://image.tmdb.org/t/p/w1280//4Ep6BznMWat0G1lJrJdFcI2QCKo.jpg</thumbnail>
  <fanart>
  </fanart>
</item>
<item>
  <title>Lost</title>
  <meta>
    <content>episode</content>
    <imdb>tt1286039</imdb>
    <tvshowtitle>  Stargate Universe</tvshowtitle>
    <year>  2009</year>
    <title>Lost</title>
    <premiered>2010-04-30</premiered>
    <season>1</season>
    <episode>15</episode>
  </meta>
  <link>
    <sublink>search</sublink>
    <sublink>searchsd</sublink>
  </link>
  <thumbnail>https://image.tmdb.org/t/p/w1280//1qN9FUKY5nhHg5NQl7iDnKZgkyq.jpg</thumbnail>
  <fanart>
  </fanart>
</item>
<item>
  <title>Sabotage</title>
  <meta>
    <content>episode</content>
    <imdb>tt1286039</imdb>
    <tvshowtitle>  Stargate Universe</tvshowtitle>
    <year>  2009</year>
    <title>Sabotage</title>
    <premiered>2010-05-07</premiered>
    <season>1</season>
    <episode>16</episode>
  </meta>
  <link>
    <sublink>search</sublink>
    <sublink>searchsd</sublink>
  </link>
  <thumbnail>https://image.tmdb.org/t/p/w1280//zm4cFgicTqmXMaqaIlY4ffLB2Py.jpg</thumbnail>
  <fanart>
  </fanart>
</item>
<item>
  <title>Pain</title>
  <meta>
    <content>episode</content>
    <imdb>tt1286039</imdb>
    <tvshowtitle>  Stargate Universe</tvshowtitle>
    <year>  2009</year>
    <title>Pain</title>
    <premiered>2010-05-14</premiered>
    <season>1</season>
    <episode>17</episode>
  </meta>
  <link>
    <sublink>search</sublink>
    <sublink>searchsd</sublink>
  </link>
  <thumbnail>https://image.tmdb.org/t/p/w1280//zW8AonWVLDUL35Mvfao2nwgykgw.jpg</thumbnail>
  <fanart>
  </fanart>
</item>
<item>
  <title>Subversion</title>
  <meta>
    <content>episode</content>
    <imdb>tt1286039</imdb>
    <tvshowtitle>  Stargate Universe</tvshowtitle>
    <year>  2009</year>
    <title>Subversion</title>
    <premiered>2010-05-21</premiered>
    <season>1</season>
    <episode>18</episode>
  </meta>
  <link>
    <sublink>search</sublink>
    <sublink>searchsd</sublink>
  </link>
  <thumbnail>https://image.tmdb.org/t/p/w1280//j2aCNu1C0yd529NiZcV1QsOWiCB.jpg</thumbnail>
  <fanart>
  </fanart>
</item>
<item>
  <title>Incursion (1)</title>
  <meta>
    <content>episode</content>
    <imdb>tt1286039</imdb>
    <tvshowtitle>  Stargate Universe</tvshowtitle>
    <year>  2009</year>
    <title>Incursion (1)</title>
    <premiered>2010-06-04</premiered>
    <season>1</season>
    <episode>19</episode>
  </meta>
  <link>
    <sublink>search</sublink>
    <sublink>searchsd</sublink>
  </link>
  <thumbnail>https://image.tmdb.org/t/p/w1280//3Cd8uwMNhUovSoayMlGO0ZM2p48.jpg</thumbnail>
  <fanart>
  </fanart>
</item>
<item>
  <title>Incursion (2)</title>
  <meta>
    <content>episode</content>
    <imdb>tt1286039</imdb>
    <tvshowtitle>  Stargate Universe</tvshowtitle>
    <year>  2009</year>
    <title>Incursion (2)</title>
    <premiered>2010-06-11</premiered>
    <season>1</season>
    <episode>20</episode>
  </meta>
  <link>
    <sublink>search</sublink>
    <sublink>searchsd</sublink>
  </link>
  <thumbnail>https://image.tmdb.org/t/p/w1280//4MESskpQ8PkFTeLKNv4Q5cltsdN.jpg</thumbnail>
  <fanart>
  </fanart>
</item>