
<item>
    <title>[B][COLOR black]==========[/COLOR][COLOR blue]ENJOY YOUR SHOW[/COLOR][COLOR black]==========[/COLOR][/B]</title>
    <thumbnail>http://entersandman.xyz/sanitypics/icon.png</thumbnail>
    <fanart>http://entersandman.xyz/sanityfanart/fanart.jpg</fanart>
  </item>

<dir>
  <title>Season 1</title>
  <meta>
    <imdb>tt1286039</imdb>
    <content>season</content>
    <season>1</season>
  </meta>
  <link>file://sanity/universe/universe season 1.xml</link>
  <thumbnail>https://image.tmdb.org/t/p/w1280//goZWLm1I8o6Gri7dS26OMpXGRmM.jpg</thumbnail>
  <fanart>
  </fanart>
</dir>
<dir>
  <title>Season 2</title>
  <meta>
    <imdb>tt1286039</imdb>
    <content>season</content>
    <season>2</season>
  </meta>
  <link>file://sanity/universe/universe season 2.xml</link>
  <thumbnail>https://image.tmdb.org/t/p/w1280//3vGy8NVfX0bis3YyTwJw3z5JAAQ.jpg</thumbnail>
  <fanart>
  </fanart>
</dir>