
<item>
  <title>Intervention (3)</title>
  <meta>
    <content>episode</content>
    <imdb>tt1286039</imdb>
    <tvshowtitle>  Stargate Universe</tvshowtitle>
    <year>  2009</year>
    <title>Intervention (3)</title>
    <premiered>2010-09-28</premiered>
    <season>2</season>
    <episode>1</episode>
  </meta>
  <link>
    <sublink>search</sublink>
    <sublink>searchsd</sublink>
  </link>
  <thumbnail>https://image.tmdb.org/t/p/w1280//xMvF8axRrmuu3IJbbI5nYwdlFhO.jpg</thumbnail>
  <fanart>
  </fanart>
</item>
<item>
  <title>Aftermath</title>
  <meta>
    <content>episode</content>
    <imdb>tt1286039</imdb>
    <tvshowtitle>  Stargate Universe</tvshowtitle>
    <year>  2009</year>
    <title>Aftermath</title>
    <premiered>2010-10-05</premiered>
    <season>2</season>
    <episode>2</episode>
  </meta>
  <link>
    <sublink>search</sublink>
    <sublink>searchsd</sublink>
  </link>
  <thumbnail>https://image.tmdb.org/t/p/w1280//ol9F4AjOMHW7TyEBrw0o5EEDPn6.jpg</thumbnail>
  <fanart>
  </fanart>
</item>
<item>
  <title>Awakening</title>
  <meta>
    <content>episode</content>
    <imdb>tt1286039</imdb>
    <tvshowtitle>  Stargate Universe</tvshowtitle>
    <year>  2009</year>
    <title>Awakening</title>
    <premiered>2010-10-12</premiered>
    <season>2</season>
    <episode>3</episode>
  </meta>
  <link>
    <sublink>search</sublink>
    <sublink>searchsd</sublink>
  </link>
  <thumbnail>https://image.tmdb.org/t/p/w1280//mh4eSQw4MFwCcQALYjLk7YDu2Mp.jpg</thumbnail>
  <fanart>
  </fanart>
</item>
<item>
  <title>Pathogen</title>
  <meta>
    <content>episode</content>
    <imdb>tt1286039</imdb>
    <tvshowtitle>  Stargate Universe</tvshowtitle>
    <year>  2009</year>
    <title>Pathogen</title>
    <premiered>2010-10-19</premiered>
    <season>2</season>
    <episode>4</episode>
  </meta>
  <link>
    <sublink>search</sublink>
    <sublink>searchsd</sublink>
  </link>
  <thumbnail>https://image.tmdb.org/t/p/w1280//bnP4bhxY42MYHcwHS3KMbPN4twk.jpg</thumbnail>
  <fanart>
  </fanart>
</item>
<item>
  <title>Cloverdale</title>
  <meta>
    <content>episode</content>
    <imdb>tt1286039</imdb>
    <tvshowtitle>  Stargate Universe</tvshowtitle>
    <year>  2009</year>
    <title>Cloverdale</title>
    <premiered>2010-10-26</premiered>
    <season>2</season>
    <episode>5</episode>
  </meta>
  <link>
    <sublink>search</sublink>
    <sublink>searchsd</sublink>
  </link>
  <thumbnail>https://image.tmdb.org/t/p/w1280//aUKoGDrCs5iDAVVAEwDFcrEnUfQ.jpg</thumbnail>
  <fanart>
  </fanart>
</item>
<item>
  <title>Trial and Error</title>
  <meta>
    <content>episode</content>
    <imdb>tt1286039</imdb>
    <tvshowtitle>  Stargate Universe</tvshowtitle>
    <year>  2009</year>
    <title>Trial and Error</title>
    <premiered>2010-11-02</premiered>
    <season>2</season>
    <episode>6</episode>
  </meta>
  <link>
    <sublink>search</sublink>
    <sublink>searchsd</sublink>
  </link>
  <thumbnail>https://image.tmdb.org/t/p/w1280//oo2iEQ2kJOKP8ju79XPGD4pvdaH.jpg</thumbnail>
  <fanart>
  </fanart>
</item>
<item>
  <title>The Greater Good</title>
  <meta>
    <content>episode</content>
    <imdb>tt1286039</imdb>
    <tvshowtitle>  Stargate Universe</tvshowtitle>
    <year>  2009</year>
    <title>The Greater Good</title>
    <premiered>2010-11-09</premiered>
    <season>2</season>
    <episode>7</episode>
  </meta>
  <link>
    <sublink>search</sublink>
    <sublink>searchsd</sublink>
  </link>
  <thumbnail>https://image.tmdb.org/t/p/w1280//1iIX2TOhcgE1UMKVb4Gla2BBajW.jpg</thumbnail>
  <fanart>
  </fanart>
</item>
<item>
  <title>Malice</title>
  <meta>
    <content>episode</content>
    <imdb>tt1286039</imdb>
    <tvshowtitle>  Stargate Universe</tvshowtitle>
    <year>  2009</year>
    <title>Malice</title>
    <premiered>2010-11-16</premiered>
    <season>2</season>
    <episode>8</episode>
  </meta>
  <link>
    <sublink>search</sublink>
    <sublink>searchsd</sublink>
  </link>
  <thumbnail>https://image.tmdb.org/t/p/w1280//gQ4yfAtkjGpqhVS0km0kZgwlXTO.jpg</thumbnail>
  <fanart>
  </fanart>
</item>
<item>
  <title>Visitation</title>
  <meta>
    <content>episode</content>
    <imdb>tt1286039</imdb>
    <tvshowtitle>  Stargate Universe</tvshowtitle>
    <year>  2009</year>
    <title>Visitation</title>
    <premiered>2010-11-23</premiered>
    <season>2</season>
    <episode>9</episode>
  </meta>
  <link>
    <sublink>search</sublink>
    <sublink>searchsd</sublink>
  </link>
  <thumbnail>https://image.tmdb.org/t/p/w1280//qY770qh2wWlZbXRHRLEL01nDxLj.jpg</thumbnail>
  <fanart>
  </fanart>
</item>
<item>
  <title>Resurgence (1)</title>
  <meta>
    <content>episode</content>
    <imdb>tt1286039</imdb>
    <tvshowtitle>  Stargate Universe</tvshowtitle>
    <year>  2009</year>
    <title>Resurgence (1)</title>
    <premiered>2010-11-30</premiered>
    <season>2</season>
    <episode>10</episode>
  </meta>
  <link>
    <sublink>search</sublink>
    <sublink>searchsd</sublink>
  </link>
  <thumbnail>https://image.tmdb.org/t/p/w1280//dBsOli3ZeuMm69e3z9huCHPBPip.jpg</thumbnail>
  <fanart>
  </fanart>
</item>
<item>
  <title>Deliverance (2)</title>
  <meta>
    <content>episode</content>
    <imdb>tt1286039</imdb>
    <tvshowtitle>  Stargate Universe</tvshowtitle>
    <year>  2009</year>
    <title>Deliverance (2)</title>
    <premiered>2011-03-07</premiered>
    <season>2</season>
    <episode>11</episode>
  </meta>
  <link>
    <sublink>search</sublink>
    <sublink>searchsd</sublink>
  </link>
  <thumbnail>https://image.tmdb.org/t/p/w1280//pX0fynaWHa776OSzjx0AFMjHr9H.jpg</thumbnail>
  <fanart>
  </fanart>
</item>
<item>
  <title>Twin Destinies</title>
  <meta>
    <content>episode</content>
    <imdb>tt1286039</imdb>
    <tvshowtitle>  Stargate Universe</tvshowtitle>
    <year>  2009</year>
    <title>Twin Destinies</title>
    <premiered>2011-03-14</premiered>
    <season>2</season>
    <episode>12</episode>
  </meta>
  <link>
    <sublink>search</sublink>
    <sublink>searchsd</sublink>
  </link>
  <thumbnail>https://image.tmdb.org/t/p/w1280//y2aA1lHgLannmDFhPNYv75gDDs7.jpg</thumbnail>
  <fanart>
  </fanart>
</item>
<item>
  <title>Alliances</title>
  <meta>
    <content>episode</content>
    <imdb>tt1286039</imdb>
    <tvshowtitle>  Stargate Universe</tvshowtitle>
    <year>  2009</year>
    <title>Alliances</title>
    <premiered>2011-03-21</premiered>
    <season>2</season>
    <episode>13</episode>
  </meta>
  <link>
    <sublink>search</sublink>
    <sublink>searchsd</sublink>
  </link>
  <thumbnail>https://image.tmdb.org/t/p/w1280//onN9MtlUP6XvKiNMgpY05Vm69qq.jpg</thumbnail>
  <fanart>
  </fanart>
</item>
<item>
  <title>Hope</title>
  <meta>
    <content>episode</content>
    <imdb>tt1286039</imdb>
    <tvshowtitle>  Stargate Universe</tvshowtitle>
    <year>  2009</year>
    <title>Hope</title>
    <premiered>2011-03-28</premiered>
    <season>2</season>
    <episode>14</episode>
  </meta>
  <link>
    <sublink>search</sublink>
    <sublink>searchsd</sublink>
  </link>
  <thumbnail>https://image.tmdb.org/t/p/w1280//epIQfLTw2Gt0ZTPfeCjq8hb9PuV.jpg</thumbnail>
  <fanart>
  </fanart>
</item>
<item>
  <title>Seizure</title>
  <meta>
    <content>episode</content>
    <imdb>tt1286039</imdb>
    <tvshowtitle>  Stargate Universe</tvshowtitle>
    <year>  2009</year>
    <title>Seizure</title>
    <premiered>2011-04-04</premiered>
    <season>2</season>
    <episode>15</episode>
  </meta>
  <link>
    <sublink>search</sublink>
    <sublink>searchsd</sublink>
  </link>
  <thumbnail>https://image.tmdb.org/t/p/w1280//tOYqdaFBynmWKhayt6Lw2ZOccI6.jpg</thumbnail>
  <fanart>
  </fanart>
</item>
<item>
  <title>The Hunt</title>
  <meta>
    <content>episode</content>
    <imdb>tt1286039</imdb>
    <tvshowtitle>  Stargate Universe</tvshowtitle>
    <year>  2009</year>
    <title>The Hunt</title>
    <premiered>2011-04-11</premiered>
    <season>2</season>
    <episode>16</episode>
  </meta>
  <link>
    <sublink>search</sublink>
    <sublink>searchsd</sublink>
  </link>
  <thumbnail>https://image.tmdb.org/t/p/w1280//oUY9uVtQ4MCXoe6cQzXWPPbuNil.jpg</thumbnail>
  <fanart>
  </fanart>
</item>
<item>
  <title>Common Descent (1)</title>
  <meta>
    <content>episode</content>
    <imdb>tt1286039</imdb>
    <tvshowtitle>  Stargate Universe</tvshowtitle>
    <year>  2009</year>
    <title>Common Descent (1)</title>
    <premiered>2011-04-18</premiered>
    <season>2</season>
    <episode>17</episode>
  </meta>
  <link>
    <sublink>search</sublink>
    <sublink>searchsd</sublink>
  </link>
  <thumbnail>https://image.tmdb.org/t/p/w1280//6B7Eg3OYptX2DTranCRwqGXcHAt.jpg</thumbnail>
  <fanart>
  </fanart>
</item>
<item>
  <title>Epilogue (2)</title>
  <meta>
    <content>episode</content>
    <imdb>tt1286039</imdb>
    <tvshowtitle>  Stargate Universe</tvshowtitle>
    <year>  2009</year>
    <title>Epilogue (2)</title>
    <premiered>2011-04-25</premiered>
    <season>2</season>
    <episode>18</episode>
  </meta>
  <link>
    <sublink>search</sublink>
    <sublink>searchsd</sublink>
  </link>
  <thumbnail>https://image.tmdb.org/t/p/w1280//be5ZXNoQZ9ynnEFjEfIftG2HPWF.jpg</thumbnail>
  <fanart>
  </fanart>
</item>
<item>
  <title>Blockade</title>
  <meta>
    <content>episode</content>
    <imdb>tt1286039</imdb>
    <tvshowtitle>  Stargate Universe</tvshowtitle>
    <year>  2009</year>
    <title>Blockade</title>
    <premiered>2011-05-02</premiered>
    <season>2</season>
    <episode>19</episode>
  </meta>
  <link>
    <sublink>search</sublink>
    <sublink>searchsd</sublink>
  </link>
  <thumbnail>https://image.tmdb.org/t/p/w1280//d5qI3IDXt7vnbZJakkreSGCNW4A.jpg</thumbnail>
  <fanart>
  </fanart>
</item>
<item>
  <title>Gauntlet</title>
  <meta>
    <content>episode</content>
    <imdb>tt1286039</imdb>
    <tvshowtitle>  Stargate Universe</tvshowtitle>
    <year>  2009</year>
    <title>Gauntlet</title>
    <premiered>2011-05-09</premiered>
    <season>2</season>
    <episode>20</episode>
  </meta>
  <link>
    <sublink>search</sublink>
    <sublink>searchsd</sublink>
  </link>
  <thumbnail>https://image.tmdb.org/t/p/w1280//zyw6Igfqim7HRXD8mG9OYBUGmTn.jpg</thumbnail>
  <fanart>
  </fanart>
</item>