
<xml>
   <item>
    <title>[COLOR black]==========[/COLOR][COLOR blue]BEST OF WESILEY SNIPES[/COLOR][COLOR black]==========[/COLOR]</title>
    <thumbnail>http://entersandman.xyz/sanitypics/icon.png</thumbnail>
    <fanart>http://entersandman.xyz/sanityfanart/fanart.jpg</fanart>
  </item>

<item>
	<title>[B][COLOR blue]Blade[/COLOR][/B]</title>
	<meta>
	<imdb>tt0120611</imdb>
	<content>movie</content>
	<title>Blade</title>
	<year>1998</year>
	</meta>
	<link>
	<sublink>search</sublink>
	<sublink>searchsd</sublink>
	</link>
	<thumbnail>https://image.tmdb.org/t/p/w1280/r0RQ9ZOEZglLOeYDNJTehVTRoR6.jpg</thumbnail>
	<fanart>https://image.tmdb.org/t/p/w1280/dGnDGHD5vmaRow4BzAiuJaGwIz3.jpg</fanart>
</item>
<item>
	<title>[B][COLOR blue]Demolition Man[/COLOR][/B]</title>
	<meta>
	<imdb>tt0106697</imdb>
	<content>movie</content>
	<title>Demolition Man</title>
	<year>1993</year>
	</meta>
	<link>
	<sublink>search</sublink>
	<sublink>searchsd</sublink>
	</link>
	<thumbnail>https://image.tmdb.org/t/p/w1280/k0PN3Ho12cGGIVJW7SCS7apLYaP.jpg</thumbnail>
	<fanart>https://image.tmdb.org/t/p/w1280/fj6nbVd7FVENNLtusyd1U8bcUFu.jpg</fanart>
</item>
<item>
	<title>[B][COLOR blue]The Expendables 3[/COLOR][/B]</title>
	<meta>
	<imdb>tt2333784</imdb>
	<content>movie</content>
	<title>The Expendables 3</title>
	<year>2014</year>
	</meta>
	<link>
	<sublink>search</sublink>
	<sublink>searchsd</sublink>
	</link>
	<thumbnail>https://image.tmdb.org/t/p/w1280/xczFwJhcCb2rUMylXam0Ni7Yn5o.jpg</thumbnail>
	<fanart>https://image.tmdb.org/t/p/w1280/5ldMfEYNk0fea8QQ0mjyrksIr1M.jpg</fanart>
</item>
<item>
	<title>[B][COLOR blue]Passenger 57[/COLOR][/B]</title>
	<meta>
	<imdb>tt0105104</imdb>
	<content>movie</content>
	<title>Passenger 57</title>
	<year>1992</year>
	</meta>
	<link>
	<sublink>search</sublink>
	<sublink>searchsd</sublink>
	</link>
	<thumbnail>https://image.tmdb.org/t/p/w1280/mOh1t38TkW6JVg6ylQusKBPxxqa.jpg</thumbnail>
	<fanart>https://image.tmdb.org/t/p/w1280/w9ecomJahB1UlVkXWFgnFtRAgkc.jpg</fanart>
</item>
<item>
	<title>[B][COLOR blue]Blade Trinity[/COLOR][/B]</title>
	<meta>
	<imdb>tt0359013</imdb>
	<content>movie</content>
	<title>Blade Trinity</title>
	<year>2004</year>
	</meta>
	<link>
	<sublink>search</sublink>
	<sublink>searchsd</sublink>
	</link>
	<thumbnail>https://image.tmdb.org/t/p/w1280/4WinsdHQBdh5aTt7Bd7T7dbUXbb.jpg</thumbnail>
	<fanart>https://image.tmdb.org/t/p/w1280/ysLIi9nzMbUqi4dQh3tqblUb27o.jpg</fanart>
</item>
<item>
	<title>[B][COLOR blue]New Jack City[/COLOR][/B]</title>
	<meta>
	<imdb>tt0102526</imdb>
	<content>movie</content>
	<title>New Jack City</title>
	<year>1991</year>
	</meta>
	<link>
	<sublink>search</sublink>
	<sublink>searchsd</sublink>
	</link>
	<thumbnail>https://image.tmdb.org/t/p/w1280/txv0O2JFb2FimlR3Afhzc1z2Gas.jpg</thumbnail>
	<fanart>https://image.tmdb.org/t/p/w1280/dwXtZnPJwYI8tOju4k8VnBu3EVS.jpg</fanart>
</item>
<item>
	<title>[B][COLOR blue]Blade II[/COLOR][/B]</title>
	<meta>
	<imdb>tt0187738</imdb>
	<content>movie</content>
	<title>Blade II</title>
	<year>2002</year>
	</meta>
	<link>
	<sublink>search</sublink>
	<sublink>searchsd</sublink>
	</link>
	<thumbnail>https://image.tmdb.org/t/p/w1280/jlURNpXCMK830CsGRd939PJLh8c.jpg</thumbnail>
	<fanart>https://image.tmdb.org/t/p/w1280/2n0kjNEI3uF0ju9H5jiE3rBk5C0.jpg</fanart>
</item>
<item>
	<title>[B][COLOR blue]To Wong Foo Thanks for Everything, Julie Newmar[/COLOR][/B]</title>
	<meta>
	<imdb>tt0114682</imdb>
	<content>movie</content>
	<title>To Wong Foo Thanks for Everything, Julie Newmar</title>
	<year>1995</year>
	</meta>
	<link>
	<sublink>search</sublink>
	<sublink>searchsd</sublink>
	</link>
	<thumbnail>https://image.tmdb.org/t/p/w1280/xIDEoG9FQGmMCh5XsbkvSuD8WrW.jpg</thumbnail>
	<fanart>https://image.tmdb.org/t/p/w1280/cDl271jLuysm3Oe6LAzpQ2ZVHw5.jpg</fanart>
</item>
<item>
	<title>[B][COLOR blue]U S Marshals[/COLOR][/B]</title>
	<meta>
	<imdb>tt0120873</imdb>
	<content>movie</content>
	<title>U S Marshals</title>
	<year>1998</year>
	</meta>
	<link>
	<sublink>search</sublink>
	<sublink>searchsd</sublink>
	</link>
	<thumbnail>https://image.tmdb.org/t/p/w1280/3uixF2pHa0whTKcYmenDrArX0II.jpg</thumbnail>
	<fanart>https://image.tmdb.org/t/p/w1280/kbVaXdh1wpeo9XqMDCQB9no4QlB.jpg</fanart>
</item>
<item>
	<title>[B][COLOR blue]Undisputed[/COLOR][/B]</title>
	<meta>
	<imdb>tt0281322</imdb>
	<content>movie</content>
	<title>Undisputed</title>
	<year>2002</year>
	</meta>
	<link>
	<sublink>search</sublink>
	<sublink>searchsd</sublink>
	</link>
	<thumbnail>https://image.tmdb.org/t/p/w1280/dhBQvKYMayM61M7kHOk35IfpE8K.jpg</thumbnail>
	<fanart>https://image.tmdb.org/t/p/w1280/hxBroLYYRiuDlTPp7JlcwfzXXZe.jpg</fanart>
</item>
<item>
	<title>[B][COLOR blue]The Art of War[/COLOR][/B]</title>
	<meta>
	<imdb>tt0160009</imdb>
	<content>movie</content>
	<title>The Art of War</title>
	<year>2000</year>
	</meta>
	<link>
	<sublink>search</sublink>
	<sublink>searchsd</sublink>
	</link>
	<thumbnail>https://image.tmdb.org/t/p/w1280/oKj3DNThu3525pox53lxT9RG0F5.jpg</thumbnail>
	<fanart>https://image.tmdb.org/t/p/w1280/ksboR1WDSRXjEDjcuKifPI9QSGz.jpg</fanart>
</item>
<item>
	<title>[B][COLOR blue]The Art of War II Betrayal[/COLOR][/B]</title>
	<meta>
	<imdb>tt1233571</imdb>
	<content>movie</content>
	<title>The Art of War II Betrayal</title>
	<year>2008</year>
	</meta>
	<link>
	<sublink>search</sublink>
	<sublink>searchsd</sublink>
	</link>
	<thumbnail>https://image.tmdb.org/t/p/w1280/rh5uGYrudCO4v6i6cXyz249JUao.jpg</thumbnail>
	<fanart>https://image.tmdb.org/t/p/w1280/6UrhmzM9cBLcQsUOaAg1VZi7Mnu.jpg</fanart>
</item>
<item>
	<title>[B][COLOR blue]White Men Can t Jump[/COLOR][/B]</title>
	<meta>
	<imdb>tt0105812</imdb>
	<content>movie</content>
	<title>White Men Can t Jump</title>
	<year>1992</year>
	</meta>
	<link>
	<sublink>search</sublink>
	<sublink>searchsd</sublink>
	</link>
	<thumbnail>https://image.tmdb.org/t/p/w1280/1wEHR5yxIya9HUCFHVcntTx6q91.jpg</thumbnail>
	<fanart>https://image.tmdb.org/t/p/w1280/qXeK9s0YvYdCUQsHPIUPDtJHXHR.jpg</fanart>
</item>
<item>
	<title>[B][COLOR blue]The Recall[/COLOR][/B]</title>
	<meta>
	<imdb>tt5669936</imdb>
	<content>movie</content>
	<title>The Recall</title>
	<year>2017</year>
	</meta>
	<link>
	<sublink>search</sublink>
	<sublink>searchsd</sublink>
	</link>
	<thumbnail>https://image.tmdb.org/t/p/w1280/yq2DGzM0kNWtGwkplGAcEEM4eSH.jpg</thumbnail>
	<fanart>https://image.tmdb.org/t/p/w1280/AjZZVxmO6iUyYD5JS4ZuPeo78sx.jpg</fanart>
</item>
<item>
	<title>[B][COLOR blue]Drop Zone[/COLOR][/B]</title>
	<meta>
	<imdb>tt0109676</imdb>
	<content>movie</content>
	<title>Drop Zone</title>
	<year>1994</year>
	</meta>
	<link>
	<sublink>search</sublink>
	<sublink>searchsd</sublink>
	</link>
	<thumbnail>https://image.tmdb.org/t/p/w1280/bbveyfmq6pGrzKL0l4waeA2WHHp.jpg</thumbnail>
	<fanart>https://image.tmdb.org/t/p/w1280/qe2w7OSeAtiLGrKhNoZcGSwHVA7.jpg</fanart>
</item>
<item>
	<title>[B][COLOR blue]Game of Death[/COLOR][/B]</title>
	<meta>
	<imdb>tt1446072</imdb>
	<content>movie</content>
	<title>Game of Death</title>
	<year>2010</year>
	</meta>
	<link>
	<sublink>search</sublink>
	<sublink>searchsd</sublink>
	</link>
	<thumbnail>https://image.tmdb.org/t/p/w1280/z25FvJYpgfgibRYz1IBZHknZxme.jpg</thumbnail>
	<fanart>https://image.tmdb.org/t/p/w1280/gNBRkVNrynuqWp7sFCZRMgggT0Q.jpg</fanart>
</item>
<item>
	<title>[B][COLOR blue]Brooklyn s Finest[/COLOR][/B]</title>
	<meta>
	<imdb>tt1210042</imdb>
	<content>movie</content>
	<title>Brooklyn s Finest</title>
	<year>2009</year>
	</meta>
	<link>
	<sublink>search</sublink>
	<sublink>searchsd</sublink>
	</link>
	<thumbnail>https://image.tmdb.org/t/p/w1280/jKSBk0LtZgXxG56uvwiAtYf6ttF.jpg</thumbnail>
	<fanart>https://image.tmdb.org/t/p/w1280/iNuvbrHGNtrUwlm48u4KnQhhMKp.jpg</fanart>
</item>
<item>
	<title>[B][COLOR blue]Money Train[/COLOR][/B]</title>
	<meta>
	<imdb>tt0113845</imdb>
	<content>movie</content>
	<title>Money Train</title>
	<year>1995</year>
	</meta>
	<link>
	<sublink>search</sublink>
	<sublink>searchsd</sublink>
	</link>
	<thumbnail>https://image.tmdb.org/t/p/w1280/jSozzzVOR2kfXgTUuGnbgG2yRFi.jpg</thumbnail>
	<fanart>https://image.tmdb.org/t/p/w1280/dBavxNhbNZ8uJU9avHrqCCEKuii.jpg</fanart>
</item>
<item>
	<title>[B][COLOR blue]Gallowwalkers[/COLOR][/B]</title>
	<meta>
	<imdb>tt0829176</imdb>
	<content>movie</content>
	<title>Gallowwalkers</title>
	<year>2012</year>
	</meta>
	<link>
	<sublink>search</sublink>
	<sublink>searchsd</sublink>
	</link>
	<thumbnail>https://image.tmdb.org/t/p/w1280/7WTMxkdCPlp3BYT0bqPHVrE7SUR.jpg</thumbnail>
	<fanart>https://image.tmdb.org/t/p/w1280/uih89zQNhmywCQw8a61nZpoHGPL.jpg</fanart>
</item>
<item>
	<title>[B][COLOR blue]Jungle Fever[/COLOR][/B]</title>
	<meta>
	<imdb>tt0102175</imdb>
	<content>movie</content>
	<title>Jungle Fever</title>
	<year>1991</year>
	</meta>
	<link>
	<sublink>search</sublink>
	<sublink>searchsd</sublink>
	</link>
	<thumbnail>https://image.tmdb.org/t/p/w1280/eSWv0PSnBqQbSBzce6iaDFkf6T9.jpg</thumbnail>
	<fanart>https://image.tmdb.org/t/p/w1280/9CawH3AyiENhC2qyIDBhTkDenrt.jpg</fanart>
</item>
<item>
	<title>[B][COLOR blue]The Contractor[/COLOR][/B]</title>
	<meta>
	<imdb>tt0770806</imdb>
	<content>movie</content>
	<title>The Contractor</title>
	<year>2007</year>
	</meta>
	<link>
	<sublink>search</sublink>
	<sublink>searchsd</sublink>
	</link>
	<thumbnail>https://image.tmdb.org/t/p/w1280/9xofA45YxJgJwoI4uWR0yWMGpyI.jpg</thumbnail>
	<fanart>https://image.tmdb.org/t/p/w1280/9ZJORsIPJrZwoklp9bMXLOAQzOk.jpg</fanart>
</item>
<item>
	<title>[B][COLOR blue]Sugar Hill[/COLOR][/B]</title>
	<meta>
	<imdb>tt0107079</imdb>
	<content>movie</content>
	<title>Sugar Hill</title>
	<year>1994</year>
	</meta>
	<link>
	<sublink>search</sublink>
	<sublink>searchsd</sublink>
	</link>
	<thumbnail>https://image.tmdb.org/t/p/w1280/hmLCUThx5aexZg7UlB6VKkae1zB.jpg</thumbnail>
	<fanart>https://image.tmdb.org/t/p/w1280None</fanart>
</item>
<item>
	<title>[B][COLOR blue]Armed Response[/COLOR][/B]</title>
	<meta>
	<imdb>tt4557208</imdb>
	<content>movie</content>
	<title>Armed Response</title>
	<year>2017</year>
	</meta>
	<link>
	<sublink>search</sublink>
	<sublink>searchsd</sublink>
	</link>
	<thumbnail>https://image.tmdb.org/t/p/w1280/ozhEmqMpJMPg6Rz9lJ0AFhZaGMI.jpg</thumbnail>
	<fanart>https://image.tmdb.org/t/p/w1280/rcYoFja1KidJlTzQCHoxLHaw1AO.jpg</fanart>
</item>
<item>
	<title>[B][COLOR blue]Murder at 1600[/COLOR][/B]</title>
	<meta>
	<imdb>tt0119731</imdb>
	<content>movie</content>
	<title>Murder at 1600</title>
	<year>1997</year>
	</meta>
	<link>
	<sublink>search</sublink>
	<sublink>searchsd</sublink>
	</link>
	<thumbnail>https://image.tmdb.org/t/p/w1280/9xH3zr5QLqY0MyyEO584zBDbw6f.jpg</thumbnail>
	<fanart>https://image.tmdb.org/t/p/w1280/dZIgrXDOKaGz0AGk1EcbVYgSimX.jpg</fanart>
</item>
<item>
	<title>[B][COLOR blue]Major League[/COLOR][/B]</title>
	<meta>
	<imdb>tt0097815</imdb>
	<content>movie</content>
	<title>Major League</title>
	<year>1989</year>
	</meta>
	<link>
	<sublink>search</sublink>
	<sublink>searchsd</sublink>
	</link>
	<thumbnail>https://image.tmdb.org/t/p/w1280/nD8hYPxh4Ph12dAsWiH3nQbqYDW.jpg</thumbnail>
	<fanart>https://image.tmdb.org/t/p/w1280/xeccG7i111rvtY1n3VvQtBAVh7t.jpg</fanart>
</item>
<item>
	<title>[B][COLOR blue]Rising Sun[/COLOR][/B]</title>
	<meta>
	<imdb>tt0107969</imdb>
	<content>movie</content>
	<title>Rising Sun</title>
	<year>1993</year>
	</meta>
	<link>
	<sublink>search</sublink>
	<sublink>searchsd</sublink>
	</link>
	<thumbnail>https://image.tmdb.org/t/p/w1280/d07rjd7e54ClVLoixmf6alTiDDj.jpg</thumbnail>
	<fanart>https://image.tmdb.org/t/p/w1280/b3Te0cO00JJmw16LQxoLa8hbs0R.jpg</fanart>
</item>
<item>
	<title>[B][COLOR blue]7 Seconds[/COLOR][/B]</title>
	<meta>
	<imdb>tt0417395</imdb>
	<content>movie</content>
	<title>7 Seconds</title>
	<year>2005</year>
	</meta>
	<link>
	<sublink>search</sublink>
	<sublink>searchsd</sublink>
	</link>
	<thumbnail>https://image.tmdb.org/t/p/w1280/rtfWTGNbIxozrs601jObQZk40gb.jpg</thumbnail>
	<fanart>https://image.tmdb.org/t/p/w1280/BF6D6LMPXtxnQo5DFxauSxjsuo.jpg</fanart>
</item>
<item>
	<title>[B][COLOR blue]Unstoppable[/COLOR][/B]</title>
	<meta>
	<imdb>tt0349889</imdb>
	<content>movie</content>
	<title>Unstoppable</title>
	<year>2004</year>
	</meta>
	<link>
	<sublink>search</sublink>
	<sublink>searchsd</sublink>
	</link>
	<thumbnail>https://image.tmdb.org/t/p/w1280/2IGu2f9ItfMuXfM8TuPUizBot1j.jpg</thumbnail>
	<fanart>https://image.tmdb.org/t/p/w1280/hxNER6rtxmkXQvWQSqGhQFjFofQ.jpg</fanart>
</item>
<item>
	<title>[B][COLOR blue]The Fan[/COLOR][/B]</title>
	<meta>
	<imdb>tt0116277</imdb>
	<content>movie</content>
	<title>The Fan</title>
	<year>1996</year>
	</meta>
	<link>
	<sublink>search</sublink>
	<sublink>searchsd</sublink>
	</link>
	<thumbnail>https://image.tmdb.org/t/p/w1280/fdW8T9kkYlPyOGh0V5eodFr8SQq.jpg</thumbnail>
	<fanart>https://image.tmdb.org/t/p/w1280/bFITxFD1GXRLdsb3AErnPPliNi9.jpg</fanart>
</item>
<item>
	<title>[B][COLOR blue]The Detonator[/COLOR][/B]</title>
	<meta>
	<imdb>tt0345461</imdb>
	<content>movie</content>
	<title>The Detonator</title>
	<year>2006</year>
	</meta>
	<link>
	<sublink>search</sublink>
	<sublink>searchsd</sublink>
	</link>
	<thumbnail>https://image.tmdb.org/t/p/w1280/6EzOj6efGCbpRKtO9xCgmBywcw4.jpg</thumbnail>
	<fanart>https://image.tmdb.org/t/p/w1280/rlexr3sYPYoGh8awSzlC2I3H6xV.jpg</fanart>
</item>
<item>
	<title>[B][COLOR blue]One Night Stand[/COLOR][/B]</title>
	<meta>
	<imdb>tt0119832</imdb>
	<content>movie</content>
	<title>One Night Stand</title>
	<year>1997</year>
	</meta>
	<link>
	<sublink>search</sublink>
	<sublink>searchsd</sublink>
	</link>
	<thumbnail>https://image.tmdb.org/t/p/w1280/epUHTBMaDHrNolRqUbf3JqAVesM.jpg</thumbnail>
	<fanart>https://image.tmdb.org/t/p/w1280/v0d96ZhJ85OeV5jX33MdsYrgK60.jpg</fanart>
</item>
<item>
	<title>[B][COLOR blue]Disappearing Acts[/COLOR][/B]</title>
	<meta>
	<imdb>tt0243220</imdb>
	<content>movie</content>
	<title>Disappearing Acts</title>
	<year>2000</year>
	</meta>
	<link>
	<sublink>search</sublink>
	<sublink>searchsd</sublink>
	</link>
	<thumbnail>https://image.tmdb.org/t/p/w1280/cE7uhGt2uG7k0s6s7GzYO7Jt7l2.jpg</thumbnail>
	<fanart>https://image.tmdb.org/t/p/w1280/5N8AUA5KRXSx2YsaM9N7zDhsIUN.jpg</fanart>
</item>
<item>
	<title>[B][COLOR blue]Chi Raq[/COLOR][/B]</title>
	<meta>
	<imdb>tt4594834</imdb>
	<content>movie</content>
	<title>Chi Raq</title>
	<year>2015</year>
	</meta>
	<link>
	<sublink>search</sublink>
	<sublink>searchsd</sublink>
	</link>
	<thumbnail>https://image.tmdb.org/t/p/w1280/qiHhMWmK7V1h7U36M7aaFP2UoDS.jpg</thumbnail>
	<fanart>https://image.tmdb.org/t/p/w1280/6djfBXCTOskpADDavEdNYcc9aKz.jpg</fanart>
</item>
<item>
	<title>[B][COLOR blue]Mo Better Blues[/COLOR][/B]</title>
	<meta>
	<imdb>tt0100168</imdb>
	<content>movie</content>
	<title>Mo Better Blues</title>
	<year>1990</year>
	</meta>
	<link>
	<sublink>search</sublink>
	<sublink>searchsd</sublink>
	</link>
	<thumbnail>https://image.tmdb.org/t/p/w1280/eF6mhJfx3CAHXcbbLKt8Knj0YSL.jpg</thumbnail>
	<fanart>https://image.tmdb.org/t/p/w1280/ijeW8McIsGAfYbAjSqjh1guYtPh.jpg</fanart>
</item>
<item>
	<title>[B][COLOR blue]Liberty Stands Still[/COLOR][/B]</title>
	<meta>
	<imdb>tt0280870</imdb>
	<content>movie</content>
	<title>Liberty Stands Still</title>
	<year>2002</year>
	</meta>
	<link>
	<sublink>search</sublink>
	<sublink>searchsd</sublink>
	</link>
	<thumbnail>https://image.tmdb.org/t/p/w1280/2Aiq4oberpDtIVEocSldNAlVQcJ.jpg</thumbnail>
	<fanart>https://image.tmdb.org/t/p/w1280/lfyebfMmPnkGEpFuhovzpuDem4V.jpg</fanart>
</item>
<item>
	<title>[B][COLOR blue]King of New York[/COLOR][/B]</title>
	<meta>
	<imdb>tt0099939</imdb>
	<content>movie</content>
	<title>King of New York</title>
	<year>1990</year>
	</meta>
	<link>
	<sublink>search</sublink>
	<sublink>searchsd</sublink>
	</link>
	<thumbnail>https://image.tmdb.org/t/p/w1280/yxz2WCtYM3xmiztnpVDgG82yJ2h.jpg</thumbnail>
	<fanart>https://image.tmdb.org/t/p/w1280/flkebwiOTS1kplumxsjhJtE4FKr.jpg</fanart>
</item>
<item>
	<title>[B][COLOR blue]Chaos[/COLOR][/B]</title>
	<meta>
	<imdb>tt0402910</imdb>
	<content>movie</content>
	<title>Chaos</title>
	<year>2005</year>
	</meta>
	<link>
	<sublink>search</sublink>
	<sublink>searchsd</sublink>
	</link>
	<thumbnail>https://image.tmdb.org/t/p/w1280/pgH45ufjjmfSrHvuyOnNaiWl8oM.jpg</thumbnail>
	<fanart>https://image.tmdb.org/t/p/w1280/ni3DtIc0rm7OgxenOPKEktUjgsU.jpg</fanart>
</item>
<item>
	<title>[B][COLOR blue]Wildcats[/COLOR][/B]</title>
	<meta>
	<imdb>tt0092214</imdb>
	<content>movie</content>
	<title>Wildcats</title>
	<year>1986</year>
	</meta>
	<link>
	<sublink>search</sublink>
	<sublink>searchsd</sublink>
	</link>
	<thumbnail>https://image.tmdb.org/t/p/w1280/eVWBcFDQXwrjc5gDxsmQ7WB67CT.jpg</thumbnail>
	<fanart>https://image.tmdb.org/t/p/w1280/ttLDYplYEnT19YqJKiEo41fQ0po.jpg</fanart>
</item>
<item>
	<title>[B][COLOR blue]Boiling Point[/COLOR][/B]</title>
	<meta>
	<imdb>tt0106455</imdb>
	<content>movie</content>
	<title>Boiling Point</title>
	<year>1993</year>
	</meta>
	<link>
	<sublink>search</sublink>
	<sublink>searchsd</sublink>
	</link>
	<thumbnail>https://image.tmdb.org/t/p/w1280/okpmrzlVDdXNhQms2I41Yek6Wyv.jpg</thumbnail>
	<fanart>https://image.tmdb.org/t/p/w1280/xfS7Z2t8Wj6fdJp5ghzygH7In1t.jpg</fanart>
</item>
<item>
	<title>[B][COLOR blue]The Marksman[/COLOR][/B]</title>
	<meta>
	<imdb>tt0457090</imdb>
	<content>movie</content>
	<title>The Marksman</title>
	<year>2005</year>
	</meta>
	<link>
	<sublink>search</sublink>
	<sublink>searchsd</sublink>
	</link>
	<thumbnail>https://image.tmdb.org/t/p/w1280/vNWU0AFgXn8riAdDB569VPQdMJJ.jpg</thumbnail>
	<fanart>https://image.tmdb.org/t/p/w1280/qViQ4lKriobUU5aj5HhX0sfNy1A.jpg</fanart>
</item>
<item>
	<title>[B][COLOR blue]Hard Luck[/COLOR][/B]</title>
	<meta>
	<imdb>tt0489070</imdb>
	<content>movie</content>
	<title>Hard Luck</title>
	<year>2006</year>
	</meta>
	<link>
	<sublink>search</sublink>
	<sublink>searchsd</sublink>
	</link>
	<thumbnail>https://image.tmdb.org/t/p/w1280/jh332vupgajhVyq1xvPAs6jPoDu.jpg</thumbnail>
	<fanart>https://image.tmdb.org/t/p/w1280/dENDNaeBiwnV2Eaia3IAmCihnT9.jpg</fanart>
</item>
<item>
	<title>[B][COLOR blue]Futuresport[/COLOR][/B]</title>
	<meta>
	<imdb>tt0158409</imdb>
	<content>movie</content>
	<title>Futuresport</title>
	<year>1998</year>
	</meta>
	<link>
	<sublink>search</sublink>
	<sublink>searchsd</sublink>
	</link>
	<thumbnail>https://image.tmdb.org/t/p/w1280/pDqjCPuyTdyspCo5XiEC2TLSVrr.jpg</thumbnail>
	<fanart>https://image.tmdb.org/t/p/w1280/lXcvVyMMdauMVyJvll489MYst55.jpg</fanart>
</item>
<item>
	<title>[B][COLOR blue]The Waterdance[/COLOR][/B]</title>
	<meta>
	<imdb>tt0105789</imdb>
	<content>movie</content>
	<title>The Waterdance</title>
	<year>1992</year>
	</meta>
	<link>
	<sublink>search</sublink>
	<sublink>searchsd</sublink>
	</link>
	<thumbnail>https://image.tmdb.org/t/p/w1280/tH7ZOu3PVfOYZtL14gy6ODyirBt.jpg</thumbnail>
	<fanart>https://image.tmdb.org/t/p/w1280/mGb1PhSt7KWjOsZJtPQdC5lS891.jpg</fanart>
</item>
<item>
	<title>[B][COLOR blue]Down in the Delta[/COLOR][/B]</title>
	<meta>
	<imdb>tt0142231</imdb>
	<content>movie</content>
	<title>Down in the Delta</title>
	<year>1998</year>
	</meta>
	<link>
	<sublink>search</sublink>
	<sublink>searchsd</sublink>
	</link>
	<thumbnail>https://image.tmdb.org/t/p/w1280/2ygShFSdj1hug8xj2q28OMktAU4.jpg</thumbnail>
	<fanart>https://image.tmdb.org/t/p/w1280None</fanart>
</item>
<item>
	<title>[B][COLOR blue]Streets of Gold[/COLOR][/B]</title>
	<meta>
	<imdb>tt0092022</imdb>
	<content>movie</content>
	<title>Streets of Gold</title>
	<year>1986</year>
	</meta>
	<link>
	<sublink>search</sublink>
	<sublink>searchsd</sublink>
	</link>
	<thumbnail>https://image.tmdb.org/t/p/w1280/7UQSskV2Tf23nNtEzDcqqxpVHz6.jpg</thumbnail>
	<fanart>https://image.tmdb.org/t/p/w1280/dYHjjugpQ0VYLQFmVD7JCv3R0Nv.jpg</fanart>
</item>
<item>
	<title>[B][COLOR blue]America s Dream[/COLOR][/B]</title>
	<meta>
	<imdb>tt0115528</imdb>
	<content>movie</content>
	<title>America s Dream</title>
	<year>1996</year>
	</meta>
	<link>
	<sublink>search</sublink>
	<sublink>searchsd</sublink>
	</link>
	<thumbnail>https://image.tmdb.org/t/p/w1280/uBGZecRf2K4qP5LwyUrzW6eoH1t.jpg</thumbnail>
	<fanart>https://image.tmdb.org/t/p/w1280None</fanart>
</item>
<item>
	<title>[B][COLOR blue]Dolemite Is My Name[/COLOR][/B]</title>
	<meta>
	<imdb>tt8526872</imdb>
	<content>movie</content>
	<title>Dolemite Is My Name</title>
	<year></year>
	</meta>
	<link>
	<sublink>search</sublink>
	<sublink>searchsd</sublink>
	</link>
	<thumbnail>https://image.tmdb.org/t/p/w1280</thumbnail>
	<fanart>https://image.tmdb.org/t/p/w1280None</fanart>
</item>
<item>
	<title>[B][COLOR blue]Critical Condition[/COLOR][/B]</title>
	<meta>
	<imdb>tt0092798</imdb>
	<content>movie</content>
	<title>Critical Condition</title>
	<year>1987</year>
	</meta>
	<link>
	<sublink>search</sublink>
	<sublink>searchsd</sublink>
	</link>
	<thumbnail>https://image.tmdb.org/t/p/w1280/ajJXJhnvmMlb768jKdOzEkoqgyX.jpg</thumbnail>
	<fanart>https://image.tmdb.org/t/p/w1280/buReo3FmJdr72tzXWGySGnB2ZGZ.jpg</fanart>
</item>
<item>
	<title>[B][COLOR blue]Zig Zag[/COLOR][/B]</title>
	<meta>
	<imdb>tt0271885</imdb>
	<content>movie</content>
	<title>Zig Zag</title>
	<year>2002</year>
	</meta>
	<link>
	<sublink>search</sublink>
	<sublink>searchsd</sublink>
	</link>
	<thumbnail>https://image.tmdb.org/t/p/w1280/l9h5A2iI5jAhQh8SQXyg9LCnhgD.jpg</thumbnail>
	<fanart>https://image.tmdb.org/t/p/w1280/nEeQTZWsawknTi25lN0uul4tU7Z.jpg</fanart>
</item>
<item>
	<title>[B][COLOR blue]Play It to the Bone[/COLOR][/B]</title>
	<meta>
	<imdb>tt0196857</imdb>
	<content>movie</content>
	<title>Play It to the Bone</title>
	<year>1999</year>
	</meta>
	<link>
	<sublink>search</sublink>
	<sublink>searchsd</sublink>
	</link>
	<thumbnail>https://image.tmdb.org/t/p/w1280/pVT6G8VZMd39iziJB4UZYwsRDAC.jpg</thumbnail>
	<fanart>https://image.tmdb.org/t/p/w1280/Ag5FK27xMQpmao27AzAV5kUfCOz.jpg</fanart>
</item>
<item>
	<title>[B][COLOR blue]The Big Hit[/COLOR][/B]</title>
	<meta>
	<imdb>tt0120609</imdb>
	<content>movie</content>
	<title>The Big Hit</title>
	<year>1998</year>
	</meta>
	<link>
	<sublink>search</sublink>
	<sublink>searchsd</sublink>
	</link>
	<thumbnail>https://image.tmdb.org/t/p/w1280/4J1eAqwaf16mpgUNzaDmrQukUTm.jpg</thumbnail>
	<fanart>https://image.tmdb.org/t/p/w1280/czOthdoq4oTC91KhdvF6Bvx9YZK.jpg</fanart>
</item>
