
<item>
    <title>[B][COLOR black]==========[/COLOR][COLOR blue]TOP ZOMBIE MOVIES[/COLOR][COLOR black]==========[/COLOR][/B]</title>
    <thumbnail>http://entersandman.xyz/sanitypics/icon.png</thumbnail>
    <fanart>http://entersandman.xyz/sanityfanart/fanart.jpg</fanart>
  </item>

<item>
	<title>[COLOR blue]Wild Zero[/COLOR]</title>
	<meta>
	<imdb>tt0267116</imdb>
	<content>movie</content>
	<title>Wild Zero</title>
	<year>1999</year>
	</meta>
	<link>
	<sublink>search</sublink>
	<sublink>searchsd</sublink>
	</link>
	<thumbnail>https://image.tmdb.org/t/p/w1280/tEWL5oVaoHb9CnditO5yXW4lHnk.jpg</thumbnail>
	<fanart>https://image.tmdb.org/t/p/w1280/ojrVPeTonELLNjCuyi3kNvlZxZo.jpg</fanart>
</item>
<item>
	<title>[COLOR blue]Shaun of the Dead[/COLOR]</title>
	<meta>
	<imdb>tt0365748</imdb>
	<content>movie</content>
	<title>Shaun of the Dead</title>
	<year>2004</year>
	</meta>
	<link>
	<sublink>search</sublink>
	<sublink>searchsd</sublink>
	</link>
	<thumbnail>https://image.tmdb.org/t/p/w1280/ssY4EvRvufUZooNq1buRUrW7lCX.jpg</thumbnail>
	<fanart>https://image.tmdb.org/t/p/w1280/50mMiR0R1QclaAODTutwXBrReLJ.jpg</fanart>
</item>
<item>
	<title>[COLOR blue]Zombieland[/COLOR]</title>
	<meta>
	<imdb>tt1156398</imdb>
	<content>movie</content>
	<title>Zombieland</title>
	<year>2009</year>
	</meta>
	<link>
	<sublink>search</sublink>
	<sublink>searchsd</sublink>
	</link>
	<thumbnail>https://image.tmdb.org/t/p/w1280/vUzzDpVrab1BOG3ogxhRGfLN94d.jpg</thumbnail>
	<fanart>https://image.tmdb.org/t/p/w1280/lLgLFzSZduH9kBxrk6BvoHc1gg0.jpg</fanart>
</item>
<item>
	<title>[COLOR blue]28 Days Later[/COLOR]</title>
	<meta>
	<imdb>tt0289043</imdb>
	<content>movie</content>
	<title>28 Days Later</title>
	<year>2002</year>
	</meta>
	<link>
	<sublink>search</sublink>
	<sublink>searchsd</sublink>
	</link>
	<thumbnail>https://image.tmdb.org/t/p/w1280/xaYdxi1PBEAYvqknvAmMPK5Eff3.jpg</thumbnail>
	<fanart>https://image.tmdb.org/t/p/w1280/nESF8Tw4BYnDy8PUDkF5SLIlzTJ.jpg</fanart>
</item>
<item>
	<title>[COLOR blue]Dawn of the Dead[/COLOR]</title>
	<meta>
	<imdb>tt0077402</imdb>
	<content>movie</content>
	<title>Dawn of the Dead</title>
	<year>1978</year>
	</meta>
	<link>
	<sublink>search</sublink>
	<sublink>searchsd</sublink>
	</link>
	<thumbnail>https://image.tmdb.org/t/p/w1280/8D6WEfNZr6JadQrqJr5OOq1QlV0.jpg</thumbnail>
	<fanart>https://image.tmdb.org/t/p/w1280/vCD9mRgSY4HuoSowm8JO4tm2mhj.jpg</fanart>
</item>
<item>
	<title>[COLOR blue]Braindead[/COLOR]</title>
	<meta>
	<imdb>tt0103873</imdb>
	<content>movie</content>
	<title>Braindead</title>
	<year>1992</year>
	</meta>
	<link>
	<sublink>search</sublink>
	<sublink>searchsd</sublink>
	</link>
	<thumbnail>https://image.tmdb.org/t/p/w1280/zzgn2fBeKmIMDEuX7FqS2l1WGfu.jpg</thumbnail>
	<fanart>https://image.tmdb.org/t/p/w1280/3qgqAUA1JQT3o3CUxUhKQ3qZXBY.jpg</fanart>
</item>
<item>
	<title>[COLOR blue]Dawn of the Dead[/COLOR]</title>
	<meta>
	<imdb>tt0363547</imdb>
	<content>movie</content>
	<title>Dawn of the Dead</title>
	<year>2004</year>
	</meta>
	<link>
	<sublink>search</sublink>
	<sublink>searchsd</sublink>
	</link>
	<thumbnail>https://image.tmdb.org/t/p/w1280/yfqsgzW6AQYmBjIEIq0y9EB1Rgl.jpg</thumbnail>
	<fanart>https://image.tmdb.org/t/p/w1280/57BgxsqgUy31KkTiUPTxVDQD3Xo.jpg</fanart>
</item>
<item>
	<title>[COLOR blue]Night of the Living Dead[/COLOR]</title>
	<meta>
	<imdb>tt0063350</imdb>
	<content>movie</content>
	<title>Night of the Living Dead</title>
	<year>1968</year>
	</meta>
	<link>
	<sublink>search</sublink>
	<sublink>searchsd</sublink>
	</link>
	<thumbnail>https://image.tmdb.org/t/p/w1280/faPfcZ181gWmCoMbal7bAXFPFh9.jpg</thumbnail>
	<fanart>https://image.tmdb.org/t/p/w1280/jixekHe0lX093eZHUe5wqKM8SOR.jpg</fanart>
</item>
<item>
	<title>[COLOR blue]Zombie Flesh Eaters[/COLOR]</title>
	<meta>
	<imdb>tt0080057</imdb>
	<content>movie</content>
	<title>Zombie Flesh Eaters</title>
	<year>1979</year>
	</meta>
	<link>
	<sublink>search</sublink>
	<sublink>searchsd</sublink>
	</link>
	<thumbnail>https://image.tmdb.org/t/p/w1280/wP6FyRrK5PNsyEwDFrrG8Pi9G8n.jpg</thumbnail>
	<fanart>https://image.tmdb.org/t/p/w1280/rz6bEvDbkchDu8EKJSXRRUhpxuy.jpg</fanart>
</item>
<item>
	<title>[COLOR blue]The Return of the Living Dead[/COLOR]</title>
	<meta>
	<imdb>tt0089907</imdb>
	<content>movie</content>
	<title>The Return of the Living Dead</title>
	<year>1985</year>
	</meta>
	<link>
	<sublink>search</sublink>
	<sublink>searchsd</sublink>
	</link>
	<thumbnail>https://image.tmdb.org/t/p/w1280/1vydUitzC8W8W5oNevEArCltydJ.jpg</thumbnail>
	<fanart>https://image.tmdb.org/t/p/w1280/jA34vdJCxOZUoi4khkfhq1pX3WG.jpg</fanart>
</item>
<item>
	<title>[COLOR blue]REC[/COLOR]</title>
	<meta>
	<imdb>tt1038988</imdb>
	<content>movie</content>
	<title>REC</title>
	<year>2007</year>
	</meta>
	<link>
	<sublink>search</sublink>
	<sublink>searchsd</sublink>
	</link>
	<thumbnail>https://image.tmdb.org/t/p/w1280/lLSXs26iZe0aIzYrobr3FruUG36.jpg</thumbnail>
	<fanart>https://image.tmdb.org/t/p/w1280/3WxTBxAJzYrS8MP8vdjuCxFTCkr.jpg</fanart>
</item>
<item>
	<title>[COLOR blue]Planet Terror[/COLOR]</title>
	<meta>
	<imdb>tt1077258</imdb>
	<content>movie</content>
	<title>Planet Terror</title>
	<year>2007</year>
	</meta>
	<link>
	<sublink>search</sublink>
	<sublink>searchsd</sublink>
	</link>
	<thumbnail>https://image.tmdb.org/t/p/w1280/7Yjzttt0VfPphSsUg8vFUO9WaEt.jpg</thumbnail>
	<fanart>https://image.tmdb.org/t/p/w1280/nU0NV9lyjxY79AdL0wFN9tRqSSP.jpg</fanart>
</item>
<item>
	<title>[COLOR blue]Re Animator[/COLOR]</title>
	<meta>
	<imdb>tt0089885</imdb>
	<content>movie</content>
	<title>Re Animator</title>
	<year>1985</year>
	</meta>
	<link>
	<sublink>search</sublink>
	<sublink>searchsd</sublink>
	</link>
	<thumbnail>https://image.tmdb.org/t/p/w1280/hJnP2O0uTuh8HsR094WLTi3sQwc.jpg</thumbnail>
	<fanart>https://image.tmdb.org/t/p/w1280/aGLdPN9aF8o2b4P8tuKUwLCHFFG.jpg</fanart>
</item>
<item>
	<title>[COLOR blue]28 Weeks Later[/COLOR]</title>
	<meta>
	<imdb>tt0463854</imdb>
	<content>movie</content>
	<title>28 Weeks Later</title>
	<year>2007</year>
	</meta>
	<link>
	<sublink>search</sublink>
	<sublink>searchsd</sublink>
	</link>
	<thumbnail>https://image.tmdb.org/t/p/w1280/kcJ99AtUykDhpzfQOApsViQa3fj.jpg</thumbnail>
	<fanart>https://image.tmdb.org/t/p/w1280/q4GEKbi4ZO2lhZJg0Zr6kYNKQgm.jpg</fanart>
</item>
<item>
	<title>[COLOR blue]Pontypool[/COLOR]</title>
	<meta>
	<imdb>tt1226681</imdb>
	<content>movie</content>
	<title>Pontypool</title>
	<year>2009</year>
	</meta>
	<link>
	<sublink>search</sublink>
	<sublink>searchsd</sublink>
	</link>
	<thumbnail>https://image.tmdb.org/t/p/w1280/hd8zqF2lBLIVsOqa2TLGzZcXcwP.jpg</thumbnail>
	<fanart>https://image.tmdb.org/t/p/w1280/A6A1daFZbAcRsW9BnvrEbNUNOm7.jpg</fanart>
</item>
<item>
	<title>[COLOR blue]World War Z[/COLOR]</title>
	<meta>
	<imdb>tt0816711</imdb>
	<content>movie</content>
	<title>World War Z</title>
	<year>2013</year>
	</meta>
	<link>
	<sublink>search</sublink>
	<sublink>searchsd</sublink>
	</link>
	<thumbnail>https://image.tmdb.org/t/p/w1280/Ha5t0J21eyiq6Az1EXzx0iwsGH.jpg</thumbnail>
	<fanart>https://image.tmdb.org/t/p/w1280/xMOQVYLeIKBXenJ9KMeasj7S64y.jpg</fanart>
</item>
<item>
	<title>[COLOR blue]Warm Bodies[/COLOR]</title>
	<meta>
	<imdb>tt1588173</imdb>
	<content>movie</content>
	<title>Warm Bodies</title>
	<year>2013</year>
	</meta>
	<link>
	<sublink>search</sublink>
	<sublink>searchsd</sublink>
	</link>
	<thumbnail>https://image.tmdb.org/t/p/w1280/jqJEkZKTqoAlmaexoWZIkjHdtA7.jpg</thumbnail>
	<fanart>https://image.tmdb.org/t/p/w1280/eYz9092lI2IFS6Ho0Xs296A5YJK.jpg</fanart>
</item>
<item>
	<title>[COLOR blue]The Beyond[/COLOR]</title>
	<meta>
	<imdb>tt0082307</imdb>
	<content>movie</content>
	<title>The Beyond</title>
	<year>1981</year>
	</meta>
	<link>
	<sublink>search</sublink>
	<sublink>searchsd</sublink>
	</link>
	<thumbnail>https://image.tmdb.org/t/p/w1280/pMYz6BWdJ90lDqpHlKKi4BtxHDd.jpg</thumbnail>
	<fanart>https://image.tmdb.org/t/p/w1280/cwvUPGc8OIPJ3e2wfLchMSRT3eN.jpg</fanart>
</item>
<item>
	<title>[COLOR blue]Night of the Creeps[/COLOR]</title>
	<meta>
	<imdb>tt0091630</imdb>
	<content>movie</content>
	<title>Night of the Creeps</title>
	<year>1986</year>
	</meta>
	<link>
	<sublink>search</sublink>
	<sublink>searchsd</sublink>
	</link>
	<thumbnail>https://image.tmdb.org/t/p/w1280/uLNwrWd4QcwkNEMnt7R0ZGLVpHy.jpg</thumbnail>
	<fanart>https://image.tmdb.org/t/p/w1280/iLvqbCanH1liQ5VERCyCR31GkkL.jpg</fanart>
</item>
<item>
	<title>[COLOR blue]Rammbock Berlin Undead[/COLOR]</title>
	<meta>
	<imdb>tt1583356</imdb>
	<content>movie</content>
	<title>Rammbock Berlin Undead</title>
	<year>2010</year>
	</meta>
	<link>
	<sublink>search</sublink>
	<sublink>searchsd</sublink>
	</link>
	<thumbnail>https://image.tmdb.org/t/p/w1280/uhtH3pU9SPBGjb0pcVgVxYB8bOR.jpg</thumbnail>
	<fanart>https://image.tmdb.org/t/p/w1280/n5uCOUAnMDhKihcV7iVoTygVmLn.jpg</fanart>
</item>
<item>
	<title>[COLOR blue]Day of the Dead[/COLOR]</title>
	<meta>
	<imdb>tt0088993</imdb>
	<content>movie</content>
	<title>Day of the Dead</title>
	<year>1985</year>
	</meta>
	<link>
	<sublink>search</sublink>
	<sublink>searchsd</sublink>
	</link>
	<thumbnail>https://image.tmdb.org/t/p/w1280/yJ2emwXWwQc6VHW3fO4GZr0hXBt.jpg</thumbnail>
	<fanart>https://image.tmdb.org/t/p/w1280/pWaXoU1aqD2KpMVLt4E9ZmKQXIk.jpg</fanart>
</item>
<item>
	<title>[COLOR blue]Night of the Living Dead[/COLOR]</title>
	<meta>
	<imdb>tt0100258</imdb>
	<content>movie</content>
	<title>Night of the Living Dead</title>
	<year>1990</year>
	</meta>
	<link>
	<sublink>search</sublink>
	<sublink>searchsd</sublink>
	</link>
	<thumbnail>https://image.tmdb.org/t/p/w1280/isp4lCv08asTPNvv8Xe8oQK293n.jpg</thumbnail>
	<fanart>https://image.tmdb.org/t/p/w1280/zjPJyC3iP8XeBJmexxVzzOmCm6b.jpg</fanart>
</item>
<item>
	<title>[COLOR blue]Fido[/COLOR]</title>
	<meta>
	<imdb>tt0457572</imdb>
	<content>movie</content>
	<title>Fido</title>
	<year>2006</year>
	</meta>
	<link>
	<sublink>search</sublink>
	<sublink>searchsd</sublink>
	</link>
	<thumbnail>https://image.tmdb.org/t/p/w1280/eHRyjlgv8e66p4fhpQKeo5SpVGq.jpg</thumbnail>
	<fanart>https://image.tmdb.org/t/p/w1280/rtQKPquRwkk2tpc6LuSg0DrfHpW.jpg</fanart>
</item>
<item>
	<title>[COLOR blue]The Crazies[/COLOR]</title>
	<meta>
	<imdb>tt0455407</imdb>
	<content>movie</content>
	<title>The Crazies</title>
	<year>2010</year>
	</meta>
	<link>
	<sublink>search</sublink>
	<sublink>searchsd</sublink>
	</link>
	<thumbnail>https://image.tmdb.org/t/p/w1280/s15bIs5uLEqPEQERH5YqjCjY6gd.jpg</thumbnail>
	<fanart>https://image.tmdb.org/t/p/w1280/9payiNC2a617CoAat8vxIRiVC1Z.jpg</fanart>
</item>
<item>
	<title>[COLOR blue]I Walked with a Zombie[/COLOR]</title>
	<meta>
	<imdb>tt0036027</imdb>
	<content>movie</content>
	<title>I Walked with a Zombie</title>
	<year>1943</year>
	</meta>
	<link>
	<sublink>search</sublink>
	<sublink>searchsd</sublink>
	</link>
	<thumbnail>https://image.tmdb.org/t/p/w1280/uoyBR8XNxPQRojujtczfG1qJezY.jpg</thumbnail>
	<fanart>https://image.tmdb.org/t/p/w1280/gNLoch27EP2w1ezFQQCcqQnZivq.jpg</fanart>
</item>
<item>
	<title>[COLOR blue]The Living Dead at Manchester Morgue[/COLOR]</title>
	<meta>
	<imdb>tt0071431</imdb>
	<content>movie</content>
	<title>The Living Dead at Manchester Morgue</title>
	<year>1974</year>
	</meta>
	<link>
	<sublink>search</sublink>
	<sublink>searchsd</sublink>
	</link>
	<thumbnail>https://image.tmdb.org/t/p/w1280/1rYKFvBJYdG6EBdlC4NkDTDrWxV.jpg</thumbnail>
	<fanart>https://image.tmdb.org/t/p/w1280/7tYpN0uqHPoBp6Na38NxB7nr1gR.jpg</fanart>
</item>
<item>
	<title>[COLOR blue]Dead & Buried[/COLOR]</title>
	<meta>
	<imdb>tt0082242</imdb>
	<content>movie</content>
	<title>Dead & Buried</title>
	<year>1981</year>
	</meta>
	<link>
	<sublink>search</sublink>
	<sublink>searchsd</sublink>
	</link>
	<thumbnail>https://image.tmdb.org/t/p/w1280/5TbTh7wgfmZtUvojRoGIqrJ1Wxx.jpg</thumbnail>
	<fanart>https://image.tmdb.org/t/p/w1280/9YuJzaSlT5fFTfE6hKzmC1myUrZ.jpg</fanart>
</item>
<item>
	<title>[COLOR blue]Night of the Comet[/COLOR]</title>
	<meta>
	<imdb>tt0087799</imdb>
	<content>movie</content>
	<title>Night of the Comet</title>
	<year>1984</year>
	</meta>
	<link>
	<sublink>search</sublink>
	<sublink>searchsd</sublink>
	</link>
	<thumbnail>https://image.tmdb.org/t/p/w1280/zYGwNFXeGr5pqD1hvBYJjYLsBxL.jpg</thumbnail>
	<fanart>https://image.tmdb.org/t/p/w1280/qQWXSiMXgGgcuGHmrcUgrWNQIqp.jpg</fanart>
</item>
<item>
	<title>[COLOR blue]REC 2[/COLOR]</title>
	<meta>
	<imdb>tt1245112</imdb>
	<content>movie</content>
	<title>REC 2</title>
	<year>2009</year>
	</meta>
	<link>
	<sublink>search</sublink>
	<sublink>searchsd</sublink>
	</link>
	<thumbnail>https://image.tmdb.org/t/p/w1280/5TtMZGiZCM1JLtogK5Xj8UaKQSn.jpg</thumbnail>
	<fanart>https://image.tmdb.org/t/p/w1280/hBfzloLznfN0FWLfheSEObyicqs.jpg</fanart>
</item>
<item>
	<title>[COLOR blue]Dead Snow[/COLOR]</title>
	<meta>
	<imdb>tt1278340</imdb>
	<content>movie</content>
	<title>Dead Snow</title>
	<year>2009</year>
	</meta>
	<link>
	<sublink>search</sublink>
	<sublink>searchsd</sublink>
	</link>
	<thumbnail>https://image.tmdb.org/t/p/w1280/nDWI0SP3go01b5STPcAwQSK3eCc.jpg</thumbnail>
	<fanart>https://image.tmdb.org/t/p/w1280/ctwDTO8iOC4xnktJhnHVSLJTYMr.jpg</fanart>
</item>
<item>
	<title>[COLOR blue]The Plague of the Zombies[/COLOR]</title>
	<meta>
	<imdb>tt0060841</imdb>
	<content>movie</content>
	<title>The Plague of the Zombies</title>
	<year>1966</year>
	</meta>
	<link>
	<sublink>search</sublink>
	<sublink>searchsd</sublink>
	</link>
	<thumbnail>https://image.tmdb.org/t/p/w1280/ndvYO25lZ6nXekWBoVPcc9fsvUy.jpg</thumbnail>
	<fanart>https://image.tmdb.org/t/p/w1280/A9xL4nDWK5fvCPrBc7AHzc2PrjY.jpg</fanart>
</item>
<item>
	<title>[COLOR blue]Land of the Dead[/COLOR]</title>
	<meta>
	<imdb>tt0418819</imdb>
	<content>movie</content>
	<title>Land of the Dead</title>
	<year>2005</year>
	</meta>
	<link>
	<sublink>search</sublink>
	<sublink>searchsd</sublink>
	</link>
	<thumbnail>https://image.tmdb.org/t/p/w1280/1VYvkSiyJg9Za2R5KSHjUygLKEq.jpg</thumbnail>
	<fanart>https://image.tmdb.org/t/p/w1280/auPv1B8wVHnDn9ypAxeit44CFMN.jpg</fanart>
</item>
<item>
	<title>[COLOR blue]Dance of the Dead[/COLOR]</title>
	<meta>
	<imdb>tt0926063</imdb>
	<content>movie</content>
	<title>Dance of the Dead</title>
	<year>2008</year>
	</meta>
	<link>
	<sublink>search</sublink>
	<sublink>searchsd</sublink>
	</link>
	<thumbnail>https://image.tmdb.org/t/p/w1280/wRgG6ew1BlrZb7zdczdQ97JkA7X.jpg</thumbnail>
	<fanart>https://image.tmdb.org/t/p/w1280/7spmpheIqbkFZvF2PqAv2qWFOw9.jpg</fanart>
</item>
<item>
	<title>[COLOR blue]The Dead[/COLOR]</title>
	<meta>
	<imdb>tt1386925</imdb>
	<content>movie</content>
	<title>The Dead</title>
	<year>2010</year>
	</meta>
	<link>
	<sublink>search</sublink>
	<sublink>searchsd</sublink>
	</link>
	<thumbnail>https://image.tmdb.org/t/p/w1280/VS5nSPVVtc5qQb8NdhwQQLGWly.jpg</thumbnail>
	<fanart>https://image.tmdb.org/t/p/w1280/2Ssexz1Y8T36wO2w2v9La0GsYZf.jpg</fanart>
</item>
<item>
	<title>[COLOR blue]Deadgirl[/COLOR]</title>
	<meta>
	<imdb>tt0896534</imdb>
	<content>movie</content>
	<title>Deadgirl</title>
	<year>2008</year>
	</meta>
	<link>
	<sublink>search</sublink>
	<sublink>searchsd</sublink>
	</link>
	<thumbnail>https://image.tmdb.org/t/p/w1280/96CyqE8aE0zDJX6AYDTQpzQ4O0e.jpg</thumbnail>
	<fanart>https://image.tmdb.org/t/p/w1280/g678y3rVftA14cNhEinRmvzm5fz.jpg</fanart>
</item>
<item>
	<title>[COLOR blue]Wake Wood[/COLOR]</title>
	<meta>
	<imdb>tt1296899</imdb>
	<content>movie</content>
	<title>Wake Wood</title>
	<year>2011</year>
	</meta>
	<link>
	<sublink>search</sublink>
	<sublink>searchsd</sublink>
	</link>
	<thumbnail>https://image.tmdb.org/t/p/w1280/5qGmSxKYJGhGDkR9zTJ07dQY39J.jpg</thumbnail>
	<fanart>https://image.tmdb.org/t/p/w1280/9E1DF74YxPiNZMv8gwV0Qt0RAut.jpg</fanart>
</item>
<item>
	<title>[COLOR blue]Nightmare City[/COLOR]</title>
	<meta>
	<imdb>tt0080931</imdb>
	<content>movie</content>
	<title>Nightmare City</title>
	<year>1980</year>
	</meta>
	<link>
	<sublink>search</sublink>
	<sublink>searchsd</sublink>
	</link>
	<thumbnail>https://image.tmdb.org/t/p/w1280/weiY9wpBQHuQjuhz9Ok4P5cZPhO.jpg</thumbnail>
	<fanart>https://image.tmdb.org/t/p/w1280/irsJE9HGCNKvkS5eSJnvzVCCVDh.jpg</fanart>
</item>
<item>
	<title>[COLOR blue]Train to Busan[/COLOR]</title>
	<meta>
	<imdb>tt5700672</imdb>
	<content>movie</content>
	<title>Train to Busan</title>
	<year>2016</year>
	</meta>
	<link>
	<sublink>search</sublink>
	<sublink>searchsd</sublink>
	</link>
	<thumbnail>https://image.tmdb.org/t/p/w1280/qWOkfCgioLEf3Km9OWva93RYWAc.jpg</thumbnail>
	<fanart>https://image.tmdb.org/t/p/w1280/9q1VHQHua1E06cXQQC1rtPcC9WB.jpg</fanart>
</item>
