 <?xml version="1.0" encoding="UTF-8" standalone="yes"?>

<item>
    <title>JPVideos (Former Abandoned Resort) </title>
    <link>https://www.youtube.com/watch?v=d9AUJH-umqI&t=2646s</link>
	<thumbnail>http://entersandman.xyz/sm/plugin.video.lnl/icon/abandoned.png</thumbnail>
    <fanart>http://entersandman.xyz/sm/plugin.video.lnl/fanart/abandoned.jpg</fanart>
</item>

<item>
    <title>JPVideos (Lonely Forgotten Barn - Car Left Inside)</title>
    <link>https://www.youtube.com/watch?v=nk8hJNj4tCk&t=151s</link>
	<thumbnail>http://entersandman.xyz/sm/plugin.video.lnl/icon/abandoned.png</thumbnail>
    <fanart>http://entersandman.xyz/sm/plugin.video.lnl/fanart/abandoned.jpg</fanart>
</item>

<item>
    <title>JPVideos (Famous Catskills Resort - Grossinger's)</title>
    <link>https://www.youtube.com/watch?v=-nizOPVeMg4&t=594s</link>
	<thumbnail>http://entersandman.xyz/sm/plugin.video.lnl/icon/abandoned.png</thumbnail>
    <fanart>http://entersandman.xyz/sm/plugin.video.lnl/fanart/abandoned.jpg</fanart>
</item>

<item>
    <title>JPVideos (Amazing Abandoned Stone House)</title>
    <link>https://www.youtube.com/watch?v=NcljjQhjEcE</link>
	<thumbnail>http://entersandman.xyz/sm/plugin.video.lnl/icon/abandoned.png</thumbnail>
    <fanart>http://entersandman.xyz/sm/plugin.video.lnl/fanart/abandoned.jpg</fanart>
</item>

<item>
    <title>JPVideos (Remains Of Abandoned Business With Creepy Toys)</title>
    <link>https://www.youtube.com/watch?v=iyypjwCmTV0</link>
	<thumbnail>http://entersandman.xyz/sm/plugin.video.lnl/icon/abandoned.png</thumbnail>
    <fanart>http://entersandman.xyz/sm/plugin.video.lnl/fanart/abandoned.jpg</fanart>
</item>

<item>
    <title>JPVideos (The Abandoned Starlite Wilderness Resort)</title>
    <link>https://www.youtube.com/watch?v=-jXkhD19Ny4</link>
	<thumbnail>http://entersandman.xyz/sm/plugin.video.lnl/icon/abandoned.png</thumbnail>
    <fanart>http://entersandman.xyz/sm/plugin.video.lnl/fanart/abandoned.jpg</fanart>
</item>

<item>
    <title>The Proper People (Abandoned Middle School)</title>
    <link>https://www.youtube.com/watch?v=gwaFRXwp_Lk</link>
	<thumbnail>http://entersandman.xyz/sm/plugin.video.lnl/icon/abandoned.png</thumbnail>
	<fanart>http://entersandman.xyz/sm/plugin.video.lnl/fanart/abandoned.jpg</fanart>
    </item>

<item>
    <title>The Proper People (Abandoned High School Exploration)</title>
    <link>https://www.youtube.com/watch?v=zzXcoCU_F6A</link>
	<thumbnail>http://entersandman.xyz/sm/plugin.video.lnl/icon/abandoned.png</thumbnail>
    <fanart>http://entersandman.xyz/sm/plugin.video.lnl/fanart/abandoned.jpg</fanart>
</item>

<item>
    <title>The Proper People (Abandoned Navy Base - NSA New Orleans)</title>
    <link>https://www.youtube.com/watch?v=5kTdT_gUu6Y</link>
	<thumbnail>http://entersandman.xyz/sm/plugin.video.lnl/icon/abandoned.png</thumbnail>
    <fanart>http://entersandman.xyz/sm/plugin.video.lnl/fanart/abandoned.jpg</fanart>
</item>

<item>
    <title>The Proper People (Exploring the Abandoned Baker Hotel - 1920's Hotel)</title>
    <link>https://www.youtube.com/watch?v=OUQz62-Ny1g</link>
	<thumbnail>http://entersandman.xyz/sm/plugin.video.lnl/icon/abandoned.png</thumbnail>
    <fanart>http://entersandman.xyz/sm/plugin.video.lnl/fanart/abandoned.jpg</fanart>
</item>

<item>
    <title>The Proper People (Sneaking Inside an Abandoned Nuclear Power Plant)</title>
    <link>https://www.youtube.com/watch?v=mAgvjNiKhEM</link>
	<thumbnail>http://entersandman.xyz/sm/plugin.video.lnl/icon/abandoned.png</thumbnail>
	<fanart>http://entersandman.xyz/sm/plugin.video.lnl/fanart/abandoned.jpg</fanart>
</item>

<item>
    <title>The Proper People (America's Largest Abandoned Subway)</title>
    <link>https://www.youtube.com/watch?v=nY6A0_uxyvs</link>
	<thumbnail>http://entersandman.xyz/sm/plugin.video.lnl/icon/abandoned.png</thumbnail>
    <fanart>http://entersandman.xyz/sm/plugin.video.lnl/fanart/abandoned.jpg</fanart>
</item>

<item>
    <title>Exploring with Steve (ABANDONED ILLUMINATI Millionaire MANSION)</title>
    <link>https://www.youtube.com/watch?v=oTvmqVvQOxQ</link>
	<thumbnail>http://entersandman.xyz/sm/plugin.video.lnl/icon/abandoned.png</thumbnail>
    <fanart>http://entersandman.xyz/sm/plugin.video.lnl/fanart/abandoned.jpg</fanart>
</item>

<item>
    <title>Exploring with Steve (FOUND a TANK In Abandoned Mansion)</title>
    <link>https://www.youtube.com/watch?v=tJJWrJWeH7c</link>
	<thumbnail>http://entersandman.xyz/sm/plugin.video.lnl/icon/abandoned.png</thumbnail>
	<fanart>http://entersandman.xyz/sm/plugin.video.lnl/fanart/abandoned.jpg</fanart>
</item>

<item>
    <title>Exploring with Steve (Top SECRET LABORATORY Everything Is Inside)</title>
    <link>https://www.youtube.com/watch?v=3dSdKXRpqeU</link>
	<thumbnail>http://entersandman.xyz/sm/plugin.video.lnl/icon/abandoned.png</thumbnail>
    <fanart>http://entersandman.xyz/sm/plugin.video.lnl/fanart/abandoned.jpg</fanart>
</item>

<item>
    <title>Exploring with Steve (ABANDONED THEME PARK IN ENGLAND RIDES LEFT BEHINE)</title>
    <link>https://www.youtube.com/watch?v=sp5V3rViJhA</link>
	<thumbnail>http://entersandman.xyz/sm/plugin.video.lnl/icon/abandoned.png</thumbnail>
	<fanart>http://entersandman.xyz/sm/plugin.video.lnl/fanart/abandoned.jpg</fanart>
</item>


<item>
    <title>Exploring with Steve (Scotland DANGEROUS Old Crumbling Castle FOUND)</title>
    <link>https://www.youtube.com/watch?v=VadoGhDoR6k</link>
	<thumbnail>http://entersandman.xyz/sm/plugin.video.lnl/icon/abandoned.png</thumbnail>
    <fanart>http://entersandman.xyz/sm/plugin.video.lnl/fanart/abandoned.jpg</fanart>
</item>

<item>
    <title>Hell On Earth (THIS HUGE BUILDING HAS BEEN ABANDONED FOR 44 YEARS)</title>
    <link>https://www.youtube.com/watch?v=r0r8jw1rky0</link>
    <fanart>http://entersandman.xyz/sm/plugin.video.lnl/fanart/abandoned.jpg</fanart>
</item>

<item>
    <title>Hell On Earth (ABANDONED CHILDREN'S HOME HIDDEN AWAY IN THE FOREST)</title>
    <link>https://www.youtube.com/watch?v=FAPrsqpDwRM</link>
	<thumbnail>http://entersandman.xyz/sm/plugin.video.lnl/icon/abandoned.png</thumbnail>
    <fanart>http://entersandman.xyz/sm/plugin.video.lnl/fanart/abandoned.jpg</fanart>
</item>

<item>
    <title>Hell On Earth (THIS ABANDONED THEATRE WAS SO DANGEROUS)</title>
    <link>https://www.youtube.com/watch?v=t8E1CxYwKpU</link>
	<thumbnail>http://entersandman.xyz/sm/plugin.video.lnl/icon/abandoned.png</thumbnail>
    <fanart>http://entersandman.xyz/sm/plugin.video.lnl/fanart/abandoned.jpg</fanart>
</item>

<item>
    <title>Hell On Earth (ABANDONED LUXURY HOTEL MANSION /FOUND SOMETHING AMAZING)</title>
    <link>https://www.youtube.com/watch?v=nlVYm5vUDcQ</link>
	<thumbnail>http://entersandman.xyz/sm/plugin.video.lnl/icon/abandoned.png</thumbnail>
    <fanart>http://entersandman.xyz/sm/plugin.video.lnl/fanart/abandoned.jpg</fanart>
</item>

<item>
    <title>Hell On Earth (THE LEGENDARY ABANDONED CAR CAVES)</title>
    <link>https://www.youtube.com/watch?v=2rGlpY8P7fY</link>
	<thumbnail>http://entersandman.xyz/sm/plugin.video.lnl/icon/abandoned.png</thumbnail>
    <fanart>http://entersandman.xyz/sm/plugin.video.lnl/fanart/abandoned.jpg</fanart>
</item>

<item>
    <title>Hell On Earth (This Once Grand Hotel Is Now Left Abandoned)</title>
    <link>https://www.youtube.com/watch?v=edMOFItYtxw</link>
    <thumbnail>http://entersandman.xyz/sm/plugin.video.lnl/icon/abandoned.png</thumbnail>
    <fanart>http://entersandman.xyz/sm/plugin.video.lnl/fanart/abandoned.jpg</fanart>
</item>

<item>
    <title>Exploring With Josh (Stranger Things In Real Life - Top Secret Abandoned)</title>
    <link>https://www.youtube.com/watch?v=qwmjPrRnC3E</link>
	<thumbnail>http://entersandman.xyz/sm/plugin.video.lnl/icon/abandoned.png</thumbnail>
    <fanart>http://entersandman.xyz/sm/plugin.video.lnl/fanart/abandoned.jpg</fanart>
</item>

<item>
    <title>Exploring With Josh (Abandoned All Girls Boarding School Inside Mansion!)</title>
    <link>https://www.youtube.com/watch?v=e3D231YSXKA</link>
	<thumbnail>http://entersandman.xyz/sm/plugin.video.lnl/icon/abandoned.png</thumbnail>
    <fanart>http://entersandman.xyz/sm/plugin.video.lnl/fanart/abandoned.jpg</fanart>
</item>

<item>
    <title>Exploring With Josh (Scariest Abandoned Hospital In The World)</title>
    <link>https://www.youtube.com/watch?v=NtDyBDisxtQ</link>
	<thumbnail>http://entersandman.xyz/sm/plugin.video.lnl/icon/abandoned.png</thumbnail>
    <fanart>http://entersandman.xyz/sm/plugin.video.lnl/fanart/abandoned.jpg</fanart>
</item>

<item>
    <title>Exploring With Josh (Abandoned ADDAMS FAMILY MANSION - Car Graveyard)</title>
    <link>https://www.youtube.com/watch?v=Ya49P7K5Co0</link>
	<thumbnail>http://entersandman.xyz/sm/plugin.video.lnl/icon/abandoned.png</thumbnail>
    <fanart>http://entersandman.xyz/sm/plugin.video.lnl/fanart/abandoned.jpg</fanart>
</item>

<item>
    <title>Exploring With Josh (Worst Haunted House - Students Were Possessed)</title>
    <link>https://www.youtube.com/watch?v=ijgfD9V1dVY</link>
	<thumbnail>http://entersandman.xyz/sm/plugin.video.lnl/icon/abandoned.png</thumbnail>
    <fanart>http://entersandman.xyz/sm/plugin.video.lnl/fanart/abandoned.jpg</fanart>
</item>

<item>
    <title>Exploring With Josh (Secret Tunnel Through The Mountains! Epic Adventure)</title>
    <link>https://www.youtube.com/watch?v=S3MY5qB480k</link>
	<thumbnail>http://entersandman.xyz/sm/plugin.video.lnl/icon/abandoned.png</thumbnail>
    <fanart>http://entersandman.xyz/sm/plugin.video.lnl/fanart/abandoned.jpg</fanart>
</item>

<item>
    <title>Exploring With Josh (Crime Scene Mansion - The Investigation)</title>
    <link>https://www.youtube.com/watch?v=0ANyedvORdw</link>
	<thumbnail>http://entersandman.xyz/sm/plugin.video.lnl/icon/abandoned.png</thumbnail>
    <fanart>http://entersandman.xyz/sm/plugin.video.lnl/fanart/abandoned.jpg</fanart>
</item>

<item>
    <title>Exploring With Josh (Abandoned Alice In Wonderland Mansion)</title>
    <link>https://www.youtube.com/watch?v=hi9U1ZyuEow&t=4s</link>
	<thumbnail>http://entersandman.xyz/sm/plugin.video.lnl/icon/abandoned.png</thumbnail>
    <fanart>http://entersandman.xyz/sm/plugin.video.lnl/fanart/abandoned.jpg</fanart>
</item>

<item>
    <title>Sam and Colby ((We Got Caught.. EXPLORING ABANDONED SIX FLAGS)</title>
    <link>https://www.youtube.com/watch?v=nBGO_cLSqfo</link>
	<thumbnail>http://entersandman.xyz/sm/plugin.video.lnl/icon/abandoned.png</thumbnail>
    <fanart>http://entersandman.xyz/sm/plugin.video.lnl/fanart/abandoned.jpg</fanart>
</item>

<item>
    <title>Sam and Colby (ESCAPING GANG MEMBERS at ABANDONED Power Plant)</title>
    <link>https://www.youtube.com/watch?v=Tz3KM7lb8vk</link>
	<thumbnail>http://entersandman.xyz/sm/plugin.video.lnl/icon/abandoned.png</thumbnail>
    <fanart>http://entersandman.xyz/sm/plugin.video.lnl/fanart/abandoned.jpg</fanart>
</item>

<item>
    <title>Sam and Colby (EXPLORING HIDDEN CHARLES MANSON CAVES)</title>
    <link>https://www.youtube.com/watch?v=6caYgx_zRv4</link>
	<thumbnail>http://entersandman.xyz/sm/plugin.video.lnl/icon/abandoned.png</thumbnail>
    <fanart>http://entersandman.xyz/sm/plugin.video.lnl/fanart/abandoned.jpg</fanart>
</item>

<item>
    <title>Sam and Colby (OVERNIGHT AT HAUNTED QUEEN MARY SHIP)</title>
    <link>https://www.youtube.com/watch?v=9enn6a28dWA</link>
	<thumbnail>http://entersandman.xyz/sm/plugin.video.lnl/icon/abandoned.png</thumbnail>
    <fanart>http://entersandman.xyz/sm/plugin.video.lnl/fanart/abandoned.jpg</fanart>
</item>

<item>
    <title>Sam and Colby (Scariest night of our lives... Queen Mary Room B340)</title>
    <link>https://www.youtube.com/watch?v=Xr2B_FrPyjA</link>
	<thumbnail>http://entersandman.xyz/sm/plugin.video.lnl/icon/abandoned.png</thumbnail>
    <fanart>http://entersandman.xyz/sm/plugin.video.lnl/fanart/abandoned.jpg</fanart>
</item>

<item>
    <title>Sam and Colby (EXPLORING ABANDONED MILITARY CITY (doors slam)</title>
    <link>https://www.youtube.com/watch?v=QFjeTAyGK-k</link>
	<thumbnail>http://entersandman.xyz/sm/plugin.video.lnl/icon/abandoned.png</thumbnail>
    <fanart>http://entersandman.xyz/sm/plugin.video.lnl/fanart/abandoned.jpg</fanart>
</item>

<item>
    <title>Sam and Colby (ESCAPING COPS at ABANDONED TRAIN STATION)</title>
    <link>https://www.youtube.com/watch?v=_yN_jWDjPTs</link>
	<thumbnail>http://entersandman.xyz/sm/plugin.video.lnl/icon/abandoned.png</thumbnail>
    <fanart>http://entersandman.xyz/sm/plugin.video.lnl/fanart/abandoned.jpg</fanart>
</item>

<item>
    <title>Sam and Colby (DEMONIC RITUAL AT HAUNTED SATAN'S CASTLE)</title>
    <link>https://www.youtube.com/watch?v=ERNC9q8Vzno</link>
	<thumbnail>http://entersandman.xyz/sm/plugin.video.lnl/icon/abandoned.png</thumbnail>
    <fanart>http://entersandman.xyz/sm/plugin.video.lnl/fanart/abandoned.jpg</fanart>
</item>

<item>
    <title>Sam and Colby (EXPLORING $17 MILLION ABANDONED MANSION)</title>
    <link>https://www.youtube.com/watch?v=ieTxHCn1vRU</link>
	<thumbnail>http://entersandman.xyz/sm/plugin.video.lnl/icon/abandoned.png</thumbnail>
    <fanart>http://entersandman.xyz/sm/plugin.video.lnl/fanart/abandoned.jpg</fanart>
</item>

<item>
    <title>Sam and Colby (EXPLORING ABANDONED BYRON SPRINGS HOTEL)</title>
    <link>https://www.youtube.com/watch?v=1ZNfDwAvU_o</link>
	<thumbnail>http://entersandman.xyz/sm/plugin.video.lnl/icon/abandoned.png</thumbnail>
    <fanart>http://entersandman.xyz/sm/plugin.video.lnl/fanart/abandoned.jpg</fanart>
</item>

<item>
    <title>Abandoned Explorer (Exploring The Worlds Most Haunted Prison (Shepton Mallet)</title>
    <link>https://www.youtube.com/watch?v=Uwigya3rUv8</link>
	<thumbnail>http://entersandman.xyz/sm/plugin.video.lnl/icon/abandoned.png</thumbnail>
    <fanart>http://entersandman.xyz/sm/plugin.video.lnl/fanart/abandoned.jpg</fanart>
</item>

<item>
    <title>Abandoned Explorer (Exploring An Abandoned School - Stuff Left Behind)</title>
    <link>https://www.youtube.com/watch?v=4vs7giLJoqA</link>
	<thumbnail>http://entersandman.xyz/sm/plugin.video.lnl/icon/abandoned.png</thumbnail>
    <fanart>http://entersandman.xyz/sm/plugin.video.lnl/fanart/abandoned.jpg</fanart>
</item>

<item>
    <title>Abandoned Explorer (Abandoned Bruce Lee Restaurant Everything Left inside)</title>
    <link>https://www.youtube.com/watch?v=rfjodzYoqoU</link>
	<thumbnail>http://entersandman.xyz/sm/plugin.video.lnl/icon/abandoned.png</thumbnail>
    <fanart>http://entersandman.xyz/sm/plugin.video.lnl/fanart/abandoned.jpg</fanart>
</item>

<item>
    <title>Abandoned Explorer (Crazy Man tried Killing Us In Abandoned Building)</title>
    <link>https://www.youtube.com/watch?v=SfXMN0O4unE</link>
	<thumbnail>http://entersandman.xyz/sm/plugin.video.lnl/icon/abandoned.png</thumbnail>
    <fanart>http://entersandman.xyz/sm/plugin.video.lnl/fanart/abandoned.jpg</fanart>
</item>

<item>
    <title>Abandoned Explorer (UNDERGROUND FORGOTTEN SECRET CITY- Manchester England)</title>
    <link>https://www.youtube.com/watch?v=hD5--Pe-d7s</link>
	<thumbnail>http://entersandman.xyz/sm/plugin.video.lnl/icon/abandoned.png</thumbnail>
    <fanart>http://entersandman.xyz/sm/plugin.video.lnl/fanart/abandoned.jpg</fanart>
</item>

<item>
    <title>Abandoned Explorer (Exploring Abandoned Secret Hideout House)</title>
    <link>https://www.youtube.com/watch?v=3SSMbbHvM5M</link>
	<thumbnail>http://entersandman.xyz/sm/plugin.video.lnl/icon/abandoned.png</thumbnail>
    <fanart>http://entersandman.xyz/sm/plugin.video.lnl/fanart/abandoned.jpg</fanart>
</item>

<item>
    <title>Abandoned Explorer (Exploring An Abandoned Fully Furnished Mansion)</title>
    <link>https://www.youtube.com/watch?v=ec1zF0G26YI</link>
	<thumbnail>http://entersandman.xyz/sm/plugin.video.lnl/icon/abandoned.png</thumbnail>
    <fanart>http://entersandman.xyz/sm/plugin.video.lnl/fanart/abandoned.jpg</fanart>
</item>

<item>
    <title>Abandoned Explorer (Abandoned Millionaires Mansion With Abandoned Cars)</title>
    <link>https://www.youtube.com/watch?v=FBlR5Ofv1IM</link>
	<thumbnail>http://entersandman.xyz/sm/plugin.video.lnl/icon/abandoned.png</thumbnail>
    <fanart>http://entersandman.xyz/sm/plugin.video.lnl/fanart/abandoned.jpg</fanart>
</item>

<item>
    <title>The Carpetbagger (Abandoned Nascar Cafe)</title>
    <link>https://www.youtube.com/watch?v=oYtFULOeGwE&index=1&list=PLsbuBDKSF2-b23BbJuwWbQ1YZQqYXvRDQ</link>
	<thumbnail>http://entersandman.xyz/sm/plugin.video.lnl/icon/abandoned.png</thumbnail>
    <fanart>http://entersandman.xyz/sm/plugin.video.lnl/fanart/abandoned.jpg</fanart>
</item>

<item>
    <title>The Carpetbagger (Abandoned Amusement Park and Diner - Camp Courage - Featuring: Puppies)</title>
    <link>https://www.youtube.com/watch?v=OjI9_zlV9Ng&index=7&list=PLsbuBDKSF2-b23BbJuwWbQ1YZQqYXvRDQ</link>
	<thumbnail>http://entersandman.xyz/sm/plugin.video.lnl/icon/abandoned.png</thumbnail>
    <fanart>http://entersandman.xyz/sm/plugin.video.lnl/fanart/abandoned.jpg</fanart>
</item>

<item>
    <title>The Carpetbagger (Abandoned Roadside Attraction and Zoo, plus Apache Death Cave)</title>
    <link>https://www.youtube.com/watch?v=K-Af06FvMbg&index=9&list=PLsbuBDKSF2-b23BbJuwWbQ1YZQqYXvRDQ</link>
	<thumbnail>http://entersandman.xyz/sm/plugin.video.lnl/icon/abandoned.png</thumbnail>
    <fanart>http://entersandman.xyz/sm/plugin.video.lnl/fanart/abandoned.jpg</fanart>
</item>

<item>
    <title>The Carpetbagger (Abandoned Prison - Brushy Mountain Part 1)</title>
    <link>https://www.youtube.com/watch?v=X0F5Sxf6iOM&index=14&list=PLsbuBDKSF2-b23BbJuwWbQ1YZQqYXvRDQ</link>
	<thumbnail>http://entersandman.xyz/sm/plugin.video.lnl/icon/abandoned.png</thumbnail>
    <fanart>http://entersandman.xyz/sm/plugin.video.lnl/fanart/abandoned.jpg</fanart>
</item>

<item>
    <title>The Carpetbagger (Brushy Mountain Prison Exploration Part 2)</title>
    <link>https://www.youtube.com/watch?v=ijfwq8XCpfE&index=15&list=PLsbuBDKSF2-b23BbJuwWbQ1YZQqYXvRDQ</link>
	<thumbnail>http://entersandman.xyz/sm/plugin.video.lnl/icon/abandoned.png</thumbnail>
    <fanart>http://entersandman.xyz/sm/plugin.video.lnl/fanart/abandoned.jpg</fanart>
</item>

<item>
    <title>The Carpetbagger (Abandoned Theme Park - Ghost Town in the Sky - Full Walkthrough)</title>
    <link>https://www.youtube.com/watch?v=IK9CHoAUQCk&index=19&list=PLsbuBDKSF2-b23BbJuwWbQ1YZQqYXvRDQ</link>
	<thumbnail>http://entersandman.xyz/sm/plugin.video.lnl/icon/abandoned.png</thumbnail>
    <fanart>http://entersandman.xyz/sm/plugin.video.lnl/fanart/abandoned.jpg</fanart>
</item>

<item>
    <title>The Carpetbagger (Abandoned Train in the Middle of Nowhere)</title>
    <link>https://www.youtube.com/watch?v=czhRd_EE2JI&index=21&list=PLsbuBDKSF2-b23BbJuwWbQ1YZQqYXvRDQ</link>
	<thumbnail>http://entersandman.xyz/sm/plugin.video.lnl/icon/abandoned.png</thumbnail>
    <fanart>http://entersandman.xyz/sm/plugin.video.lnl/fanart/abandoned.jpg</fanart>
</item>

<item>
    <title>The Carpetbagger (Abandoned Mansion with Blood Stains and Claw Marks- Whirlwind Mansion)</title>
    <link>https://www.youtube.com/watch?v=lp60AgZCJZ0&t=3s</link>
	<thumbnail>http://entersandman.xyz/sm/plugin.video.lnl/icon/abandoned.png</thumbnail>
    <fanart>http://entersandman.xyz/sm/plugin.video.lnl/fanart/abandoned.jpg</fanart>
</item>

<item>
    <title>Exploration Unknown (Descending Into the Haunted Devils Pit)</title>
    <link>https://www.youtube.com/watch?v=E2982YNRwRQ</link>
	<thumbnail>http://entersandman.xyz/sm/plugin.video.lnl/icon/abandoned.png</thumbnail>
    <fanart>http://entersandman.xyz/sm/plugin.video.lnl/fanart/abandoned.jpg</fanart>
</item>

<item>
    <title>Exploration Unknown ((HAUNTED TUNNEL) Abandoned in the Middle of Tenn. Mountains)</title>
    <link>https://www.youtube.com/watch?v=rF7-9fZMoYg</link>
	<thumbnail>http://entersandman.xyz/sm/plugin.video.lnl/icon/abandoned.png</thumbnail>
    <fanart>http://entersandman.xyz/sm/plugin.video.lnl/fanart/abandoned.jpg</fanart>
</item>

<item>
    <title>Exploration Unknown (Visiting My Moms Abandoned School With My Mom)</title>
    <link>https://www.youtube.com/watch?v=nw1Byp-0s6w</link>
	<thumbnail>http://entersandman.xyz/sm/plugin.video.lnl/icon/abandoned.png</thumbnail>
    <fanart>http://entersandman.xyz/sm/plugin.video.lnl/fanart/abandoned.jpg</fanart>
</item>

<item>
    <title>Exploration Unknown (HOUSE OF THE DEAD!!!! Everyone That Lives Here DIES!)</title>
    <link>https://www.youtube.com/watch?v=GJy6BphNFHk</link>
	<thumbnail>http://entersandman.xyz/sm/plugin.video.lnl/icon/abandoned.png</thumbnail>
    <fanart>http://entersandman.xyz/sm/plugin.video.lnl/fanart/abandoned.jpg</fanart>
</item>

<item>
    <title>Exploration Unknown (Finding Nemo! The Abandoned Nemo Tunnel/ Haunted Railroad Bridge)</title>
    <link>https://www.youtube.com/watch?v=jLSZULQ8DzE</link>
	<thumbnail>http://entersandman.xyz/sm/plugin.video.lnl/icon/abandoned.png</thumbnail>
    <fanart>http://entersandman.xyz/sm/plugin.video.lnl/fanart/abandoned.jpg</fanart>
</item>

<item>
    <title>Exploration Unknown (Murder House Paranormal Investigation, You Will Not Beleive What Happends to US!)</title>
    <link>https://www.youtube.com/watch?v=FRuHcsRibQs</link>
	<thumbnail>http://entersandman.xyz/sm/plugin.video.lnl/icon/abandoned.png</thumbnail>
    <fanart>http://entersandman.xyz/sm/plugin.video.lnl/fanart/abandoned.jpg</fanart>
</item>

<item>
    <title>Exploration Unknown (Exploring Underground Tunnels and Dungeons From a Civil War Fort)</title>
    <link>https://www.youtube.com/watch?v=lwqj57sMtuE</link>
	<thumbnail>http://entersandman.xyz/sm/plugin.video.lnl/icon/abandoned.png</thumbnail>
    <fanart>http://entersandman.xyz/sm/plugin.video.lnl/fanart/abandoned.jpg</fanart>
</item>

<item>
    <title>Exploration Unknown (Investigating Brushy Mountain Prison With Patty G. Team Paranormal)</title>
    <link>https://www.youtube.com/watch?v=96JyZkCHIXE</link>
	<thumbnail>http://entersandman.xyz/sm/plugin.video.lnl/icon/abandoned.png</thumbnail>
    <fanart>http://entersandman.xyz/sm/plugin.video.lnl/fanart/abandoned.jpg</fanart>
</item>

<item>
    <title>Exploration Unknown (Wickland Plantation, Exploring a Mansion Built in 1820s)</title>
    <link>https://www.youtube.com/watch?v=QHP7Iq_IMgU</link>
	<thumbnail>http://entersandman.xyz/sm/plugin.video.lnl/icon/abandoned.png</thumbnail>
    <fanart>http://entersandman.xyz/sm/plugin.video.lnl/fanart/abandoned.jpg</fanart>
</item>

<item>
    <title>Exploration Unknown (Haunted Mansion at 3 AM REAL Ghost Activity Caught On Camera)</title>
    <link>https://www.youtube.com/watch?v=g9ti6JpN1w8</link>
	<thumbnail>http://entersandman.xyz/sm/plugin.video.lnl/icon/abandoned.png</thumbnail>
    <fanart>http://entersandman.xyz/sm/plugin.video.lnl/fanart/abandoned.jpg</fanart>
</item>

<item>
    <title>Exploration Unknown (Abandoned Paper Mill At Night With a Tragic History)</title>
    <link>https://www.youtube.com/watch?v=7P1wmiAcEns</link>
	<thumbnail>http://entersandman.xyz/sm/plugin.video.lnl/icon/abandoned.png</thumbnail>
    <fanart>http://entersandman.xyz/sm/plugin.video.lnl/fanart/abandoned.jpg</fanart>
</item>

<item>
    <title>Exploration Unknown (Exploring the Abandoned Hales Bar Dam! Found Underground Tunnels!)</title>
    <link>https://www.youtube.com/watch?v=BeHwEtkbKTo</link>
	<thumbnail>http://entersandman.xyz/sm/plugin.video.lnl/icon/abandoned.png</thumbnail>
    <fanart>http://entersandman.xyz/sm/plugin.video.lnl/fanart/abandoned.jpg</fanart>
</item>

<item>
    <title>Exploration Unknown (150 year old Abandoned Town Hidden In The Arizona Mtns)</title>
    <link>https://www.youtube.com/watch?v=CVUuET0yF1c</link>
	<thumbnail>http://entersandman.xyz/sm/plugin.video.lnl/icon/abandoned.png</thumbnail>
    <fanart>http://entersandman.xyz/sm/plugin.video.lnl/fanart/abandoned.jpg</fanart>
</item>

<item>
    <title>Sub Exploration (Huge War Bunker FINALLY OPENED After Decades)</title>
    <link>https://www.youtube.com/watch?v=x1WBaOnEnNc</link>
	<thumbnail>http://entersandman.xyz/sm/plugin.video.lnl/icon/abandoned.png</thumbnail>
    <fanart>http://entersandman.xyz/sm/plugin.video.lnl/fanart/abandoned.jpg</fanart>
</item>

<item>
    <title>Sub Exploration (Exploring an Abandoned Underground WW2)</title>
    <link>https://www.youtube.com/watch?v=6xTascGC2x4</link>
	<thumbnail>http://entersandman.xyz/sm/plugin.video.lnl/icon/abandoned.png</thumbnail>
    <fanart>http://entersandman.xyz/sm/plugin.video.lnl/fanart/abandoned.jpg</fanart>
</item>

<item>
    <title>Sub Exploration (HUGE UNDERGROUND WAR FACTORY)</title>
    <link>https://www.youtube.com/watch?v=zKniIYUrBbM</link>
	<thumbnail>http://entersandman.xyz/sm/plugin.video.lnl/icon/abandoned.png</thumbnail>
    <fanart>http://entersandman.xyz/sm/plugin.video.lnl/fanart/abandoned.jpg</fanart>
</item>

<item>
    <title>Sub Exploration (NEVER TO BEEN SEEN AGAIN - Awesome WW2 Tunnels)</title>
    <link>https://www.youtube.com/watch?v=DrSRdm59Q5M</link>
	<thumbnail>http://entersandman.xyz/sm/plugin.video.lnl/icon/abandoned.png</thumbnail>
    <fanart>http://entersandman.xyz/sm/plugin.video.lnl/fanart/abandoned.jpg</fanart>
</item>

<item>
    <title>Sub Exploration (HUGE LABYRINTH OF WAR TUNNELS Par 1)</title>
    <link>https://www.youtube.com/watch?v=byR7qW8RMNA</link>
	<thumbnail>http://entersandman.xyz/sm/plugin.video.lnl/icon/abandoned.png</thumbnail>
    <fanart>http://entersandman.xyz/sm/plugin.video.lnl/fanart/abandoned.jpg</fanart>
</item>

<item>
    <title>Sub Exploration (HUGE LABYRINTH OF WAR TUNNELS Part 2)</title>
    <link>https://www.youtube.com/watch?v=Oo3XUm1At6s</link>
	<thumbnail>http://entersandman.xyz/sm/plugin.video.lnl/icon/abandoned.png</thumbnail>
    <fanart>http://entersandman.xyz/sm/plugin.video.lnl/fanart/abandoned.jpg</fanart>
</item>

<item>
    <title>Sub Exploration (Hidden War Tunnels Deep Beneath the Streets)</title>
    <link>https://www.youtube.com/watch?v=53hJytQF2MY</link>
	<thumbnail>http://entersandman.xyz/sm/plugin.video.lnl/icon/abandoned.png</thumbnail>
    <fanart>http://entersandman.xyz/sm/plugin.video.lnl/fanart/abandoned.jpg</fanart>
</item>

<item>
    <title>Sub Exploration (THE BIGGEST BUNKER WE EVER FOUND)</title>
    <link>https://www.youtube.com/watch?v=32pBxq195NE</link>
	<thumbnail>http://entersandman.xyz/sm/plugin.video.lnl/icon/abandoned.png</thumbnail>
    <fanart>http://entersandman.xyz/sm/plugin.video.lnl/fanart/abandoned.jpg</fanart>
</item>

<item>
    <title>Urbex History (Abandoned GO GO Club - Strip Club)</title>
    <link>https://www.youtube.com/watch?v=VxRpE9Fad74</link>
	<thumbnail>http://entersandman.xyz/sm/plugin.video.lnl/icon/abandoned.png</thumbnail>
    <fanart>http://entersandman.xyz/sm/plugin.video.lnl/fanart/abandoned.jpg</fanart>
</item>

<item>
    <title>Urbex History (A huge abandoned bunker for trains)</title>
    <link>https://www.youtube.com/watch?v=cGErqsmIsW8</link>
	<thumbnail>http://entersandman.xyz/sm/plugin.video.lnl/icon/abandoned.png</thumbnail>
    <fanart>http://entersandman.xyz/sm/plugin.video.lnl/fanart/abandoned.jpg</fanart>
</item>

<item>
    <title>Urbex History (ABANDONED UFO IN KATOWICE)</title>
    <link>https://www.youtube.com/watch?v=4WGRbOR309s</link>
	<thumbnail>http://entersandman.xyz/sm/plugin.video.lnl/icon/abandoned.png</thumbnail>
    <fanart>http://entersandman.xyz/sm/plugin.video.lnl/fanart/abandoned.jpg</fanart>
</item>

<item>
    <title>Urbex Dane (Abandoned House I thought was Empty)</title>
    <link>https://www.youtube.com/watch?v=ggsbN--7aFI</link>
	<thumbnail>http://entersandman.xyz/sm/plugin.video.lnl/icon/abandoned.png</thumbnail>
    <fanart>http://entersandman.xyz/sm/plugin.video.lnl/fanart/abandoned.jpg</fanart>
</item>

<item>
    <title>Urbex Dane (Abandoned House with Potential - Left Alone n Forgotten)</title>
    <link>https://www.youtube.com/watch?v=qYI6DOZ1Q5A</link>
	<thumbnail>http://entersandman.xyz/sm/plugin.video.lnl/icon/abandoned.png</thumbnail>
    <fanart>http://entersandman.xyz/sm/plugin.video.lnl/fanart/abandoned.jpg</fanart>
</item>

<item>
    <title>Urbex Dane (Exploring Abandoned Library with Books still inside)</title>
    <link>https://www.youtube.com/watch?v=zDOsyoVkkks</link>
	<thumbnail>http://entersandman.xyz/sm/plugin.video.lnl/icon/abandoned.png</thumbnail>
    <fanart>http://entersandman.xyz/sm/plugin.video.lnl/fanart/abandoned.jpg</fanart>
</item>

<item>
    <title>Urbex Dane (Abandoned House looked Ransacked - Everything was left behind)</title>
    <link>https://www.youtube.com/watch?v=lwajpCzBMjg</link>
	<thumbnail>http://entersandman.xyz/sm/plugin.video.lnl/icon/abandoned.png</thumbnail>
    <fanart>http://entersandman.xyz/sm/plugin.video.lnl/fanart/abandoned.jpg</fanart>
</item>

<item>
    <title>Urbex Dane (Dollar Store - Destroyed and left Abandoned )</title>
    <link>https://www.youtube.com/watch?v=OofqL83AGBo</link>
	<thumbnail>http://entersandman.xyz/sm/plugin.video.lnl/icon/abandoned.png</thumbnail>
    <fanart>http://entersandman.xyz/sm/plugin.video.lnl/fanart/abandoned.jpg</fanart>
</item>

<item>
    <title>Urbex Dane (One of the Most Restricted Abandoned Places in America)</title>
    <link>https://www.youtube.com/watch?v=iisCXaZTraE</link>
	<thumbnail>http://entersandman.xyz/sm/plugin.video.lnl/icon/abandoned.png</thumbnail>
    <fanart>http://entersandman.xyz/sm/plugin.video.lnl/fanart/abandoned.jpg</fanart>
</item>

<item>
    <title>Urbex Dane (School with Fireplace Left Abandoned )</title>
    <link>https://www.youtube.com/watch?v=27XhKlQQHmo</link>
	<thumbnail>http://entersandman.xyz/sm/plugin.video.lnl/icon/abandoned.png</thumbnail>
    <fanart>http://entersandman.xyz/sm/plugin.video.lnl/fanart/abandoned.jpg</fanart>
</item>

<item>
    <title>Urbex Dane (There's so much stuff left ABANDONED inside this Hospital)</title>
    <link>https://www.youtube.com/watch?v=7UZCWtYHb64&t=90s</link>
	<thumbnail>http://entersandman.xyz/sm/plugin.video.lnl/icon/abandoned.png</thumbnail>
    <fanart>http://entersandman.xyz/sm/plugin.video.lnl/fanart/abandoned.jpg</fanart>
</item>

<item>
    <title>Urbex Dane (Abandoned Days Inn Hotel in Pennsylvania- Ppl inside)</title>
    <link>https://www.youtube.com/watch?v=qKPzdq53Eqg</link>
	<thumbnail>http://entersandman.xyz/sm/plugin.video.lnl/icon/abandoned.png</thumbnail>
    <fanart>http://entersandman.xyz/sm/plugin.video.lnl/fanart/abandoned.jpg</fanart>
</item>

<item>
    <title>Exploring with Fighters (STRANGE BONES FOUND IN UNDERGROUND SECRET CITY Manchester)</title>
    <link>https://www.youtube.com/watch?v=U7JcCsqFCtM</link>
	<thumbnail>http://entersandman.xyz/sm/plugin.video.lnl/icon/abandoned.png</thumbnail>
    <fanart>http://entersandman.xyz/sm/plugin.video.lnl/fanart/abandoned.jpg</fanart>
</item>

<item>
    <title>Exploring with Fighters (ABANDONED BOWLING ALLEY )</title>
    <link>https://www.youtube.com/watch?v=hsZip-WIKTU</link>
	<thumbnail>http://entersandman.xyz/sm/plugin.video.lnl/icon/abandoned.png</thumbnail>
    <fanart>http://entersandman.xyz/sm/plugin.video.lnl/fanart/abandoned.jpg</fanart>
</item>

<item>
    <title>Exploring with Fighters (HUNDREDS OF DRIFT/CLASSIC CARS LEFT TO ROT)</title>
    <link>https://www.youtube.com/watch?v=Taf7o9sOFkc</link>
	<thumbnail>http://entersandman.xyz/sm/plugin.video.lnl/icon/abandoned.png</thumbnail>
    <fanart>http://entersandman.xyz/sm/plugin.video.lnl/fanart/abandoned.jpg</fanart>
</item>

<item>
    <title>Exploring with Fighters (DEMONS ARE NO JOKE!! 3am ASYLUM CHALLENGE)</title>
    <link>https://www.youtube.com/watch?v=1kBBIdyNTD0</link>
	<thumbnail>http://entersandman.xyz/sm/plugin.video.lnl/icon/abandoned.png</thumbnail>
    <fanart>http://entersandman.xyz/sm/plugin.video.lnl/fanart/abandoned.jpg</fanart>
</item>

<item>
    <title>Exploring with Fighters ($10.000.000 MANSION WITH TANK BEING BUILT IN BASEMENT)</title>
    <link>https://www.youtube.com/watch?v=x4S3Tye2bUk</link>
	<thumbnail>http://entersandman.xyz/sm/plugin.video.lnl/icon/abandoned.png</thumbnail>
    <fanart>http://entersandman.xyz/sm/plugin.video.lnl/fanart/abandoned.jpg</fanart>
</item>

<item>
    <title>Exploring with Fighters (ABANDONED HIDDEN CULT COTTAGE WITH CARS)</title>
    <link>https://www.youtube.com/watch?v=TcIONfbe2Hs</link>
	<thumbnail>http://entersandman.xyz/sm/plugin.video.lnl/icon/abandoned.png</thumbnail>
    <fanart>http://entersandman.xyz/sm/plugin.video.lnl/fanart/abandoned.jpg</fanart>
</item>

<item>
    <title>Exploring with Fighters (BIGGEST MILLIONAIRE MANSION LEFT ABANDONED/SECRET TUNNELS)</title>
    <link>https://www.youtube.com/watch?v=q558W4kZSws</link>
	<thumbnail>http://entersandman.xyz/sm/plugin.video.lnl/icon/abandoned.png</thumbnail>
    <fanart>http://entersandman.xyz/sm/plugin.video.lnl/fanart/abandoned.jpg</fanart>
</item>

<item>
    <title>Exploring with Fighters (ABANDONED FREEMASON MANSION)</title>
    <link>https://www.youtube.com/watch?v=8IHRPT0jcHs</link>
	<thumbnail>http://entersandman.xyz/sm/plugin.video.lnl/icon/abandoned.png</thumbnail>
    <fanart>http://entersandman.xyz/sm/plugin.video.lnl/fanart/abandoned.jpg</fanart>
</item>

<item>
    <title>Exploring with Fighters (ABANDONED 1902 ROYAL HOTEL)</title>
    <link>https://www.youtube.com/watch?v=ZmofxEY5c_A</link>
	<thumbnail>http://entersandman.xyz/sm/plugin.video.lnl/icon/abandoned.png</thumbnail>
    <fanart>http://entersandman.xyz/sm/plugin.video.lnl/fanart/abandoned.jpg</fanart>
</item>

<item>
    <title>DaaDeeOh's Urban Exploration (Exploring an Abandoned House in Coe Hill)</title>
    <link>https://www.youtube.com/watch?v=mcnAxNQK6zQ</link>
	<thumbnail>http://entersandman.xyz/sm/plugin.video.lnl/icon/abandoned.png</thumbnail>
    <fanart>http://entersandman.xyz/sm/plugin.video.lnl/fanart/abandoned.jpg</fanart>
</item>

<item>
    <title>DaaDeeOh's Urban Exploration (Exploring an Abandoned House in Millsville, Ontario)</title>
    <link>https://www.youtube.com/watch?v=MY9lCn0LlOM</link>
	<thumbnail>http://entersandman.xyz/sm/plugin.video.lnl/icon/abandoned.png</thumbnail>
    <fanart>http://entersandman.xyz/sm/plugin.video.lnl/fanart/abandoned.jpg</fanart>
</item>

<item>
    <title>DaaDeeOh's Urban Exploration (#Urbex an Abandoned Motel in a Winter Wonderland)</title>
    <link>https://www.youtube.com/watch?v=nM55WXmk8o4</link>
	<thumbnail>http://entersandman.xyz/sm/plugin.video.lnl/icon/abandoned.png</thumbnail>
    <fanart>http://entersandman.xyz/sm/plugin.video.lnl/fanart/abandoned.jpg</fanart>
</item>

<item>
    <title>DaaDeeOh's Urban Exploration (Exploring a Forgotten Abandoned Farm House)</title>
    <link>https://www.youtube.com/watch?v=f0ZQhTz0C2E</link>
	<thumbnail>http://entersandman.xyz/sm/plugin.video.lnl/icon/abandoned.png</thumbnail>
    <fanart>http://entersandman.xyz/sm/plugin.video.lnl/fanart/abandoned.jpg</fanart>
</item>

<item>
    <title>DaaDeeOh's Urban Exploration (Exploring St.Anthony Daniel Catholic School - Abandoned!)</title>
    <link>https://www.youtube.com/watch?v=f2tP1h30h-U</link>
	<thumbnail>http://entersandman.xyz/sm/plugin.video.lnl/icon/abandoned.png</thumbnail>
    <fanart>http://entersandman.xyz/sm/plugin.video.lnl/fanart/abandoned.jpg</fanart>
</item>

<item>
    <title>DaaDeeOh's Urban Exploration (Exploring a Creepy Abandoned House)</title>
    <link>https://www.youtube.com/watch?v=L8WGIn6upLg</link>
	<thumbnail>http://entersandman.xyz/sm/plugin.video.lnl/icon/abandoned.png</thumbnail>
    <fanart>http://entersandman.xyz/sm/plugin.video.lnl/fanart/abandoned.jpg</fanart>
</item>

<item>
    <title>DaaDeeOh's Urban Exploration (Exploring an Abandoned House in Victoria County)</title>
    <link>https://www.youtube.com/watch?v=gDEC61k4Mpk</link>
	<thumbnail>http://entersandman.xyz/sm/plugin.video.lnl/icon/abandoned.png</thumbnail>
    <fanart>http://entersandman.xyz/sm/plugin.video.lnl/fanart/abandoned.jpg</fanart>
</item>

<item>
    <title>DaaDeeOh's Urban Exploration (Exploring an Abandoned Biker Gang Mansion)</title>
    <link>https://www.youtube.com/watch?v=PbrG_EHQZWI</link>
	<thumbnail>http://entersandman.xyz/sm/plugin.video.lnl/icon/abandoned.png</thumbnail>
    <fanart>http://entersandman.xyz/sm/plugin.video.lnl/fanart/abandoned.jpg</fanart>
</item>

<item>
    <title>DaaDeeOh's Urban Exploration (Exploring an Unbelievable 1900's Mansion - OMG!)</title>
    <link>https://www.youtube.com/watch?v=g6dpc8LjgYw</link>
	<thumbnail>http://entersandman.xyz/sm/plugin.video.lnl/icon/abandoned.png</thumbnail>
    <fanart>http://entersandman.xyz/sm/plugin.video.lnl/fanart/abandoned.jpg</fanart>
</item>

<item>
    <title>AbandonedSC (The Abandoned Grand Prairie School Ohio)</title>
    <link>https://www.youtube.com/watch?v=ce4K11-ti9U</link>
	<thumbnail>http://entersandman.xyz/sm/plugin.video.lnl/icon/abandoned.png</thumbnail>
    <fanart>http://entersandman.xyz/sm/plugin.video.lnl/fanart/abandoned.jpg</fanart>
</item>

<item>
    <title>AbandonedSC (Abandoned Desert Motel In Western New Mexico)</title>
    <link>https://www.youtube.com/watch?v=oaIxdAOTN5Q</link>
	<thumbnail>http://entersandman.xyz/sm/plugin.video.lnl/icon/abandoned.png</thumbnail>
    <fanart>http://entersandman.xyz/sm/plugin.video.lnl/fanart/abandoned.jpg</fanart>
</item>

<item>
    <title>AbandonedSC (Abandoned Army Barracks Buildings Fort McClellan ALABAMA)</title>
    <link>https://www.youtube.com/watch?v=OUoAn_OzARg</link>
	<thumbnail>http://entersandman.xyz/sm/plugin.video.lnl/icon/abandoned.png</thumbnail>
    <fanart>http://entersandman.xyz/sm/plugin.video.lnl/fanart/abandoned.jpg</fanart>
</item>

<item>
    <title>AbandonedSC (Abandoned Vollmars Amusement Park in Ohio)</title>
    <link>https://www.youtube.com/watch?v=O3oN_hkOGR8</link>
	<thumbnail>http://entersandman.xyz/sm/plugin.video.lnl/icon/abandoned.png</thumbnail>
    <fanart>http://entersandman.xyz/sm/plugin.video.lnl/fanart/abandoned.jpg</fanart>
</item>

<item>
    <title>AbandonedSC (Truckers Motel (Former Drug n Prostitution Ring)</title>
    <link>https://www.youtube.com/watch?v=Ttb_6inr1Ug</link>
	<thumbnail>http://entersandman.xyz/sm/plugin.video.lnl/icon/abandoned.png</thumbnail>
    <fanart>http://entersandman.xyz/sm/plugin.video.lnl/fanart/abandoned.jpg</fanart>
</item>

<item>
    <title>AbandonedSC (Exploring An Abandoned Neighborhood (Lost City) NC)</title>
    <link>https://www.youtube.com/watch?v=UQecrdcZ6G0</link>
	<thumbnail>http://entersandman.xyz/sm/plugin.video.lnl/icon/abandoned.png</thumbnail>
    <fanart>http://entersandman.xyz/sm/plugin.video.lnl/fanart/abandoned.jpg</fanart>
</item>

<item>
    <title>TheUnknownCameraman (Exploring an Abandoned Farm House n Factory - PA)</title>
    <link>https://www.youtube.com/watch?v=qL6sqeDNpSg</link>
	<thumbnail>http://entersandman.xyz/sm/plugin.video.lnl/icon/abandoned.png</thumbnail>
    <fanart>http://entersandman.xyz/sm/plugin.video.lnl/fanart/abandoned.jpg</fanart>
</item>

<item>
    <title>TheUnknownCameraman (Exploring an Abandoned Lehigh Valley Brewery - PA)</title>
    <link>https://www.youtube.com/watch?v=g15XZAKtYhY</link>
	<thumbnail>http://entersandman.xyz/sm/plugin.video.lnl/icon/abandoned.png</thumbnail>
    <fanart>http://entersandman.xyz/sm/plugin.video.lnl/fanart/abandoned.jpg</fanart>
</item>

<item>
    <title>TheUnknownCameraman (Exploring an Abandoned Poconos Honeymoon Resort)</title>
    <link>https://www.youtube.com/watch?v=AXYg0q_P5_Q</link>
	<thumbnail>http://entersandman.xyz/sm/plugin.video.lnl/icon/abandoned.png</thumbnail>
    <fanart>http://entersandman.xyz/sm/plugin.video.lnl/fanart/abandoned.jpg</fanart>
</item>

<item>
    <title>TheUnknownCameraman (Exploring a Criminal's Abandoned $8 Million Manison)</title>
    <link>https://www.youtube.com/watch?v=-oT0kYwBEFE</link>
	<thumbnail>http://entersandman.xyz/sm/plugin.video.lnl/icon/abandoned.png</thumbnail>
    <fanart>http://entersandman.xyz/sm/plugin.video.lnl/fanart/abandoned.jpg</fanart>
</item>

<item>
    <title>TheUnknownCameraman (Exploring a Millionaire's Abandoned Mansion - PA Buildt In 1906)</title>
    <link>https://www.youtube.com/watch?v=FZccAiTbRKY</link>
	<thumbnail>http://entersandman.xyz/sm/plugin.video.lnl/icon/abandoned.png</thumbnail>
    <fanart>http://entersandman.xyz/sm/plugin.video.lnl/fanart/abandoned.jpg</fanart>
</item>

<item>
    <title>TheUnknownCameraman (https://www.youtube.com/watch?v=9cQrSrv-KKE)</title>
    <link>Exploring the Abandoned Phoenix Trotting Park - AZ</link>
	<thumbnail>http://entersandman.xyz/sm/plugin.video.lnl/icon/abandoned.png</thumbnail>
    <fanart>http://entersandman.xyz/sm/plugin.video.lnl/fanart/abandoned.jpg</fanart>
</item>