<?xml version="1.0" encoding="UTF-8" standalone="yes"?>

<dir>
  <title>Action TV</title>
  <tmdb>genre/shows/28</tmdb>
  <thumbnail>http://entersandman.xyz/sm/plugin.video.lnl/icon/tvshows.png</thumbnail>
  <fanart>http://entersandman.xyz/sm/plugin.video.lnl/fanart/tv.jpg</fanart>
</dir>

<dir>
  <title>Adventure TV</title>
  <tmdb>genre/shows/12</tmdb>
  <thumbnail>http://entersandman.xyz/sm/plugin.video.lnl/icon/tvshows.png</thumbnail>
  <fanart>http://entersandman.xyz/sm/plugin.video.lnl/fanart/tv.jpg</fanart>
</dir>

<dir>
  <title>Animation TV</title>
  <tmdb>genre/shows/16</tmdb>
  <thumbnail>http://entersandman.xyz/sm/plugin.video.lnl/icon/tvshows.png</thumbnail>
  <fanart>http://entersandman.xyz/sm/plugin.video.lnl/fanart/tv.jpg</fanart>
</dir>

<dir>
  <title>Comedy TV</title>
  <tmdb>genre/shows/35</tmdb>
  <thumbnail>http://entersandman.xyz/sm/plugin.video.lnl/icon/tvshows.png</thumbnail>
  <fanart>http://entersandman.xyz/sm/plugin.video.lnl/fanart/tv.jpg</fanart>
</dir>

<dir>
  <title>Crime TV</title>
  <tmdb>genre/shows/80</tmdb>
  <thumbnail>http://entersandman.xyz/sm/plugin.video.lnl/icon/tvshows.png</thumbnail>
  <fanart>http://entersandman.xyz/sm/plugin.video.lnl/fanart/tv.jpg</fanart>
</dir>

<dir>
  <title>Documentary TV</title>
  <tmdb>genre/shows/99</tmdb>
  <thumbnail>http://entersandman.xyz/sm/plugin.video.lnl/icon/tvshows.png</thumbnail>
  <fanart>http://entersandman.xyz/sm/plugin.video.lnl/fanart/tv.jpg</fanart>
</dir>

<dir>
  <title>Drama TV</title>
  <tmdb>genre/shows/18</tmdb>
  <thumbnail>http://entersandman.xyz/sm/plugin.video.lnl/icon/tvshows.png</thumbnail>
  <fanart>http://entersandman.xyz/sm/plugin.video.lnl/fanart/tv.jpg</fanart>
</dir>

<dir>
  <title>Family TV</title>
  <tmdb>genre/shows/10751</tmdb>
  <thumbnail>http://entersandman.xyz/sm/plugin.video.lnl/icon/tvshows.png</thumbnail>
  <fanart>http://entersandman.xyz/sm/plugin.video.lnl/fanart/tv.jpg</fanart>
</dir>

<dir>
  <title>Fantasy TV</title>
  <tmdb>genre/shows/14</tmdb>
  <thumbnail>http://entersandman.xyz/sm/plugin.video.lnl/icon/tvshows.png</thumbnail>
  <fanart>http://entersandman.xyz/sm/plugin.video.lnl/fanart/tv.jpg</fanart>
</dir>

<dir>
  <title>History TV</title>
  <tmdb>genre/shows/36</tmdb>
  <thumbnail>http://entersandman.xyz/sm/plugin.video.lnl/icon/tvshows.png</thumbnail>
  <fanart>http://entersandman.xyz/sm/plugin.video.lnl/fanart/tv.jpg</fanart>
</dir>

<dir>
  <title>Horror TV</title>
  <tmdb>genre/shows/27</tmdb>
  <thumbnail>http://entersandman.xyz/sm/plugin.video.lnl/icon/tvshows.png</thumbnail>
  <fanart>http://entersandman.xyz/sm/plugin.video.lnl/fanart/tv.jpg</fanart>
</dir>

<dir>
  <title>Music TV</title>
  <tmdb>genre/shows/10402</tmdb>
  <thumbnail>http://entersandman.xyz/sm/plugin.video.lnl/icon/tvshows.png</thumbnail>
  <fanart>http://entersandman.xyz/sm/plugin.video.lnl/fanart/tv.jpg</fanart>
</dir>

<dir>
  <title>Mystery TV</title>
  <tmdb>genre/shows/9648</tmdb>
  <thumbnail>http://entersandman.xyz/sm/plugin.video.lnl/icon/tvshows.png</thumbnail>
  <fanart>http://entersandman.xyz/sm/plugin.video.lnl/fanart/tv.jpg</fanart>
</dir>

<dir>
  <title>Real TV</title>
  <tmdb>genre/shows/10764</tmdb>
  <thumbnail>http://entersandman.xyz/sm/plugin.video.lnl/icon/tvshows.png</thumbnail>
  <fanart>http://entersandman.xyz/sm/plugin.video.lnl/fanart/tv.jpg</fanart>
</dir>

<dir>
  <title>Romance TV</title>
  <tmdb>genre/shows/10749</tmdb>
  <thumbnail>http://entersandman.xyz/sm/plugin.video.lnl/icon/tvshows.png</thumbnail>
  <fanart>http://entersandman.xyz/sm/plugin.video.lnl/fanart/tv.jpg</fanart>
</dir>

<dir>
  <title>Science Fiction</title>
  <tmdb>genre/shows/878</tmdb>
  <thumbnail>http://entersandman.xyz/sm/plugin.video.lnl/icon/tvshows.png</thumbnail>
  <fanart>http://entersandman.xyz/sm/plugin.video.lnl/fanart/tv.jpg</fanart>
</dir>

<dir>
  <title>Thriller TV</title>
  <tmdb>genre/shows/53</tmdb>
  <thumbnail>http://entersandman.xyz/sm/plugin.video.lnl/icon/tvshows.png</thumbnail>
  <fanart>http://entersandman.xyz/sm/plugin.video.lnl/fanart/tv.jpg</fanart>
</dir>

<dir>
  <title>War TV</title>
  <tmdb>genre/shows/10752</tmdb>
  <thumbnail>http://entersandman.xyz/sm/plugin.video.lnl/icon/tvshows.png</thumbnail>
  <fanart>http://entersandman.xyz/sm/plugin.video.lnl/fanart/tv.jpg</fanart>
</dir>

<dir>
  <title>Western TV</title>
  <tmdb>genre/shows/37</tmdb>
  <thumbnail>http://entersandman.xyz/sm/plugin.video.lnl/icon/tvshows.png</thumbnail>
  <fanart>http://entersandman.xyz/sm/plugin.video.lnl/fanart/tv.jpg</fanart>
</dir>