<?xml version="1.0" encoding="UTF-8" standalone="yes"?>

<item>
    <title>*****[COLORgold]Thank You and Enjoy the Music[/COLOR]*****</title>
    <thumbnail>http://entersandman.xyz/sm/plugin.video.lnl/icon/music.png</thumbnail>
    <fanart>http://entersandman.xyz/sm/plugin.video.lnl/fanart/music.jpg</fanart>
</item>
  
<item>
    <title>Billboard Top Pop Hits - 1960</title>
    <link>https://www.youtube.com/watch?v=m0QY7d1f_r0&t=0s&list=PL1kWHXOifrzMnRKGvvzHcMQyFnORLwBC1&index=2</link>
	<thumbnail>http://entersandman.xyz/sm/plugin.video.lnl/icon/music.png</thumbnail>
    <fanart>http://entersandman.xyz/sm/plugin.video.lnl/fanart/music.jpg</fanart>
</item>

<item>
    <title>Billboard Top Pop Hits - 1970</title>
    <link>https://www.youtube.com/watch?v=1cqNVK8w9oM</link>
	<thumbnail>http://entersandman.xyz/sm/plugin.video.lnl/icon/music.png</thumbnail>
    <fanart>http://entersandman.xyz/sm/plugin.video.lnl/fanart/music.jpg</fanart>
</item>

<item>
    <title>Billboard Top Pop Hits - 1980</title>
    <link>https://www.youtube.com/watch?v=J5JmzdJQw5Y</link>
	<thumbnail>http://entersandman.xyz/sm/plugin.video.lnl/icon/music.png</thumbnail>
    <fanart>http://entersandman.xyz/sm/plugin.video.lnl/fanart/music.jpg</fanart>	
</item>

<item>
    <title>Billboard Top Rock Hits - 1980</title>
    <link>https://www.youtube.com/watch?v=5BASkFGOhUY</link>
	<thumbnail>http://entersandman.xyz/sm/plugin.video.lnl/icon/music.png</thumbnail>
    <fanart>http://entersandman.xyz/sm/plugin.video.lnl/fanart/music.jpg</fanart>	
</item>
  
<item>
    <title>Billboard Top AC Hits - 1990</title>
    <link>https://www.youtube.com/watch?v=aWqDDvmlC8M</link>
	<thumbnail>http://entersandman.xyz/sm/plugin.video.lnl/icon/music.png</thumbnail>
    <fanart>http://entersandman.xyz/sm/plugin.video.lnl/fanart/music.jpg</fanart>	
</item>
  
<item>
    <title>Billboard Top Pop Hits - 2000</title>
    <link>https://www.youtube.com/watch?v=2MFgYsG_2DM</link>
	<thumbnail>http://entersandman.xyz/sm/plugin.video.lnl/icon/music.png</thumbnail>
    <fanart>http://entersandman.xyz/sm/plugin.video.lnl/fanart/music.jpg</fanart>	
</item>
  
<item>
    <title>Billboard Top Country Hits - 2000</title>
    <link>https://www.youtube.com/watch?v=jVbhXIUIdVc&t=0s&list=PL1kWHXOifrzOeDDFgX_ifHXCwJRGbecew&index=27</link>
	<thumbnail>http://entersandman.xyz/sm/plugin.video.lnl/icon/music.png</thumbnail>
    <fanart>http://entersandman.xyz/sm/plugin.video.lnl/fanart/music.jpg</fanart>	
</item>
  
<item>
    <title>Indie/Pop/Folk/Rock/Alternative Music Mix</title>
    <link>https://www.youtube.com/watch?v=GB-E_uCBg80</link>
	<thumbnail>http://entersandman.xyz/sm/plugin.video.lnl/icon/music.png</thumbnail>
    <fanart>http://entersandman.xyz/sm/plugin.video.lnl/fanart/music.jpg</fanart>             
</item>

<item>
    <title>****[COLORgold] Music Videos- 1980s [/COLOR]****</title>
    <thumbnail>http://entersandman.xyz/sm/plugin.video.lnl/icon/music.png</thumbnail>
    <fanart>http://entersandman.xyz/sm/plugin.video.lnl/fanart/music.jpg</fanart>             
</item>

<item>
    <title>a-ha - Take On Me</title>
    <link>https://www.youtube.com/watch?v=djV11Xbc914&t=0s&index=2&list=PLCD0445C57F2B7F41</link>
	<thumbnail>http://entersandman.xyz/sm/plugin.video.lnl/icon/music.png</thumbnail>
    <fanart>http://entersandman.xyz/sm/plugin.video.lnl/fanart/music.jpg</fanart>
</item>
  
<item>
    <title>Bonnie Tyler - Total Eclipse of the Heart</title>
    <link>https://www.youtube.com/watch?v=lcOxhH8N3Bo&t=0s&index=3&list=PLCD0445C57F2B7F41</link>
	<thumbnail>http://entersandman.xyz/sm/plugin.video.lnl/icon/music.png</thumbnail>
    <fanart>http://entersandman.xyz/sm/plugin.video.lnl/fanart/music.jpg</fanart>             
</item>
  
<item>
    <title>Michael Jackson - Beat It </title>
    <link>https://www.youtube.com/watch?v=oRdxUFDoQe0&t=0s&index=4&list=PLCD0445C57F2B7F41</link>
	<thumbnail>http://entersandman.xyz/sm/plugin.video.lnl/icon/music.png</thumbnail>
    <fanart>http://entersandman.xyz/sm/plugin.video.lnl/fanart/music.jpg</fanart>             
</item>
  
<item>
    <title>Cyndi Lauper - Girls Just Want To Have Fun </title>
    <link>https://www.youtube.com/watch?v=PIb6AZdTr-A&t=0s&index=5&list=PLCD0445C57F2B7F41</link>
	<thumbnail>http://entersandman.xyz/sm/plugin.video.lnl/icon/music.png</thumbnail>
    <fanart>http://entersandman.xyz/sm/plugin.video.lnl/fanart/music.jpg</fanart>             
</item>

<item>
    <title>Toto - Africa</title>
    <link>https://www.youtube.com/watch?v=FTQbiNvZqaY&t=0s&index=6&list=PLCD0445C57F2B7F41</link>
	<thumbnail>http://entersandman.xyz/sm/plugin.video.lnl/icon/music.png</thumbnail>
    <fanart>http://entersandman.xyz/sm/plugin.video.lnl/fanart/music.jpg</fanart>             
</item>

<item>
    <title>Europe - The Final Countdown</title>
    <link>https://www.youtube.com/watch?v=9jK-NcRmVcw&t=0s&index=7&list=PLCD0445C57F2B7F41</link>
	<thumbnail>http://entersandman.xyz/sm/plugin.video.lnl/icon/music.png</thumbnail>
    <fanart>http://entersandman.xyz/sm/plugin.video.lnl/fanart/music.jpg</fanart>             
</item>
  
<item>
    <title>Madonna - Borderline</title>
    <link>https://www.youtube.com/watch?v=rSaC-YbSDpo&t=0s&index=8&list=PLCD0445C57F2B7F41</link>
	<thumbnail>http://entersandman.xyz/sm/plugin.video.lnl/icon/music.png</thumbnail>
    <fanart>http://entersandman.xyz/sm/plugin.video.lnl/fanart/music.jpg</fanart>             
</item>
  
<item>
    <title>Michael Jackson - Billie Jean</title>
    <link>https://www.youtube.com/watch?v=Zi_XLOBDo_Y&t=0s&index=9&list=PLCD0445C57F2B7F41</link>
	<thumbnail>http://entersandman.xyz/sm/plugin.video.lnl/icon/music.png</thumbnail>
    <fanart>http://entersandman.xyz/sm/plugin.video.lnl/fanart/music.jpg</fanart>             
</item>

<item>
    <title>AC/DC - Back In Black</title>
    <link>https://www.youtube.com/watch?v=pAgnJDJN4VA&t=0s&index=10&list=PLCD0445C57F2B7F41</link>
	<thumbnail>http://entersandman.xyz/sm/plugin.video.lnl/icon/music.png</thumbnail>
    <fanart>http://entersandman.xyz/sm/plugin.video.lnl/fanart/music.jpg</fanart>             
</item>
  
<item>
    <title>Tracy Chapman - "Fast Car"</title>
    <link>https://www.youtube.com/watch?v=AIOAlaACuv4&t=0s&index=11&list=PLCD0445C57F2B7F41</link>
	<thumbnail>http://entersandman.xyz/sm/plugin.video.lnl/icon/music.png</thumbnail>
    <fanart>http://entersandman.xyz/sm/plugin.video.lnl/fanart/music.jpg</fanart>             
</item>
  
<item>
    <title>Rick Astley - Never Gonna Give You Up</title>
    <link>https://www.youtube.com/watch?v=dQw4w9WgXcQ&t=0s&index=12&list=PLCD0445C57F2B7F41</link>
	<thumbnail>http://entersandman.xyz/sm/plugin.video.lnl/icon/music.png</thumbnail>
    <fanart>http://entersandman.xyz/sm/plugin.video.lnl/fanart/music.jpg</fanart>             
</item>
  
<item>
    <title>Guns N' Roses - Sweet Child O' Mine</title>
    <link>https://www.youtube.com/watch?v=1w7OgIMMRc4&t=0s&index=13&list=PLCD0445C57F2B7F41</link>
	<thumbnail>http://entersandman.xyz/sm/plugin.video.lnl/icon/music.png</thumbnail>
    <fanart>http://entersandman.xyz/sm/plugin.video.lnl/fanart/music.jpg</fanart>             
</item>
  
<item>
    <title>Modern Talking - You're My Heart, You're My Soul </title>
    <link>https://www.youtube.com/watch?v=4kHl4FoK1Ys&t=0s&index=14&list=PLCD0445C57F2B7F41</link>
	<thumbnail>http://entersandman.xyz/sm/plugin.video.lnl/icon/music.png</thumbnail>
    <fanart>http://entersandman.xyz/sm/plugin.video.lnl/fanart/music.jpg</fanart>             
</item>
  
<item>
    <title>Prince - 1999</title>
    <link>https://www.youtube.com/watch?v=rblt2EtFfC4&t=0s&index=15&list=PLCD0445C57F2B7F41</link>
	<thumbnail>http://entersandman.xyz/sm/plugin.video.lnl/icon/music.png</thumbnail>
    <fanart>http://entersandman.xyz/sm/plugin.video.lnl/fanart/music.jpg</fanart>             
</item>
  
<item>
    <title>The Cars - You Might Think</title>
    <link>https://www.youtube.com/watch?v=3dOx510kyOs&t=0s&index=16&list=PLCD0445C57F2B7F41</link>
	<thumbnail>http://entersandman.xyz/sm/plugin.video.lnl/icon/music.png</thumbnail>
    <fanart>http://entersandman.xyz/sm/plugin.video.lnl/fanart/music.jpg</fanart>             
</item>

  <item>
    <title>Survivor - Eye Of The Tiger</title>
    <link>https://www.youtube.com/watch?v=btPJPFnesV4&t=0s&index=17&list=PLCD0445C57F2B7F41</link>
	<thumbnail>http://entersandman.xyz/sm/plugin.video.lnl/icon/music.png</thumbnail>
    <fanart>http://entersandman.xyz/sm/plugin.video.lnl/fanart/music.jpg</fanart>             
</item>
  
<item>
    <title>Bon Jovi - Livin' On A Prayer</title>
    <link>https://www.youtube.com/watch?v=lDK9QqIzhwk&t=0s&index=18&list=PLCD0445C57F2B7F41</link>
	<thumbnail>http://entersandman.xyz/sm/plugin.video.lnl/icon/music.png</thumbnail>
    <fanart>http://entersandman.xyz/sm/plugin.video.lnl/fanart/music.jpg</fanart>             
</item>
  
<item>
    <title>Guns N' Roses - Paradise City</title>
    <link>https://www.youtube.com/watch?v=Rbm6GXllBiw&t=0s&index=19&list=PLCD0445C57F2B7F41</link>
	<thumbnail>http://entersandman.xyz/sm/plugin.video.lnl/icon/music.png</thumbnail>
    <fanart>http://entersandman.xyz/sm/plugin.video.lnl/fanart/music.jpg</fanart>             
</item>
  
<item>
    <title>ZZ Top - Sharp Dressed Man </title>
    <link>https://www.youtube.com/watch?v=7wRHBLwpASw&t=0s&index=20&list=PLCD0445C57F2B7F41</link>
	<thumbnail>http://entersandman.xyz/sm/plugin.video.lnl/icon/music.png</thumbnail>
    <fanart>http://entersandman.xyz/sm/plugin.video.lnl/fanart/music.jpg</fanart>             
</item>

<item>
    <title>John Travolta And Olivia Newton John - You're The One That I Want</title>
    <link>https://www.youtube.com/watch?v=itRFjzQICJU&t=0s&index=21&list=PLCD0445C57F2B7F41</link>
	<thumbnail>http://entersandman.xyz/sm/plugin.video.lnl/icon/music.png</thumbnail>
    <fanart>http://entersandman.xyz/sm/plugin.video.lnl/fanart/music.jpg</fanart>             
</item>

  <item>
    <title>Culture Club - Karma Chameleon</title>
    <link>https://www.youtube.com/watch?v=JmcA9LIIXWw&t=0s&index=22&list=PLCD0445C57F2B7F41</link>
	<thumbnail>http://entersandman.xyz/sm/plugin.video.lnl/icon/music.png</thumbnail>
    <fanart>http://entersandman.xyz/sm/plugin.video.lnl/fanart/music.jpg</fanart>             
</item>
  
<item>
    <title>Michael Jackson - The Way You Make Me Feel </title>
    <link>https://www.youtube.com/watch?v=HzZ_urpj4As&t=0s&index=23&list=PLCD0445C57F2B7F41</link>
	<thumbnail>http://entersandman.xyz/sm/plugin.video.lnl/icons/music.png</thumbnail>
    <fanart>http://entersandman.xyz/sm/plugin.video.lnl/fanart/music.jpg</fanart>             
</item>

<item>
    <title>The Police - Every Breath You Take</title>
    <link>https://www.youtube.com/watch?v=OMOGaugKpzs&t=0s&index=24&list=PLCD0445C57F2B7F41</link>
	<thumbnail>http://entersandman.xyz/sm/plugin.video.lnl/icon/music.png</thumbnail>
    <fanart>http://entersandman.xyz/sm/plugin.video.lnl/fanart/music.jpg</fanart>             
</item>
  
<item>
    <title>Kenny Loggins - Footloose</title>
    <link>https://www.youtube.com/watch?v=ltrMfT4Qz5Y&t=0s&index=25&list=PLCD0445C57F2B7F41</link>
	<thumbnail>http://entersandman.xyz/sm/plugin.video.lnl/icon/music.png</thumbnail>
    <fanart>http://entersandman.xyz/sm/plugin.video.lnl/fanart/music.jpg</fanart>             
</item>
  
<item>
    <title>Eurythmics - Sweet Dreams</title>
    <link>https://www.youtube.com/watch?v=qeMFqkcPYcg&t=0s&index=26&list=PLCD0445C57F2B7F41</link>
	<thumbnail>http://entersandman.xyz/sm/plugin.video.lnl/icon/music.png</thumbnail>
    <fanart>http://entersandman.xyz/sm/plugin.video.lnl/fanart/music.jpg</fanart>             
</item>
  
<item>
    <title>Whitney Houston - Greatest Love Of All</title>
    <link>https://www.youtube.com/watch?v=IYzlVDlE72w&t=0s&index=27&list=PLCD0445C57F2B7F41</link>
	<thumbnail>http://entersandman.xyz/sm/plugin.video.lnl/icon/music.png</thumbnail>
    <fanart>http://entersandman.xyz/sm/plugin.video.lnl/fanart/music.jpg</fanart>             
</item>
  
<item>
    <title>George Michael - Careless Whisper</title>
    <link>https://www.youtube.com/watch?v=izGwDsrQ1eQ&t=0s&index=28&list=PLCD0445C57F2B7F41</link>
    <thumbnail>http://entersandman.xyz/sm/plugin.video.lnl/icon/music.png</thumbnail>
    <fanart>http://entersandman.xyz/sm/plugin.video.lnl/fanart/music.jpg</fanart>             
</item>
  
<item>
    <title>Michael Jackson - Thriller (Shortened Version)</title>
    <link>https://www.youtube.com/watch?v=4V90AmXnguw&t=0s&index=29&list=PLCD0445C57F2B7F41</link>
	<thumbnail>http://entersandman.xyz/sm/plugin.video.lnl/icon/music.png</thumbnail>
    <fanart>http://entersandman.xyz/sm/plugin.video.lnl/fanart/music.jpg</fanart>             
</item>
  
<item>
    <title>Wham! - Wake Me Up Before You Go-Go</title>
    <link>https://www.youtube.com/watch?v=pIgZ7gMze7A&t=0s&index=30&list=PLCD0445C57F2B7F41</link>
	<thumbnail>http://entersandman.xyz/sm/plugin.video.lnl/icon/music.png</thumbnail>
    <fanart>http://entersandman.xyz/sm/plugin.video.lnl/fanart/music.jpg</fanart>             
</item>

<item>
    <title>Modern Talking - Cheri Cheri Lady</title>
    <link>https://www.youtube.com/watch?v=eNvUS-6PTbs&t=0s&index=31&list=PLCD0445C57F2B7F41</link>
	<thumbnail>http://entersandman.xyz/sm/plugin.video.lnl/icons/music.png</thumbnail>
    <fanart>http://entersandman.xyz/sm/plugin.video.lnl/fanart/music.jpg</fanart>             
</item>
  
<item>
    <title>Elton John - Sacrifice</title>
    <link>https://www.youtube.com/watch?v=NrLkTZrPZA4&t=0s&index=32&list=PLCD0445C57F2B7F41</link>
	<thumbnail>http://entersandman.xyz/sm/plugin.video.lnl/icon/music.png</thumbnail>
    <fanart>http://entersandman.xyz/sm/plugin.video.lnl/fanart/music.jpg</fanart>             
</item>
  
<item>
    <title>Steve Earle - Copperhead Road</title>
    <link>https://www.youtube.com/watch?v=xvaEJzoaYZk&t=0s&index=33&list=PLCD0445C57F2B7F41</link>
	<thumbnail>http://entersandman.xyz/sm/plugin.video.lnl/icon/music.png</thumbnail>
    <fanart>http://entersandman.xyz/sm/plugin.video.lnl/fanart/music.jpg</fanart>
</item>             

  
<item>
    <title>USA for Africa - We are the World</title>
    <link>https://www.youtube.com/watch?v=M9BNoNFKCBI&t=0s&index=34&list=PLCD0445C57F2B7F41</link>
	<thumbnail>http://entersandman.xyz/sm/plugin.video.lnl/icon/music.png</thumbnail>
    <fanart>http://entersandman.xyz/sm/plugin.video.lnl/fanart/music.jpg</fanart>             
</item>

<item>
    <title>The Outfield - Your Love</title>
    <link>https://www.youtube.com/watch?v=4N1iwQxiHrs&t=0s&index=35&list=PLCD0445C57F2B7F41</link>
	<thumbnail>http://entersandman.xyz/sm/plugin.video.lnl/icon/music.png</thumbnail>
    <fanart>http://entersandman.xyz/sm/plugin.video.lnl/fanart/music.jpg</fanart>             
</item>
  
<item>
    <title>Cyndi Lauper - Time After Time</title>
    <link>https://www.youtube.com/watch?v=VdQY7BusJNU&t=0s&index=36&list=PLCD0445C57F2B7F41</link>
	<thumbnail>http://entersandman.xyz/sm/plugin.video.lnl/icon/music.png</thumbnail>
    <fanart>http://entersandman.xyz/sm/plugin.video.lnl/fanart/music.jpg</fanart>             
</item>
  
<item>
    <title>Foreigner - 'I Want To Know What Love Is'</title>
    <link>https://www.youtube.com/watch?v=raNGeq3_DtM&t=0s&index=37&list=PLCD0445C57F2B7F41</link>
	<thumbnail>http://entersandman.xyz/sm/plugin.video.lnl/icon/music.png</thumbnail>
    <fanart>http://entersandman.xyz/sm/plugin.video.lnl/fanart/music.jpg</fanart>             
</item>

<item>
    <title>Vanilla Ice - Ice Ice Baby</title>
    <link>https://www.youtube.com/watch?v=rog8ou-ZepE&t=0s&index=38&list=PLCD0445C57F2B7F41</link>
	<thumbnail>http://entersandman.xyz/sm/plugin.video.lnl/icon/music.png</thumbnail>
    <fanart>http://entersandman.xyz/sm/plugin.video.lnl/fanart/music.jpg</fanart>             
</item>

<item>
    <title>Michael Jackson - Bad (Shortened Version)</title>
    <link>https://www.youtube.com/watch?v=dsUXAEzaC3Q&t=0s&index=39&list=PLCD0445C57F2B7F41</link>
	<thumbnail>http://entersandman.xyz/sm/plugin.video.lnl/icon/music.png</thumbnail>
    <fanart>http://entersandman.xyz/sm/plugin.video.lnl/fanart/music.jpg</fanart>             
</item>
  
<item>
    <title>Michael Jackson - Smooth Criminal</title>
    <link>https://www.youtube.com/watch?v=h_D3VFfhvs4&t=0s&index=40&list=PLCD0445C57F2B7F41</link>
	<thumbnail>http://entersandman.xyz/sm/plugin.video.lnl/icon/music.png</thumbnail>
    <fanart>http://entersandman.xyz/sm/plugin.video.lnl/fanart/music.jpg</fanart>             
</item>
  
<item>
    <title>Queen - Another One Bites the Dust</title>
    <link>https://www.youtube.com/watch?v=rY0WxgSXdEE&t=0s&index=41&list=PLCD0445C57F2B7F41</link>
	<thumbnail>http://entersandman.xyz/sm/plugin.video.lnl/icon/music.png</thumbnail>
    <fanart>http://entersandman.xyz/sm/plugin.video.lnl/fanart/music.jpg</fanart>             
</item>

<item>
    <title>Guns N' Roses - Welcome To The Jungle</title>
    <link>https://www.youtube.com/watch?v=o1tj2zJ2Wvg&t=0s&index=42&list=PLCD0445C57F2B7F41</link>
	<thumbnail>http://entersandman.xyz/sm/plugin.video.lnl/icon/music.png</thumbnail>
    <fanart>http://entersandman.xyz/sm/plugin.video.lnl/fanart/music.jpg</fanart>             
</item>
  
<item>
    <title>Whitney Houston - I Wanna Dance With Somebody</title>
    <link>https://www.youtube.com/watch?v=eH3giaIzONA&t=0s&index=43&list=PLCD0445C57F2B7F41</link>
	<thumbnail>http://entersandman.xyz/sm/plugin.video.lnl/icon/music.png</thumbnail>
    <fanart>http://entersandman.xyz/sm/plugin.video.lnl/fanart/music.jpg</fanart>             
</item>
 
<item>
    <title>Baltimora - Tarzan Boy</title>
    <link>https://www.youtube.com/watch?v=_r0n9Dv6XnY&t=0s&index=45&list=PLCD0445C57F2B7F41</link>
	<thumbnail>http://entersandman.xyz/sm/plugin.video.lnl/icon/music.png</thumbnail>
    <fanart>http://entersandman.xyz/sm/plugin.video.lnl/fanart/music.jpg</fanart>             
</item>
  
<item>
    <title>Europe - Carrie</title>
    <link>https://www.youtube.com/watch?v=KmWE9UBFwtY&t=0s&index=46&list=PLCD0445C57F2B7F41</link>
	<thumbnail>http://entersandman.xyz/sm/plugin.video.lnl/icon/music.png</thumbnail>
    <fanart>http://entersandman.xyz/sm/plugin.video.lnl/fanart/music.jpg</fanart>             
</item>
  
<item>
    <title>Dire Straits - Walk Of Life</title>
    <link>https://www.youtube.com/watch?v=kd9TlGDZGkI&t=0s&index=47&list=PLCD0445C57F2B7F41</link>
	<thumbnail>http://entersandman.xyz/sm/plugin.video.lnl/icon/music.png</thumbnail>
    <fanart>http://entersandman.xyz/sm/plugin.video.lnl/fanart/music.jpg</fanart>             
</item>
  
<item>
    <title>Sting - Englishman In New York</title>
    <link>https://www.youtube.com/watch?v=d27gTrPPAyk&t=0s&index=48&list=PLCD0445C57F2B7F41</link>
	<thumbnail>http://entersandman.xyz/sm/plugin.video.lnl/icon/music.png</thumbnail>
    <fanart>http://entersandman.xyz/sm/plugin.video.lnl/fanart/music.jpg</fanart>             
</item>

  <item>
    <title>U2 - With Or Without You</title>
    <link>https://www.youtube.com/watch?v=XmSdTa9kaiQ&t=0s&index=49&list=PLCD0445C57F2B7F41</link>
	<thumbnail>http://entersandman.xyz/sm/plugin.video.lnl/icon/music.png</thumbnail>
    <fanart>http://entersandman.xyz/sm/plugin.video.lnl/fanart/music.jpg</fanart>             
</item>
  
<item>
    <title>Twisted Sister - We're Not Gonna Take It</title>
    <link>https://www.youtube.com/watch?v=4xmckWVPRaI&t=0s&index=50&list=PLCD0445C57F2B7F41</link>
	<thumbnail>http://entersandman.xyz/sm/plugin.video.lnl/icon/music.png</thumbnail>
    <fanart>http://entersandman.xyz/sm/plugin.video.lnl/fanart/music.jpg</fanart>             
</item>
  
<item>
    <title>Bonnie Tyler - I Need a Hero</title>
    <link>https://www.youtube.com/watch?v=OBwS66EBUcY&t=0s&index=51&list=PLCD0445C57F2B7F41</link>
	<thumbnail>http://entersandman.xyz/sm/plugin.video.lnl/icon/music.png</thumbnail>
    <fanart>http://entersandman.xyz/sm/plugin.video.lnl/fanart/music.jpg</fanart>             
</item>
  
<item>
    <title>Journey - Don't Stop Believin'</title>
    <link>https://www.youtube.com/watch?v=VcjzHMhBtf0&t=0s&index=52&list=PLCD0445C57F2B7F41</link>
	<thumbnail>http://entersandman.xyz/sm/plugin.video.lnl/icon/music.png</thumbnail>
    <fanart>http://entersandman.xyz/sm/plugin.video.lnl/fanart/music.jpg</fanart>             
</item>
  
<item>
    <title>Journey - Faithfully</title>
    <link>https://www.youtube.com/watch?v=OMD8hBsA-RI&t=0s&index=53&list=PLCD0445C57F2B7F41</link>
	<thumbnail>http://entersandman.xyz/sm/plugin.video.lnl/icon/music.png</thumbnail>
    <fanart>http://entersandman.xyz/sm/plugin.video.lnl/fanart/music.jpg</fanart>             
</item>
  
<item>
    <title>Dead Or Alive - You Spin Me Round</title>
    <link>https://www.youtube.com/watch?v=PGNiXGX2nLU&t=0s&index=55&list=PLCD0445C57F2B7F41</link>
	<thumbnail>http://entersandman.xyz/sm/plugin.video.lnl/icon/music.png</thumbnail>
    <fanart>http://entersandman.xyz/sm/plugin.video.lnl/fanart/music.jpg</fanart>             
</item>
  
<item>
    <title>Billy Idol - Eyes Without A Face</title>
    <link>https://www.youtube.com/watch?v=9OFpfTd0EIs&t=0s&index=56&list=PLCD0445C57F2B7F41</link>
	<thumbnail>http://entersandman.xyz/sm/plugin.video.lnl/icon/music.png</thumbnail>
    <fanart>http://entersandman.xyz/sm/plugin.video.lnl/fanart/music.jpg</fanart>             
</item>

<item>
    <title>Richard Marx - Right Here Waiting</title>
    <link>https://www.youtube.com/watch?v=S_E2EHVxNAE&t=0s&index=57&list=PLCD0445C57F2B7F41</link>
	<thumbnail>http://entersandman.xyz/sm/plugin.video.lnl/icon/music.png</thumbnail>
    <fanart>http://entersandman.xyz/sm/plugin.video.lnl/fanart/music.jpg</fanart>             
</item>

<item>
    <title>Bryan Adams - Summer Of '69</title>
    <link>https://www.youtube.com/watch?v=eFjjO_lhf9c&t=0s&index=58&list=PLCD0445C57F2B7F41</link>
	<thumbnail>http://entersandman.xyz/sm/plugin.video.lnl/icon/music.png</thumbnail>
    <fanart>http://entersandman.xyz/sm/plugin.video.lnl/fanart/music.jpg</fanart>             
</item>
  
<item>
    <title>Bon Jovi - You Give Love A Bad Name</title>
    <link>https://www.youtube.com/watch?v=KrZHPOeOxQQ&t=0s&index=59&list=PLCD0445C57F2B7F41</link>
	<thumbnail>http://entersandman.xyz/sm/plugin.video.lnl/icon/music.png</thumbnail>
    <fanart>http://entersandman.xyz/sm/plugin.video.lnl/fanart/music.jpg</fanart>             
</item>
  
<item>
    <title>Alphaville - Forever Young </title>
    <link>https://www.youtube.com/watch?v=oNjQXmoxiQ8&t=0s&index=60&list=PLCD0445C57F2B7F41</link>
	<thumbnail>http://entersandman.xyz/sm/plugin.video.lnl/icon/music.png</thumbnail>
    <fanart>http://entersandman.xyz/sm/plugin.video.lnl/fanart/music.jpg</fanart>
</item>             

<item>
    <title>Berlin - Take My Breath Away</title>
    <link>https://www.youtube.com/watch?v=Bx51eegLTY8&t=0s&index=61&list=PLCD0445C57F2B7F41</link>
	<thumbnail>http://entersandman.xyz/sm/plugin.video.lnl/icon/music.png</thumbnail>
    <fanart>http://entersandman.xyz/sm/plugin.video.lnl/fanart/music.jpg</fanart>             
</item>
  
<item>
    <title>Kim Carnes - Bette Davis Eyes</title>
    <link>https://www.youtube.com/watch?v=EPOIS5taqA8&t=0s&index=62&list=PLCD0445C57F2B7F41</link>
	<thumbnail>http://entersandman.xyz/sm/plugin.video.lnl/icon/music.png</thumbnail>
    <fanart>http://entersandman.xyz/sm/plugin.video.lnl/fanart/music.jpg</fanart>             
</item>
  
<item>
    <title>Madonna - Material Girl </title>
    <link>https://www.youtube.com/watch?v=6p-lDYPR2P8&t=0s&index=64&list=PLCD0445C57F2B7F41</link>
	<thumbnail>http://entersandman.xyz/sm/plugin.video.lnl/icon/music.png</thumbnail>
    <fanart>http://entersandman.xyz/sm/plugin.video.lnl/fanart/music.jpg</fanart>             
</item>
  
<item>
    <title>Air Supply - Making Love Out Of Nothing At All</title>
    <link>https://www.youtube.com/watch?v=ogoIxkPjRts&t=0s&index=65&list=PLCD0445C57F2B7F41</link>
	<thumbnail>http://entersandman.xyz/sm/plugin.video.lnl/icons/music.png</thumbnail>
    <fanart>http://entersandman.xyz/sm/plugin.video.lnl/fanart/music.jpg</fanart>             
</item>
  
<item>
    <title>Madonna - Papa Don't Preach </title>
    <link>https://www.youtube.com/watch?v=RkxqxWgEEz4&t=0s&index=66&list=PLCD0445C57F2B7F41</link>
	<thumbnail>http://entersandman.xyz/sm/plugin.video.lnl/icon/music.png</thumbnail>
    <fanart>http://entersandman.xyz/sm/plugin.video.lnl/fanart/music.jpg</fanart>             
</item>
  
<item>
    <title>Patrick Swayze - She's Like The Wind ft. Wendy Fraser</title>
    <link>https://www.youtube.com/watch?v=lU9p1WRfA9w&t=0s&index=67&list=PLCD0445C57F2B7F41</link>
	<thumbnail>http://entersandman.xyz/sm/plugin.video.lnl/icon/music.png</thumbnail>
    <fanart>http://entersandman.xyz/sm/plugin.video.lnl/fanart/music.jpg</fanart>             
</item>
  
<item>
    <title>AC/DC - Hells Bells</title>
    <link>https://www.youtube.com/watch?v=etAIpkdhU9Q&t=0s&index=68&list=PLCD0445C57F2B7F41</link>
	<thumbnail>http://entersandman.xyz/sm/plugin.video.lnl/icon/music.png</thumbnail>
    <fanart>http://entersandman.xyz/sm/plugin.video.lnl/fanart/music.jpg</fanart>             
</item>

  <item>
    <title>Blondie - Heart Of Glass</title>
    <link>https://www.youtube.com/watch?v=WGU_4-5RaxU&t=0s&index=69&list=PLCD0445C57F2B7F41</link>
	<thumbnail>http://entersandman.xyz/sm/plugin.video.lnl/icon/music.png</thumbnail>
    <fanart>http://entersandman.xyz/sm/plugin.video.lnl/fanart/music.jpg</fanart>             
</item>
  
<item>
    <title>Tina Turner - What's Love Got To Do With It</title>
    <link>https://www.youtube.com/watch?v=oGpFcHTxjZs&t=0s&index=70&list=PLCD0445C57F2B7F41</link>
	<thumbnail>http://entersandman.xyz/sm/plugin.video.lnl/icon/music.png</thumbnail>
    <fanart>http://entersandman.xyz/sm/plugin.video.lnl/fanart/music.jpg</fanart>             
</item>
  
<item>
    <title>Bon Jovi - I'll Be There For You</title>
    <link>https://www.youtube.com/watch?v=mh8MIp2FOhc&t=0s&index=71&list=PLCD0445C57F2B7F41</link>
	<thumbnail>http://entersandman.xyz/sm/plugin.video.lnl/icon/music.png</thumbnail>
    <fanart>http://entersandman.xyz/sm/plugin.video.lnl/fanart/music.jpg</fanart>             
</item>
  
<item>
    <title>Stevie Wonder - I Just Called To Say I Love You</title>
    <link>https://www.youtube.com/watch?v=QwOU3bnuU0k&t=0s&index=72&list=PLCD0445C57F2B7F41</link>
	<thumbnail>http://entersandman.xyz/sm/plugin.video.lnl/icon/music.png</thumbnail>
    <fanart>http://entersandman.xyz/sm/plugin.video.lnl/fanart/music.jpg</fanart>             
</item>

<item>
    <title>Heart - Alone</title>
    <link>https://www.youtube.com/watch?v=1Cw1ng75KP0&t=0s&index=73&list=PLCD0445C57F2B7F41</link>
	<thumbnail>http://entersandman.xyz/sm/plugin.video.lnl/icon/music.png</thumbnail>
    <fanart>http://entersandman.xyz/sm/plugin.video.lnl/fanart/music.jpg</fanart>             
</item>
  
<item>
    <title>Whitney Houston - Saving All My Love For You</title>
    <link>https://www.youtube.com/watch?v=ewxmv2tyeRs&t=0s&index=74&list=PLCD0445C57F2B7F41</link>
	<thumbnail>http://entersandman.xyz/sm/plugin.video.lnl/icon/music.png</thumbnail>
    <fanart>http://entersandman.xyz/sm/plugin.video.lnl/fanart/music.jpg</fanart>             
</item>
  
<item>
    <title>The Proclaimers - I'm Gonna Be (500 Miles)</title>
    <link>https://www.youtube.com/watch?v=tbNlMtqrYS0&t=0s&index=75&list=PLCD0445C57F2B7F41</link>
	<thumbnail>http://entersandman.xyz/sm/plugin.video.lnl/icon/music.png</thumbnail>
    <fanart>http://entersandman.xyz/sm/plugin.video.lnl/fanart/music.jpg</fanart>             
</item>

<item>
    <title>Madonna - La Isla Bonita </title>
    <link>https://www.youtube.com/watch?v=qqIIW7nxBgc&t=0s&index=76&list=PLCD0445C57F2B7F41</link>
	<thumbnail>http://entersandman.xyz/sm/plugin.video.lnl/icon/music.png</thumbnail>
    <fanart>http://entersandman.xyz/sm/plugin.video.lnl/fanart/music.jpg</fanart>             
</item>

<item>
    <title>Bill Medley, Jennifer Warnes - (I've Had) The Time Of My Life</title>
    <link>https://www.youtube.com/watch?v=4BQLE_RrTSU&t=0s&index=77&list=PLCD0445C57F2B7F41</link>
	<thumbnail>http://entersandman.xyz/sm/plugin.video.lnl/icon/music.png</thumbnail>
    <fanart>http://entersandman.xyz/sm/plugin.video.lnl/fanart/music.jpg</fanart>             
</item>
  
<item>
    <title>****[COLORdodgerblue]Music Videos- ROCK CHART July 2018 / BILLBOARD 2018[/COLOR]****</title>
    <thumbnail>http://entersandman.xyz/sm/plugin.video.lnl/icon/music.png</thumbnail>
    <fanart>http://entersandman.xyz/sm/plugin.video.lnl/fanart/music.jpg</fanart>             
</item>
  
<item>
    <title>Five Finger Death Punch - Sham Pain</title>
    <link>https://www.youtube.com/watch?v=HbaQ9xnoMGQ&list=PLSOwXxsAA-252XjuHPSGYaRf7CmOhgLxf&index=2&t=0s</link>
	<thumbnail>http://entersandman.xyz/sm/plugin.video.lnl/icon/music.png</thumbnail>
    <fanart>http://entersandman.xyz/sm/plugin.video.lnl/fanart/music.jpg</fanart>             
</item>
  
<item>
    <title>Evanescence - "Hi-Lo" featuring Lindsey Stirling </title>
    <link>https://www.youtube.com/watch?v=fIGaRwEkZPk&list=PLSOwXxsAA-252XjuHPSGYaRf7CmOhgLxf&index=3&t=0s</link>
	<thumbnail>http://entersandman.xyz/sm/plugin.video.lnl/icon/music.png</thumbnail>
    <fanart>http://entersandman.xyz/sm/plugin.video.lnl/fanart/music.jpg</fanart>             
</item>
  
<item>
    <title>Bullet For My Valentine - Letting You Go</title>
    <link>https://www.youtube.com/watch?v=Len0qLhmhL0&list=PLSOwXxsAA-252XjuHPSGYaRf7CmOhgLxf&index=4&t=0s</link>
	<thumbnail>http://entersandman.xyz/sm/plugin.video.lnl/icon/music.png</thumbnail>
    <fanart>http://entersandman.xyz/sm/plugin.video.lnl/fanart/music.jpg</fanart>             
</item>
  
<item>
    <title>Arctic Monkeys - Four Out Of Five</title>
    <link>https://www.youtube.com/watch?v=71Es-8FfATo&list=PLSOwXxsAA-252XjuHPSGYaRf7CmOhgLxf&index=5&t=0s</link>
	<thumbnail>http://entersandman.xyz/sm/plugin.video.lnl/icon/music.png</thumbnail>
    <fanart>http://entersandman.xyz/sm/plugin.video.lnl/fanart/music.jpg</fanart>             
</item>

<item>
    <title>MUSE - Thought Contagion</title>
    <link>https://www.youtube.com/watch?v=QQ_3S-IQm38&list=PLSOwXxsAA-252XjuHPSGYaRf7CmOhgLxf&index=6&t=0s</link>
	<thumbnail>http://entersandman.xyz/sm/plugin.video.lnl/icon/music.png</thumbnail>
    <fanart>http://entersandman.xyz/sm/plugin.video.lnl/fanart/music.jpg</fanart>             
</item>
  
<item>
    <title>Papa Roach - Born For Greatness</title>
    <link>https://www.youtube.com/watch?v=6enZdk9LTqs&list=PLSOwXxsAA-252XjuHPSGYaRf7CmOhgLxf&index=8&t=0s</link>
	<thumbnail>http://entersandman.xyz/sm/plugin.video.lnl/icon/music.png</thumbnail>
    <fanart>http://entersandman.xyz/sm/plugin.video.lnl/fanart/music.jpg</fanart>             
</item>
  
<item>
    <title>Fozzy - Painless</title>
    <link>https://www.youtube.com/watch?v=3KhM2QNdMLg&list=PLSOwXxsAA-252XjuHPSGYaRf7CmOhgLxf&index=9&t=0s</link>
	<thumbnail>http://entersandman.xyz/sm/plugin.video.lnl/icon/music.png</thumbnail>
    <fanart>http://entersandman.xyz/sm/plugin.video.lnl/fanart/music.jpg</fanart>             
</item>

<item>
    <title>Thirty Seconds To Mars - Walk On Water</title>
    <link>https://www.youtube.com/watch?v=44NYFvhXmW8&list=PLSOwXxsAA-252XjuHPSGYaRf7CmOhgLxf&index=10&t=0s</link>
	<thumbnail>http://entersandman.xyz/sm/plugin.video.lnl/icon/music.png</thumbnail>
    <fanart>http://entersandman.xyz/sm/plugin.video.lnl/fanart/music.jpg</fanart>             
</item>

<item>
    <title>Marilyn Manson - KILL4ME</title>
    <link>https://www.youtube.com/watch?v=n3sEKLlFLzI&list=PLSOwXxsAA-252XjuHPSGYaRf7CmOhgLxf&index=11&t=0s</link>
	<thumbnail>http://entersandman.xyz/sm/plugin.video.lnl/icon/music.png</thumbnail>
    <fanart>http://entersandman.xyz/sm/plugin.video.lnl/fanart/music.jpg</fanart>             
</item>
  
<item>
    <title>Five Finger Death Punch - Gone Away</title>
    <link>https://www.youtube.com/watch?v=BIQK4-9YFW0&list=PLSOwXxsAA-252XjuHPSGYaRf7CmOhgLxf&index=12&t=0s</link>
	<thumbnail>http://entersandman.xyz/sm/plugin.video.lnl/icon/music.png</thumbnail>
    <fanart>http://entersandman.xyz/sm/plugin.video.lnl/fanart/music.jpg</fanart>             
</item>
  
<item>
    <title>Harry Styles - Kiwi</title>
    <link>https://www.youtube.com/watch?v=9wg3v-01yKQ&list=PLSOwXxsAA-252XjuHPSGYaRf7CmOhgLxf&index=13&t=0s</link>
	<thumbnail>http://entersandman.xyz/sm/plugin.video.lnl/icon/music.png</thumbnail>
    <fanart>http://entersandman.xyz/sm/plugin.video.lnl/fanart/music.jpg</fanart>             
</item>

<item>
    <title>Green Day - Back In The USA</title>
    <link>https://www.youtube.com/watch?v=i9GSF3ROa58&list=PLSOwXxsAA-252XjuHPSGYaRf7CmOhgLxf&index=14&t=0s</link>
	<thumbnail>http://entersandman.xyz/sm/plugin.video.lnl/icon/music.png</thumbnail>
    <fanart>http://entersandman.xyz/sm/plugin.video.lnl/fanart/music.jpg</fanart>             
</item>
  
<item>
    <title>Megadeth - Lying In State</title>
    <link>https://www.youtube.com/watch?v=yFxsnOm2kLg&list=PLSOwXxsAA-252XjuHPSGYaRf7CmOhgLxf&index=15&t=0s</link>
	<thumbnail>http://entersandman.xyz/sm/plugin.video.lnl/icon/music.png</thumbnail>
    <fanart>http://entersandman.xyz/sm/plugin.video.lnl/fanart/music.jpg</fanart>             
</item>
  
<item>
    <title>ASKING ALEXANDRIA - Where Did It Go?</title>
    <link>https://www.youtube.com/watch?v=stMWdI49hLk&list=PLSOwXxsAA-252XjuHPSGYaRf7CmOhgLxf&index=16&t=0s</link>
	<thumbnail>http://entersandman.xyz/sm/plugin.video.lnl/icon/music.png</thumbnail>
    <fanart>http://entersandman.xyz/sm/plugin.video.lnl/fanart/music.jpg</fanart>             
</item>
  
<item>
    <title>Royal Blood - How Did We Get So Dark?</title>
    <link>https://www.youtube.com/watch?v=sbx95gBb5HM&list=PLSOwXxsAA-252XjuHPSGYaRf7CmOhgLxf&index=17&t=0s</link>
	<thumbnail>http://entersandman.xyz/sm/plugin.video.lnl/icon/music.png</thumbnail>
    <fanart>http://entersandman.xyz/sm/plugin.video.lnl/fanart/music.jpg</fanart>             
</item>

<item>
    <title>Gary Clark Jr - Come Together</title>
    <link>https://www.youtube.com/watch?v=r7imYeuAfkg&list=PLSOwXxsAA-252XjuHPSGYaRf7CmOhgLxf&index=18&t=0s</link>
	<thumbnail>http://entersandman.xyz/sm/plugin.video.lnl/icon/music.png</thumbnail>
    <fanart>http://entersandman.xyz/sm/plugin.video.lnl/fanart/music.jpg</fanart>             
</item>
  
<item>
    <title>Hollywood Undead - We Own The Night</title>
    <link>https://www.youtube.com/watch?v=lJyxWQPHotw&list=PLSOwXxsAA-252XjuHPSGYaRf7CmOhgLxf&index=19&t=0s</link>
	<thumbnail>http://entersandman.xyz/sm/plugin.video.lnl/icon/music.png</thumbnail>
    <fanart>http://entersandman.xyz/sm/plugin.video.lnl/fanart/music.jpg</fanart>             
</item>

  <item>
    <title>U2 - The Blackout</title>
    <link>https://www.youtube.com/watch?v=PaJCFHXcWmM&list=PLSOwXxsAA-252XjuHPSGYaRf7CmOhgLxf&index=20&t=0s</link>
	<thumbnail>http://entersandman.xyz/sm/plugin.video.lnl/icon/music.png</thumbnail>
    <fanart>http://entersandman.xyz/sm/plugin.video.lnl/fanart/music.jpg</fanart>             
</item>
  
<item>
    <title>Fall Out Boy - The Last Of The Real Ones</title>
    <link>https://www.youtube.com/watch?v=7YAAyUFL1GQ&list=PLSOwXxsAA-252XjuHPSGYaRf7CmOhgLxf&index=21&t=0s</link>
	<thumbnail>http://entersandman.xyz/sm/plugin.video.lnl/icon/music.png</thumbnail>
    <fanart>http://entersandman.xyz/sm/plugin.video.lnl/fanart/music.jpg</fanart>             
</item>
  
<item>
    <title>Neck Deep - Parachute</title>
    <link>https://www.youtube.com/watch?v=RkHuWjiR-LM&list=PLSOwXxsAA-252XjuHPSGYaRf7CmOhgLxf&index=22&t=0s</link>
	<thumbnail>http://entersandman.xyz/sm/plugin.video.lnl/icon/music.png</thumbnail>
    <fanart>http://entersandman.xyz/sm/plugin.video.lnl/fanart/music.jpg</fanart>             
</item>
  
<item>
    <title>Punk Goes Pop Vol. 7 - New Years Day “Gangsta” (Originally performed by Kehlani)</title>
    <link>https://www.youtube.com/watch?v=IdMBYvfBWBQ&list=PLSOwXxsAA-252XjuHPSGYaRf7CmOhgLxf&index=23&t=0s</link>
	<thumbnail>http://entersandman.xyz/sm/plugin.video.lnl/icon/music.png</thumbnail>
    <fanart>http://entersandman.xyz/sm/plugin.video.lnl/fanart/music.jpg</fanart>             
</item>
  
<item>
    <title>The Killers - Smile Like You Mean It</title>
    <link>https://www.youtube.com/watch?v=ZAErD8xzjCM&list=PLSOwXxsAA-252XjuHPSGYaRf7CmOhgLxf&index=24&t=0s</link>
	<thumbnail>http://entersandman.xyz/sm/plugin.video.lnl/icon/music.png</thumbnail>
    <fanart>http://entersandman.xyz/sm/plugin.video.lnl/fanart/music.jpg</fanart>             
</item>
  
<item>
    <title>Pierce The Veil - Today I Saw The Whole World </title>
    <link>https://www.youtube.com/watch?v=ltqXGUHwX6I&list=PLSOwXxsAA-252XjuHPSGYaRf7CmOhgLxf&index=25&t=0s</link>
	<thumbnail>http://entersandman.xyz/sm/plugin.video.lnl/icon/music.png</thumbnail>
    <fanart>http://entersandman.xyz/sm/plugin.video.lnl/fanart/music.jpg</fanart>             
</item>
  
<item>
    <title>Hollywood Undead - Renegade</title>
    <link>https://www.youtube.com/watch?v=U1wKDlVzgUY&list=PLSOwXxsAA-252XjuHPSGYaRf7CmOhgLxf&index=26&t=0s</link>
	<thumbnail>http://entersandman.xyz/sm/plugin.video.lnl/icon/music.png</thumbnail>
    <fanart>http://entersandman.xyz/sm/plugin.video.lnl/fanart/music.jpg</fanart>             
</item>

<item>
    <title>U2 - You’re The Best Thing About Me</title>
    <link>https://www.youtube.com/watch?v=nd_EYo96lmo&list=PLSOwXxsAA-252XjuHPSGYaRf7CmOhgLxf&index=27&t=0s</link>
	<thumbnail>http://entersandman.xyz/sm/plugin.video.lnl/icon/music.png</thumbnail>
    <fanart>http://entersandman.xyz/sm/plugin.video.lnl/fanart/music.jpg</fanart>             
</item>

<item>
    <title>ASKING ALEXANDRIA - Into The Fire</title>
    <link>https://www.youtube.com/watch?v=-jFgNreZPf0&list=PLSOwXxsAA-252XjuHPSGYaRf7CmOhgLxf&index=28&t=0s</link>
	<thumbnail>http://entersandman.xyz/sm/plugin.video.lnl/icon/music.png</thumbnail>
    <fanart>http://entersandman.xyz/sm/plugin.video.lnl/fanart/music.jpg</fanart>             
</item>
  
<item>
    <title>August Burns Red - The Frost</title>
    <link>https://www.youtube.com/watch?v=jKlP2rKtAGQ&list=PLSOwXxsAA-252XjuHPSGYaRf7CmOhgLxf&index=29&t=0s</link>
	<thumbnail>http://entersandman.xyz/sm/plugin.video.lnl/icon/music.png</thumbnail>
    <fanart>http://entersandman.xyz/sm/plugin.video.lnl/fanart/music.jpg</fanart>             
</item>
  
<item>
    <title>Marilyn Manson - WE KNOW WHERE YOU FUCKING LIVE</title>
    <link>https://www.youtube.com/watch?v=2KWpuVrRek4&list=PLSOwXxsAA-252XjuHPSGYaRf7CmOhgLxf&index=30&t=0s</link>
	<thumbnail>http://entersandman.xyz/sm/plugin.video.lnl/icon/music.png</thumbnail>
    <fanart>http://entersandman.xyz/sm/plugin.video.lnl/fanart/music.jpg</fanart>             
</item>

  <item>
    <title>We Came As Romans - Cold Like War</title>
    <link>https://www.youtube.com/watch?v=k3zUWxdYd54&list=PLSOwXxsAA-252XjuHPSGYaRf7CmOhgLxf&index=31&t=0s</link>
	<thumbnail>http://entersandman.xyz/sm/plugin.video.lnl/icon/music.png</thumbnail>
    <fanart>http://entersandman.xyz/sm/plugin.video.lnl/fanart/music.jpg</fanart>             
</item>
  
<item>
    <title>Green Day - Too Dumb to Die</title>
    <link>https://www.youtube.com/watch?v=qh7QJ_jLam0&list=PLSOwXxsAA-252XjuHPSGYaRf7CmOhgLxf&index=32&t=0s</link>
	<thumbnail>http://entersandman.xyz/sm/plugin.video.lnl/icon/music.png</thumbnail>
    <fanart>http://entersandman.xyz/sm/plugin.video.lnl/fanart/music.jpg</fanart>             
</item>
  
<item>
    <title>Avenged Sevenfold - As Tears Go By</title>
    <link>https://www.youtube.com/watch?v=H_A0Z4S30Ds&list=PLSOwXxsAA-252XjuHPSGYaRf7CmOhgLxf&index=33&t=0s</link>
	<thumbnail>http://entersandman.xyz/sm/plugin.video.lnl/icon/music.png</thumbnail>
    <fanart>http://entersandman.xyz/sm/plugin.video.lnl/fanart/music.jpg</fanart>             
</item>
  
<item>
    <title>Foo Fighters - The Line (Audio)</title>
    <link>https://www.youtube.com/watch?v=8TsNkgW2ox0&list=PLSOwXxsAA-252XjuHPSGYaRf7CmOhgLxf&index=34&t=0s</link>
	<thumbnail>http://entersandman.xyz/sm/plugin.video.lnl/icon/music.png</thumbnail>
    <fanart>http://entersandman.xyz/sm/plugin.video.lnl/fanart/music.jpg</fanart>             
</item>
  
<item>
    <title>Steel Panther - Wasted Too Much Time ft. Stone Sour</title>
    <link>https://www.youtube.com/watch?v=klYtT4fabQA&list=PLSOwXxsAA-252XjuHPSGYaRf7CmOhgLxf&index=35&t=0s</link>
	<thumbnail>http://entersandman.xyz/sm/plugin.video.lnl/icon/music.png</thumbnail>
    <fanart>http://entersandman.xyz/sm/plugin.video.lnl/fanart/music.jpg</fanart>             
</item>
  
<item>
    <title>Architects - "Doomsday"</title>
    <link>https://www.youtube.com/watch?v=RvWbcK3YQ_o&list=PLSOwXxsAA-252XjuHPSGYaRf7CmOhgLxf&index=36&t=0s</link>
	<thumbnail>http://entersandman.xyz/sm/plugin.video.lnl/icon/music.png</thumbnail>
    <fanart>http://entersandman.xyz/sm/plugin.video.lnl/fanart/music.jpg</fanart>             
</item>
  
<item>
    <title>Kasabian - Ill Ray (The King) [Official Video]</title>
    <link>https://www.youtube.com/watch?v=Jf3CPnDMVz0&list=PLSOwXxsAA-252XjuHPSGYaRf7CmOhgLxf&index=37&t=0s</link>
	<thumbnail>http://entersandman.xyz/sm/plugin.video.lnl/icon/music.png</thumbnail>
    <fanart>http://entersandman.xyz/sm/plugin.video.lnl/fanart/music.jpg</fanart>             
</item>

<item>
    <title>Amaranthe - Maximize</title>
    <link>https://www.youtube.com/watch?v=nfk7YZJtmeo&list=PLSOwXxsAA-252XjuHPSGYaRf7CmOhgLxf&index=38&t=0s</link>
	<thumbnail>http://entersandman.xyz/sm/plugin.video.lnl/icon/music.png</thumbnail>
    <fanart>http://entersandman.xyz/sm/plugin.video.lnl/fanart/music.jpg</fanart>             
</item>
  
<item>
    <title>Queens of the Stone Age - Feet Don't Fail Me (Audio)</title>
    <link>https://www.youtube.com/watch?v=LxijhTgxkyk&list=PLSOwXxsAA-252XjuHPSGYaRf7CmOhgLxf&index=39&t=0s</link>
	<thumbnail>http://entersandman.xyz/sm/plugin.video.lnl/icon/music.png</thumbnail>
    <fanart>http://entersandman.xyz/sm/plugin.video.lnl/fanart/music.jpg</fanart>             
</item>
  
<item>
    <title>Mastodon - Steambreather</title>
    <link>https://www.youtube.com/watch?v=HEubrZV04b0&list=PLSOwXxsAA-252XjuHPSGYaRf7CmOhgLxf&index=40&t=0s</link>
	<thumbnail>http://entersandman.xyz/sm/plugin.video.lnl/icon/music.png</thumbnail>
    <fanart>http://entersandman.xyz/sm/plugin.video.lnl/fanart/music.jpg</fanart>             
</item>
  
<item>
    <title>ARCH ENEMY - The Eagle Flies Alone</title>
    <link>https://www.youtube.com/watch?v=mjF1rmSV1dM&list=PLSOwXxsAA-252XjuHPSGYaRf7CmOhgLxf&index=41&t=0s</link>
	<thumbnail>http://entersandman.xyz/sm/plugin.video.lnl/icon/music.png</thumbnail>
    <fanart>http://entersandman.xyz/sm/plugin.video.lnl/fanart/music.jpg</fanart>             
</item>


<item>
    <title>Foo Fighters - The Sky Is A Neighborhood</title>
    <link>https://www.youtube.com/watch?v=TRqiFPpw2fY&list=PLSOwXxsAA-252XjuHPSGYaRf7CmOhgLxf&index=42&t=0s</link>
	<thumbnail>http://entersandman.xyz/sm/plugin.video.lnl/icon/music.png</thumbnail>
    <fanart>http://entersandman.xyz/sm/plugin.video.lnl/fanart/music.jpg</fanart>             
</item>
  
<item>
    <title>The Killers - Run For Cover</title>
    <link>https://www.youtube.com/watch?v=XO7JGfqPB0s&list=PLSOwXxsAA-252XjuHPSGYaRf7CmOhgLxf&index=43&t=0s</link>
	<thumbnail>http://entersandman.xyz/sm/plugin.video.lnl/icon/music.png</thumbnail>
    <fanart>http://entersandman.xyz/sm/plugin.video.lnl/fanart/music.jpg</fanart>             
</item>
  
<item>
    <title>Good Charlotte - War</title>
    <link>https://www.youtube.com/watch?v=VEOC7FVjGI8&list=PLSOwXxsAA-252XjuHPSGYaRf7CmOhgLxf&index=44&t=0s</link>
	<thumbnail>http://entersandman.xyz/sm/plugin.video.lnl/icon/music.png</thumbnail>
    <fanart>http://entersandman.xyz/sm/plugin.video.lnl/fanart/music.jpg</fanart>             
</item>

<item>
    <title>Neck Deep - In Bloom</title>
    <link>https://www.youtube.com/watch?v=RPzf_4dcL28&list=PLSOwXxsAA-252XjuHPSGYaRf7CmOhgLxf&index=45&t=0s</link>
	<thumbnail>http://entersandman.xyz/sm/plugin.video.lnl/icon/music.png</thumbnail>
    <fanart>http://entersandman.xyz/sm/plugin.video.lnl/fanart/music.jpg</fanart>             
</item>

<item>
    <title>Skillet - "The Resistance"</title>
    <link>https://www.youtube.com/watch?v=SKnRdQiH3-k&list=PLSOwXxsAA-252XjuHPSGYaRf7CmOhgLxf&index=46&t=0s</link>
	<thumbnail>http://entersandman.xyz/sm/plugin.video.lnl/icon/music.png</thumbnail>
    <fanart>http://entersandman.xyz/sm/plugin.video.lnl/fanart/music.jpg</fanart>             
</item>
  
<item>
    <title>Queens of the Stone Age - The Evil Has Landed (Audio)</title>
    <link>https://www.youtube.com/watch?v=Exa0CzlCb3Y&list=PLSOwXxsAA-252XjuHPSGYaRf7CmOhgLxf&index=47&t=0s</link>
	<thumbnail>http://entersandman.xyz/sm/plugin.video.lnl/icon/music.png</thumbnail>
    <fanart>http://entersandman.xyz/sm/plugin.video.lnl/fanart/music.jpg</fanart>             
</item>
  
<item>
    <title>Seether - Betray And Degrade</title>
    <link>https://www.youtube.com/watch?v=Gp8lDW2LUM0&list=PLSOwXxsAA-252XjuHPSGYaRf7CmOhgLxf&index=48&t=0s</link>
	<thumbnail>http://entersandman.xyz/sm/plugin.video.lnl/icon/music.png</thumbnail>
    <fanart>http://entersandman.xyz/sm/plugin.video.lnl/fanart/music.jpg</fanart>             
</item>

  <item>
    <title>Avenged Sevenfold - Runaway ft. Warren Fitzgerald</title>
    <link>https://www.youtube.com/watch?v=C8PWbm2oyF4&list=PLSOwXxsAA-252XjuHPSGYaRf7CmOhgLxf&index=49&t=0s</link>
	<thumbnail>http://entersandman.xyz/sm/plugin.video.lnl/icon/music.png</thumbnail>
    <fanart>http://entersandman.xyz/sm/plugin.video.lnl/fanart/music.jpg</fanart>             
</item>
  
<item>
    <title>Pentakill: Mortal Reminder [OFFICIAL MUSIC VIDEO] | League of Legends Music</title>
    <link>https://www.youtube.com/watch?v=5-mT9D4fdgQ&list=PLSOwXxsAA-252XjuHPSGYaRf7CmOhgLxf&index=50&t=0s</link>
	<thumbnail>http://entersandman.xyz/sm/plugin.video.lnl/icon/music.png</thumbnail>
    <fanart>http://entersandman.xyz/sm/plugin.video.lnl/fanart/music.jpg</fanart>             
</item>
  
<item>
    <title>THEORY - Rx (Medicate)</title>
    <link>https://www.youtube.com/watch?v=iwxfmYR7ItM&list=PLSOwXxsAA-252XjuHPSGYaRf7CmOhgLxf&index=51&t=0s</link>
	<thumbnail>http://entersandman.xyz/sm/plugin.video.lnl/icon/music.png</thumbnail>
    <fanart>http://entersandman.xyz/sm/plugin.video.lnl/fanart/music.jpg</fanart>             
</item>
  
<item>
    <title>Hollywood Undead - California Dreaming</title>
    <link>https://www.youtube.com/watch?v=jjjaU5kQV8k&list=PLSOwXxsAA-252XjuHPSGYaRf7CmOhgLxf&index=52&t=0s</link>
	<thumbnail>http://entersandman.xyz/sm/plugin.video.lnl/icon/music.png</thumbnail>
    <fanart>http://entersandman.xyz/sm/plugin.video.lnl/fanart/music.jpg</fanart>             
</item>
  
<item>
    <title>ARCH ENEMY - The World Is Yours</title>
    <link>https://www.youtube.com/watch?v=lk2-bgwA0Ro&list=PLSOwXxsAA-252XjuHPSGYaRf7CmOhgLxf&index=53&t=0s</link>
	<thumbnail>http://entersandman.xyz/sm/plugin.video.lnl/icon/music.png</thumbnail>
    <fanart>http://entersandman.xyz/sm/plugin.video.lnl/fanart/music.jpg</fanart>             
</item>
  
<item>
    <title>Avenged Sevenfold - Dose</title>
    <link>https://www.youtube.com/watch?v=mlG2EK2I9zM&list=PLSOwXxsAA-252XjuHPSGYaRf7CmOhgLxf&index=54&t=0s</link>
	<thumbnail>http://entersandman.xyz/sm/plugin.video.lnl/icon/music.png</thumbnail>
    <fanart>http://entersandman.xyz/sm/plugin.video.lnl/fanart/music.jpg</fanart>             
</item>
  
<item>
    <title>Fall Out Boy - Champion (Visualizer)</title>
    <link>https://www.youtube.com/watch?v=6ub9su42mZo&list=PLSOwXxsAA-252XjuHPSGYaRf7CmOhgLxf&index=55&t=0s</link>
	<thumbnail>http://entersandman.xyz/sm/plugin.video.lnl/icon/music.png</thumbnail>
    <fanart>http://entersandman.xyz/sm/plugin.video.lnl/fanart/music.jpg</fanart>             
</item>

<item>
    <title>Nickelback - Must Be Nice [Lyric Video]</title>
    <link>https://www.youtube.com/watch?v=5LKOvlS3dnw&list=PLSOwXxsAA-252XjuHPSGYaRf7CmOhgLxf&index=56&t=0s</link>
	<thumbnail>http://entersandman.xyz/sm/plugin.video.lnl/icon/music.png</thumbnail>
    <fanart>http://entersandman.xyz/sm/plugin.video.lnl/fanart/music.jpg</fanart>             
</item>
  
<item>
    <title>Queens of the Stone Age - The Way You Used to Do (Audio)</title>
    <link>https://www.youtube.com/watch?v=GvyNyFXHj4k&list=PLSOwXxsAA-252XjuHPSGYaRf7CmOhgLxf&index=57&t=0s</link>
	<thumbnail>http://entersandman.xyz/sm/plugin.video.lnl/icon/music.png</thumbnail>
    <fanart>http://entersandman.xyz/sm/plugin.video.lnl/fanart/music.jpg</fanart>             
</item>
  
<item>
    <title>PVRIS - What's Wrong</title>
    <link>https://www.youtube.com/watch?v=zj4iQItsJSY&list=PLSOwXxsAA-252XjuHPSGYaRf7CmOhgLxf&index=58&t=0s</link>
	<thumbnail>http://entersandman.xyz/sm/plugin.video.lnl/icon/music.png</thumbnail>
    <fanart>http://entersandman.xyz/sm/plugin.video.lnl/fanart/music.jpg</fanart>             
</item>
  
<item>
    <title>Green Day - Revolution Radio</title>
    <link>https://www.youtube.com/watch?v=B4zc-f0TIZ4&list=PLSOwXxsAA-252XjuHPSGYaRf7CmOhgLxf&index=59&t=0s</link>
	<thumbnail>http://entersandman.xyz/sm/plugin.video.lnl/icon/music.png</thumbnail>
    <fanart>http://entersandman.xyz/sm/plugin.video.lnl/fanart/music.jpg</fanart>             
</item>
  
<item>
    <title>Wolf Alice - Yuk Foo (Lyric Video)</title>
    <link>https://www.youtube.com/watch?v=eM75EQlDVLA&list=PLSOwXxsAA-252XjuHPSGYaRf7CmOhgLxf&index=60&t=0s</link>
	<thumbnail>http://entersandman.xyz/sm/plugin.video.lnl/icon/music.png</thumbnail>
    <fanart>http://entersandman.xyz/sm/plugin.video.lnl/fanart/music.jpg</fanart>             
</item>
  
<item>
    <title>Volumes - Finite</title>
    <link>https://www.youtube.com/watch?v=9ag2RyDdBWU&list=PLSOwXxsAA-252XjuHPSGYaRf7CmOhgLxf&index=61&t=0s</link>
	<thumbnail>http://entersandman.xyz/sm/plugin.video.lnl/icon/music.png</thumbnail>
    <fanart>http://entersandman.xyz/sm/plugin.video.lnl/fanart/music.jpg</fanart>             
</item>
  
<item>
    <title>Royal Blood - I Only Lie When I Love You</title>
    <link>https://www.youtube.com/watch?v=BermIHe03zU&list=PLSOwXxsAA-252XjuHPSGYaRf7CmOhgLxf&index=62&t=0s</link>
	<thumbnail>http://entersandman.xyz/sm/plugin.video.lnl/icon/music.png</thumbnail>
    <fanart>http://entersandman.xyz/sm/plugin.video.lnl/fanart/music.jpg</fanart>             
</item>

<item>
    <title>Korn - Black Is The Soul</title>
    <link>https://www.youtube.com/watch?v=z0EY-vQXRwc&list=PLSOwXxsAA-252XjuHPSGYaRf7CmOhgLxf&index=63&t=0s</link>
	<thumbnail>http://entersandman.xyz/sm/plugin.video.lnl/icon/music.png</thumbnail>
    <fanart>http://entersandman.xyz/sm/plugin.video.lnl/fanart/music.jpg</fanart>             
</item>

<item>
    <title>Our Last Night - "Tongue Tied"</title>
    <link>https://www.youtube.com/watch?v=SSRSdk_iZu4&list=PLSOwXxsAA-252XjuHPSGYaRf7CmOhgLxf&index=64&t=0s</link>
	<thumbnail>http://entersandman.xyz/sm/plugin.video.lnl/icon/music.png</thumbnail>
    <fanart>http://entersandman.xyz/sm/plugin.video.lnl/fanart/music.jpg</fanart>             
</item>
  
<item>
    <title>This Wild Life - Break Me</title>
    <link>https://www.youtube.com/watch?v=C-YJ9AtLgpI&list=PLSOwXxsAA-252XjuHPSGYaRf7CmOhgLxf&index=65&t=0s</link>
	<thumbnail>http://entersandman.xyz/sm/plugin.video.lnl/icon/music.png</thumbnail>
    <fanart>http://entersandman.xyz/sm/plugin.video.lnl/fanart/music.jpg</fanart>             
</item>
  
<item>
    <title>Foo Fighters - Run</title>
    <link>https://www.youtube.com/watch?v=ifwc5xgI3QM&list=PLSOwXxsAA-252XjuHPSGYaRf7CmOhgLxf&index=66&t=0s</link>
	<thumbnail>http://entersandman.xyz/sm/plugin.video.lnl/icon/music.png</thumbnail>
    <fanart>http://entersandman.xyz/sm/plugin.video.lnl/fanart/music.jpg</fanart>             
</item>

<item>
    <title>Liam Gallagher - Wall Of Glass</title>
    <link>https://www.youtube.com/watch?v=YdJc7-ZEuT0&list=PLSOwXxsAA-252XjuHPSGYaRf7CmOhgLxf&index=67&t=0s</link>
	<thumbnail>http://entersandman.xyz/sm/plugin.video.lnl/icon/music.png</thumbnail>
    <fanart>http://entersandman.xyz/sm/plugin.video.lnl/fanart/music.jpg</fanart>             
</item>
  
<item>
    <title>Metallica: Now That We're Dead </title>
    <link>https://www.youtube.com/watch?v=ThLEuFaAU3c&list=PLSOwXxsAA-252XjuHPSGYaRf7CmOhgLxf&index=68&t=0s</link>
	<thumbnail>http://entersandman.xyz/sm/plugin.video.lnl/icon/music.png</thumbnail>
    <fanart>http://entersandman.xyz/sm/plugin.video.lnl/fanart/music.jpg</fanart>             
</item>
  
<item>
    <title>Oceans Ate Alaska - Covert (Lyric Video)</title>
    <link>https://www.youtube.com/watch?v=UyPcyPozqHs&list=PLSOwXxsAA-252XjuHPSGYaRf7CmOhgLxf&index=69&t=0s</link>
	<thumbnail>http://entersandman.xyz/sm/plugin.video.lnl/icon/music.png</thumbnail>
    <fanart>http://entersandman.xyz/sm/plugin.video.lnl/fanart/music.jpg</fanart>             
</item>
  
<item>
    <title>Stone Sour - Song #3</title>
    <link>https://www.youtube.com/watch?v=K73-hmaHPHY&list=PLSOwXxsAA-252XjuHPSGYaRf7CmOhgLxf&index=70&t=0s</link>
	<thumbnail>http://entersandman.xyz/sm/plugin.video.lnl/icon/music.png</thumbnail>
    <fanart>http://entersandman.xyz/sm/plugin.video.lnl/fanart/music.jpg</fanart>             
</item>
  
<item>
    <title>All Time Low: Nice2KnoU</title>
    <link>https://www.youtube.com/watch?v=l0JwqXYgfts&list=PLSOwXxsAA-252XjuHPSGYaRf7CmOhgLxf&index=71&t=0s</link>
	<thumbnail>http://entersandman.xyz/sm/plugin.video.lnl/icon/music.png</thumbnail>
    <fanart>http://entersandman.xyz/sm/plugin.video.lnl/fanart/music.jpg</fanart>             
</item>
  
<item>
    <title>Nothing But Thieves - Amsterdam</title>
    <link>https://www.youtube.com/watch?v=X2zcG3bcuMI&list=PLSOwXxsAA-252XjuHPSGYaRf7CmOhgLxf&index=72&t=0s</link>
	<thumbnail>http://entersandman.xyz/sm/plugin.video.lnl/icon/music.png</thumbnail>
    <fanart>http://entersandman.xyz/sm/plugin.video.lnl/fanart/music.jpg</fanart>             
</item>
  
<item>
    <title>MUSE - Dig Down</title>
    <link>https://www.youtube.com/watch?v=b4ozdiGys5g&list=PLSOwXxsAA-252XjuHPSGYaRf7CmOhgLxf&index=73&t=0s</link>
	<thumbnail>http://entersandman.xyz/sm/plugin.video.lnl/icon/music.png</thumbnail>
    <fanart>http://entersandman.xyz/sm/plugin.video.lnl/fanart/music.jpg</fanart>             
</item>

<item>
    <title>Royal Blood - Hook, Line & Sinker</title>
    <link>https://www.youtube.com/watch?v=FgrLHKM5z4E&list=PLSOwXxsAA-252XjuHPSGYaRf7CmOhgLxf&index=74&t=0s</link>
	<thumbnail>http://entersandman.xyz/sm/plugin.video.lnl/icon/music.png</thumbnail>
    <fanart>http://entersandman.xyz/sm/plugin.video.lnl/fanart/music.jpg</fanart>             
</item>
  
<item>
    <title>LACUNA COIL - You Love Me 'Cause I Hate You </title>
    <link>https://www.youtube.com/watch?v=nNRokMpmyCo&list=PLSOwXxsAA-252XjuHPSGYaRf7CmOhgLxf&index=75&t=0s</link>
	<thumbnail>http://entersandman.xyz/sm/plugin.video.lnl/icon/music.png</thumbnail>
    <fanart>http://entersandman.xyz/sm/plugin.video.lnl/fanart/music.jpg</fanart>             
</item>
  
<item>
    <title>Red Hot Chili Peppers - Goodbye Angels </title>
    <link>https://www.youtube.com/watch?v=txTqtm58AqM&list=PLSOwXxsAA-252XjuHPSGYaRf7CmOhgLxf&index=76&t=0s</link>
	<thumbnail>http://entersandman.xyz/sm/plugin.video.lnl/icon/music.png</thumbnail>
    <fanart>http://entersandman.xyz/sm/plugin.video.lnl/fanart/music.jpg</fanart>             
</item>
  
<item>
    <title>Metallica: Hardwired... Around the World</title>
    <link>https://www.youtube.com/watch?v=qCg9veHEO2c&list=PLSOwXxsAA-252XjuHPSGYaRf7CmOhgLxf&index=77&t=0s</link>
	<thumbnail>http://entersandman.xyz/sm/plugin.video.lnl/icon/music.png</thumbnail>
    <fanart>http://entersandman.xyz/sm/plugin.video.lnl/fanart/music.jpg</fanart>             
</item>

<item>
    <title>FOZZY - Judas (OFFICIAL VIDEO)</title>
    <link>https://www.youtube.com/watch?v=lqURPBtGJzg&list=PLSOwXxsAA-252XjuHPSGYaRf7CmOhgLxf&index=78&t=0s</link>
	<thumbnail>http://entersandman.xyz/sm/plugin.video.lnl/icon/music.png</thumbnail>
    <fanart>http://entersandman.xyz/sm/plugin.video.lnl/fanart/music.jpg</fanart>             
</item>
  
<item>
    <title>Imagine Dragons - Thunder</title>
    <link>https://www.youtube.com/watch?v=fKopy74weus&list=PLSOwXxsAA-252XjuHPSGYaRf7CmOhgLxf&index=79&t=0s</link>
	<thumbnail>http://entersandman.xyz/sm/plugin.video.lnl/icon/music.png</thumbnail>
    <fanart>http://entersandman.xyz/sm/plugin.video.lnl/fanart/music.jpg</fanart>             
</item>
  
<item>
    <title>ICED EARTH - Seven Headed Whore (Lyric Video)</title>
    <link>https://www.youtube.com/watch?v=Sneo7yuIYFo&list=PLSOwXxsAA-252XjuHPSGYaRf7CmOhgLxf&index=80&t=0s</link>
	<thumbnail>http://entersandman.xyz/sm/plugin.video.lnl/icon/music.png</thumbnail>
    <fanart>http://entersandman.xyz/sm/plugin.video.lnl/fanart/music.jpg</fanart>             
</item>
  
<item>
    <title>Wage War - Don't Let Me Fade Away</title>
    <link>https://www.youtube.com/watch?v=q9bu5BI03WA&list=PLSOwXxsAA-252XjuHPSGYaRf7CmOhgLxf&index=81&t=0s</link>
	<thumbnail>http://entersandman.xyz/sm/plugin.video.lnl/icon/music.png</thumbnail>
    <fanart>http://entersandman.xyz/sm/plugin.video.lnl/fanart/music.jpg</fanart>             
</item>

<item>
    <title>6/8 - blink-182</title>
    <link>https://www.youtube.com/watch?v=ISey8CPOo3Q&list=PLSOwXxsAA-252XjuHPSGYaRf7CmOhgLxf&index=82&t=0s</link>
	<thumbnail>http://entersandman.xyz/sm/plugin.video.lnl/icon/music.png</thumbnail>
    <fanart>http://entersandman.xyz/sm/plugin.video.lnl/fanart/music.jpg</fanart>             
</item>
  
<item>
    <title>Avenged Sevenfold - God Damn</title>
    <link>https://www.youtube.com/watch?v=wapOqjQ4r_M&list=PLSOwXxsAA-252XjuHPSGYaRf7CmOhgLxf&index=83&t=0s</link>
	<thumbnail>http://entersandman.xyz/sm/plugin.video.lnl/icon/music.png</thumbnail>
    <fanart>http://entersandman.xyz/sm/plugin.video.lnl/fanart/music.jpg</fanart>             
</item>
  
<item>
    <title>Stone Sour - Fabuless</title>
    <link>https://www.youtube.com/watch?v=Jwglgn1mo3M&list=PLSOwXxsAA-252XjuHPSGYaRf7CmOhgLxf&index=84&t=0s</link>
	<thumbnail>http://entersandman.xyz/sm/plugin.video.lnl/icon/music.png</thumbnail>
    <fanart>http://entersandman.xyz/sm/plugin.video.lnl/fanart/music.jpg</fanart>             
</item>
  
<item>
    <title>Of Mice & Men - Unbreakable</title>
    <link>https://www.youtube.com/watch?v=_3P26FaPxgk&list=PLSOwXxsAA-252XjuHPSGYaRf7CmOhgLxf&index=85&t=0s</link>
	<thumbnail>http://entersandman.xyz/sm/plugin.video.lnl/icon/music.png</thumbnail>
    <fanart>http://entersandman.xyz/sm/plugin.video.lnl/fanart/music.jpg</fanart>             
</item>
  
<item>
    <title>Papa Roach - American Dreams</title>
    <link>https://www.youtube.com/watch?v=hybVudBaAb4&list=PLSOwXxsAA-252XjuHPSGYaRf7CmOhgLxf&index=86&t=0s</link>
	<thumbnail>http://entersandman.xyz/sm/plugin.video.lnl/icon/music.png</thumbnail>
    <fanart>http://entersandman.xyz/sm/plugin.video.lnl/fanart/music.jpg</fanart>             
</item>
  
<item>
    <title>Rise Against - The Violence (Audio)</title>
    <link>https://www.youtube.com/watch?v=Y7bvMlfmTm4&list=PLSOwXxsAA-252XjuHPSGYaRf7CmOhgLxf&index=87&t=0s</link>
	<thumbnail>http://entersandman.xyz/sm/plugin.video.lnl/icon/music.png</thumbnail>
    <fanart>http://entersandman.xyz/sm/plugin.video.lnl/fanart/music.jpg</fanart>             
</item>
  
<item>
    <title>Nickelback - Feed The Machine</title>
    <link>https://www.youtube.com/watch?v=qKgfcd6lqp4&list=PLSOwXxsAA-252XjuHPSGYaRf7CmOhgLxf&index=88&t=0s</link>
	<thumbnail>http://entersandman.xyz/sm/plugin.video.lnl/icon/music.png</thumbnail>
    <fanart>http://entersandman.xyz/sm/plugin.video.lnl/fanart/music.jpg</fanart>             
</item>