<?xml version="1.0" encoding="UTF-8" standalone="yes"?>

<dir>
  <title>Pixar Animation</title>
  <tmdb>company/movies/3</tmdb>
  <thumbnail>https://vignette.wikia.nocookie.net/pixar/images/d/d0/Pixarlogo.jpg/revision/latest?cb=20100712043022</thumbnail>
</dir>

<dir>
  <title>Disney</title>
  <tmdb>company/movies/6421</tmdb>
  <thumbnail>http://www.chipandco.com/wp-content/uploads/2014/09/walt-disney-logo.png</thumbnail>
  </dir>
  
<dir>
  <title>Walt Disney Productions</title>
  <tmdb>company/movies/3166</tmdb>
  <thumbnail>https://orig00.deviantart.net/ea55/f/2015/238/d/c/walt_disney_productions_logo_by_jarvisrama99-d97b5gk.png</thumbnail>
</dir>

<dir>
  <title>Walt Disney Production</title>
  <tmdb>company/movies/6470</tmdb>
  <thumbnail>https://therabbitfilm.files.wordpress.com/2012/07/walt-disney-logo-1024x575.jpg</thumbnail>
</dir>

<dir>
  <title>Walt Disney Animation Studios</title>
  <tmdb>company/movies/6125</tmdb>
  <thumbnail>https://upload.wikimedia.org/wikipedia/en/thumb/c/c8/Walt_Disney_Animation_Studios_logo.svg/1280px-Walt_Disney_Animation_Studios_logo.svg.png</thumbnail>
</dir>

<dir>
  <title>Columbia TriStar</title>
  <tmdb>company/movies/177</tmdb>
  <thumbnail>https://upload.wikimedia.org/wikipedia/en/a/a5/TriStar_Television.jpg</thumbnail>
</dir>

<dir>
  <title>Sony Pictures</title>
  <tmdb>company/movies/34</tmdb>
  <thumbnail>https://www.techworm.net/wp-content/uploads/2014/12/Untitled7.png</thumbnail>
</dir>

<dir>
  <title>40 Acres / A Mule Filmworks</title>
  <tmdb>company/movies/4319</tmdb>
  <thumbnail>https://i.ytimg.com/vi/sMA-3QlLdBU/maxresdefault.jpg</thumbnail>
</dir>

<dir>
  <title>Columbia Pictures</title>
  <tmdb>company/movies/5</tmdb>
  <thumbnail>https://www.thewrap.com/wp-content/uploads/2014/01/ColumbiaPicutres.jpg</thumbnail>
</dir>

<dir>
  <title>Sony Pictures Entertainment</title>
  <tmdb>company/movies/5752</tmdb>
  <thumbnail>https://pmcdeadline2.files.wordpress.com/2015/09/sony_pictures_logo.jpg?w=446&h=299&crop=1</thumbnail>
</dir>

<dir>
  <title>Destination Films</title>
  <tmdb>company/movies/769</tmdb>
  <thumbnail>https://upload.wikimedia.org/wikipedia/commons/thumb/6/62/Destination_Films_logo.svg/1200px-Destination_Films_logo.svg.png</thumbnail>
</dir>

<dir>
  <title>Dimension Films</title>
  <tmdb>company/movies/7405</tmdb>
  <thumbnail>https://www.pophorror.com/wp-content/uploads/2017/03/dimension-films-3-605x330.jpg</thumbnail>
</dir>

<dir>
  <title>DreamWorks</title>
  <tmdb>company/movies/7</tmdb>
  <thumbnail>http://cdn2-www.craveonline.com/assets/uploads/2015/01/Dreamworks-Animation-Logo.jpg</thumbnail>
</dir>

<dir>
  <title>DreamWorks SKG</title>
  <tmdb>company/movies/27</tmdb>
  <thumbnail>http://www.cartoonbrew.com/wp-content/uploads/2015/01/dreamworks_illustration-900x620.jpg</thumbnail>
</dir>

<dir>
  <title>DreamWorks Animation</title>
  <tmdb>company/movies/521</tmdb>
  <thumbnail>https://i.ytimg.com/vi/D8IflUD43mY/0.jpg</thumbnail>
</dir>

<dir>
  <title>DreamWorks Pictures</title>
  <tmdb>company/movies/7293</tmdb>
  <thumbnail>https://vignette.wikia.nocookie.net/seuss/images/e/ed/DreamWorks.png/revision/latest?cb=20171006185512</thumbnail>
</dir>

<dir>
  <title>Focus Features</title>
  <tmdb>company/movies/10146</tmdb>
  <thumbnail>https://cdn1.thr.com/sites/default/files/imagecache/landscape_928x523/2011/11/focus_features_logo_a_l.jpg</thumbnail>
</dir>

<dir>
  <title>Twentieth Century Fox Film Corporation</title>
  <tmdb>company/movies/306</tmdb>
  <thumbnail>https://upload.wikimedia.org/wikipedia/en/0/02/20th_Century_FOX_Television.jpg</thumbnail>
</dir>

<dir>
  <title>Fox Searchlight Pictures</title>
  <tmdb>company/movies/43</tmdb>
  <thumbnail>http://www.foxsearchlight.com/static/images/fb_icon_fsl.jpg</thumbnail>
</dir>

<dir>
  <title>Hallmark Hall of Fame Productions</title>
  <tmdb>company/movies/9027</tmdb>
  <thumbnail>http://www.greatamericanthings.net/wp-content/uploads/2012/05/Hallmark-by-mytvlog.blogspotdotcom-560x420.jpg</thumbnail>
</dir>

<dir>
  <title>Happy Madison Productions</title>
  <tmdb>company/movies/2608</tmdb>
  <thumbnail>https://static1.squarespace.com/static/54eff520e4b017f5a82ce696/5631a81be4b068c168c5fae7/56abb9ffab28106bf434a936/1454094848061/happymadison.png</thumbnail>
</dir>

<dir>
  <title>IFC Films</title>
  <tmdb>company/movies/307</tmdb>
  <thumbnail>http://edictive.com/blog/wp-content/uploads/2012/09/key_art_ifc_films.jpg</thumbnail>
</dir>

<dir>
  <title>Legendary Pictures</title>
  <tmdb>company/movies/923</tmdb>
  <thumbnail>http://pmcdeadline2.files.wordpress.com/2011/01/legendary_pictures_logo.jpg</thumbnail>
</dir>

<dir>
  <title>Lions Gate Family Entertainment</title>
  <tmdb>company/movies/6574</tmdb>
  <thumbnail>http://vignette2.wikia.nocookie.net/logopedia/images/2/2c/LGFHE_logo.jpg/revision/latest?cb\x3d20120120000427</thumbnail>
</dir>

<dir>
  <title>Lions Gate Entertainments</title>
  <tmdb>company/movies/7035</tmdb>
  <thumbnail>https://i.ytimg.com/vi/XtxzYu0itFU/maxresdefault.jpg</thumbnail>
</dir>

<dir>
  <title>Lucasfilm</title>
  <tmdb>company/movies/1</tmdb>
  <thumbnail>https://vignette.wikia.nocookie.net/filmguide/images/e/e8/Lucasfilm-logo.jpg/revision/latest?cb=20130526000714</thumbnail>
</dir>

<dir>
  <title>Magnolia Pictures</title>
  <tmdb>company/movies/1030</tmdb>
  <thumbnail>http://pmcdeadline2.files.wordpress.com/2013/02/magnoliapictures__130219155741.jpg</thumbnail>
</dir>

<dir>
  <title>Marvel Studios</title>
  <tmdb>company/movies/420</tmdb>
  <thumbnail>https://www.bleedingcool.com/wp-content/uploads/2017/05/marvelstudios-2016logo-600x300.jpg</thumbnail>
</dir>

<dir>
  <title>Metro-Goldwyn-Mayer (MGM)</title>
  <tmdb>company/movies/8411</tmdb>
  <thumbnail>https://vignette1.wikia.nocookie.net/jamesbond/images/b/be/Mgm-logo.jpeg/revision/latest?cb=20120805163501</thumbnail>
</dir>

<dir>
  <title>New Line Cinema</title>
  <tmdb>company/movies/12</tmdb>
  <thumbnail>https://orig00.deviantart.net/a9c9/f/2016/100/3/6/new_line_cinema_logo_early_1990_s_remake_by_ethan1986media-d9yh4fb.png</thumbnail>
</dir>

<dir>
  <title>Original Film</title>
  <tmdb>company/movies/333</tmdb>
  <thumbnail>https://vignette.wikia.nocookie.net/parody/images/4/4a/Original_Film_Logo.jpg/revision/latest?cb=20151101071644</thumbnail>
</dir>

<dir>
  <title>Paramount Pictures</title>
  <tmdb>company/movies/4</tmdb>
  <thumbnail>https://cdn1.thr.com/sites/default/files/imagecache/landscape_928x523/2011/06/paramount_logo_2011_a_l.jpg</thumbnail>
</dir>

<dir>
  <title>Screen Gems</title>
  <tmdb>company/movies/3287</tmdb>
  <thumbnail>https://upload.wikimedia.org/wikipedia/en/thumb/f/f9/Screen_Gems_1999_logo.svg/1280px-Screen_Gems_1999_logo.svg.png</thumbnail>
</dir>

<dir>
  <title>Spyglass Entertainment</title>
  <tmdb>company/movies/158</tmdb>
  <thumbnail>https://vignette.wikia.nocookie.net/ideas/images/c/c1/Spyglass.png/revision/latest?cb=20160521205143</thumbnail>
</dir>

<dir>
  <title>Summit Entertainment</title>
  <tmdb>company/movies/491</tmdb>
  <thumbnail>http://mbadbkweb.famp-art.com/wp-content/uploads/2011/06/SummitEntertainmentLogo.jpg</thumbnail>
</dir>

<dir>
  <title>Touchstone Pictures</title>
  <tmdb>company/movies/9195</tmdb>
  <thumbnail>https://vignette.wikia.nocookie.net/filmguide/images/d/d3/Touchstone_Pictures_logo.png/revision/latest?cb=20130701155337</thumbnail>
</dir>

<dir>
  <title>United Artists</title>
  <tmdb>company/movies/60</tmdb>
  <thumbnail>https://s-media-cache-ak0.pinimg.com/originals/dc/d0/a5/dcd0a5e5e27f176eabf0c439fbf6c19b.jpg</thumbnail>
</dir>

<dir>
  <title>Universal Studios</title>
  <tmdb>company/movies/13</tmdb>
  <thumbnail>https://www.universalpictures.com/assets/img/universal-share.jpg</thumbnail>
</dir>

<dir>
  <title>Universal Cartoon Studios</title>
  <tmdb>company/movies/4285</tmdb>
  <thumbnail>http://vignette3.wikia.nocookie.net/logopedia/images/9/96/Universal_Cartoon_Studios.png/revision/latest?cb=20130617224758</thumbnail>
</dir>

<dir>
  <title>Universal Animation Studios</title>
  <tmdb>company/movies/5556</tmdb>
  <thumbnail>https://upload.wikimedia.org/wikipedia/en/3/33/Universal_Animation_Studios.jpg</thumbnail>
</dir>

<dir>
  <title>Warner Bros. Entertainment</title>
  <tmdb>company/movies/17</tmdb>
  <thumbnail>https://www.warnerbros.com/sites/default/files/INTTELEVISIONCOLOR_LOCL_POWERPT_0.png</thumbnail>
</dir>

<dir>
  <title>Warner Bros.</title>
  <tmdb>company/movies/6194</tmdb>
  <thumbnail>https://upload.wikimedia.org/wikipedia/en/thumb/8/89/Warner_Bros._Pictures_logo.svg/1093px-Warner_Bros._Pictures_logo.svg.png</thumbnail>
</dir>

<dir>
  <title>Warner Bros. Animation</title>
  <tmdb>company/movies/2785</tmdb>
  <thumbnail>https://vignette.wikia.nocookie.net/looneytunesshow/images/f/f3/Warner_Bros._Animation_Presents_%282011%29.png/revision/latest?cb=20110609165521</thumbnail>
</dir>

<dir>
  <title>Warner Bros. Pictures</title>
  <tmdb>company/movies/174</tmdb>
  <thumbnail>https://pbs.twimg.com/media/BhWUjCjCYAAlf3Z.png:large</thumbnail>
</dir>

<dir>
  <title>The Weinstein Company</title>
  <tmdb>company/movies/308</tmdb>
  <thumbnail>https://pmcdeadline2.files.wordpress.com/2017/01/weinstein-company.jpg</thumbnail>
</dir>