<?xml version="1.0" encoding="UTF-8" standalone="yes"?>

<item>
  <title>[B][COLOR black]==========[/COLOR][COLOR red]WESTERN TV SHOWS[/COLOR][COLOR black]==========[/COLOR][/B]</title>
  <thumbnail>http://entersandman.xyz/sm/plugin.video.outlaw/icon.png</thumbnail>
  <fanart>http://entersandman.xyz/sm/plugin.video.outlaw/fanart.jpg</fanart>
</item>

<dir>
  <title>[COLOR red]Western Tv Shows[/COLOR]</title>
  <imdburl>list/ls045733313/</imdburl>
  <thumbnail>http://entersandman.xyz/sm/plugin.video.outlaw/icon/popular.png</thumbnail>
  <fanart>http://entersandman.xyz/sm/plugin.video.outlaw/fanart/tv classic.jpg</fanart>
</dir>

<dir>
  <title>[COLOR red]Genre Western Tv Shows[/COLOR]</title>
  <imdburl>list/ls051626178/</imdburl>
  <thumbnail>http://entersandman.xyz/sm/plugin.video.outlaw/icon/popular.png</thumbnail>
  <fanart>http://entersandman.xyz/sm/plugin.video.outlaw/fanart/tv classic.jpg</fanart>
</dir>

<dir>
  <title>[COLOR red]Western Classic TV Shows[/COLOR]</title>
  <link>plugin://plugin.video.youtube/playlist/PLOZzM8Kp5jhrsRi4n7KDHLZNL8owoM7Mp/</link>
  <thumbnail>http://entersandman.xyz/sm/plugin.video.outlaw/icon/classic.png</thumbnail>
  <fanart>http://entersandman.xyz/sm/plugin.video.outlaw/fanart/classic.jpg</fanart>
</dir>

<dir>
  <title>[COLOR red]TV Western Classic[/COLOR]</title>
  <trakt>https://api.trakt.tv/users/topdawg40/lists/hb-trakt-tv-classic-westerns/items</trakt>
  <thumbnail>http://entersandman.xyz/sm/plugin.video.outlaw/icon/classic.png</thumbnail>
  <fanart>http://entersandman.xyz/sm/plugin.video.outlaw/fanart/classic.jpg</fanart>
</dir>

<dir>
  <title>[COLOR red]Western TV[/COLOR]</title>
  <tmdb>genre/shows/37</tmdb>
  <thumbnail>http://entersandman.xyz/sm/plugin.video.outlaw/icon/western.png</thumbnail>
  <fanart>http://entersandman.xyz/sm/plugin.video.outlaw/fanart/oldwst.jpg</fanart>
</dir>



