
  <dir>
    <title>[COLOR orange]2017 Movies[/COLOR]</title>
    <tmdb>year/movies/2017</tmdb>
    <thumbnail>special://home/addons/plugin.video.scythe/resources/media/years.png</thumbnail>
    <fanart>special://home/addons/plugin.video.scythe/resources/media/movies.jpg</fanart>
  </dir>

  <dir>
    <title>[COLOR orange]2016 Movies[/COLOR]</title>
    <tmdb>year/movies/2016</tmdb>
    <thumbnail>special://home/addons/plugin.video.scythe/resources/media/years.png</thumbnail>
    <fanart>special://home/addons/plugin.video.scythe/resources/media/movies.jpg</fanart>
  </dir>

  <dir>
    <title>[COLOR orange]2015 Movies[/COLOR]</title>
    <tmdb>year/movies/2015</tmdb>
    <thumbnail>special://home/addons/plugin.video.scythe/resources/media/years.png</thumbnail>
    <fanart>special://home/addons/plugin.video.scythe/resources/media/movies.jpg</fanart>
  </dir>

  <dir>
    <title>[COLOR orange]2014 Movies[/COLOR]</title>
    <tmdb>year/movies/2014</tmdb>
    <thumbnail>special://home/addons/plugin.video.scythe/resources/media/years.png</thumbnail>
    <fanart>special://home/addons/plugin.video.scythe/resources/media/movies.jpg</fanart>
  </dir>

  <dir>
    <title>[COLOR orange]2013 Movies[/COLOR]</title>
    <tmdb>year/movies/2013</tmdb>
    <thumbnail>special://home/addons/plugin.video.scythe/resources/media/years.png</thumbnail>
    <fanart>special://home/addons/plugin.video.scythe/resources/media/movies.jpg</fanart>
  </dir>

  <dir>
    <title>[COLOR orange]2012 Movies[/COLOR]</title>
    <tmdb>year/movies/2012</tmdb>
    <thumbnail>special://home/addons/plugin.video.scythe/resources/media/years.png</thumbnail>
    <fanart>special://home/addons/plugin.video.scythe/resources/media/movies.jpg</fanart>
  </dir>

  <dir>
    <title>[COLOR orange]2011 Movies[/COLOR]</title>
    <tmdb>year/movies/2011</tmdb>
    <thumbnail>special://home/addons/plugin.video.scythe/resources/media/years.png</thumbnail>
    <fanart>special://home/addons/plugin.video.scythe/resources/media/movies.jpg</fanart>
  </dir>

  <dir>
    <title>[COLOR orange]2010 Movies[/COLOR]</title>
    <tmdb>year/movies/2010</tmdb>
    <thumbnail>special://home/addons/plugin.video.scythe/resources/media/years.png</thumbnail>
    <fanart>special://home/addons/plugin.video.scythe/resources/media/movies.jpg</fanart>
  </dir>

  <dir>
    <title>[COLOR orange]2009 Movies[/COLOR]</title>
    <tmdb>year/movies/2009</tmdb>
    <thumbnail>special://home/addons/plugin.video.scythe/resources/media/years.png</thumbnail>
    <fanart>special://home/addons/plugin.video.scythe/resources/media/movies.jpg</fanart>
  </dir>

  <dir>
    <title>[COLOR orange]2008 Movies[/COLOR]</title>
    <tmdb>year/movies/2008</tmdb>
    <thumbnail>special://home/addons/plugin.video.scythe/resources/media/years.png</thumbnail>
    <fanart>special://home/addons/plugin.video.scythe/resources/media/movies.jpg</fanart>
  </dir>

  <dir>
    <title>[COLOR orange]2007 Movies[/COLOR]</title>
    <tmdb>year/movies/2007</tmdb>
    <thumbnail>special://home/addons/plugin.video.scythe/resources/media/years.png</thumbnail>
    <fanart>special://home/addons/plugin.video.scythe/resources/media/movies.jpg</fanart>
  </dir>

  <dir>
    <title>[COLOR orange]2006 Movies[/COLOR]</title>
    <tmdb>year/movies/2006</tmdb>
    <thumbnail>special://home/addons/plugin.video.scythe/resources/media/years.png</thumbnail>
    <fanart>special://home/addons/plugin.video.scythe/resources/media/movies.jpg</fanart>
  </dir>

  <dir>
    <title>[COLOR orange]2005 Movies[/COLOR]</title>
    <tmdb>year/movies/2005</tmdb>
    <thumbnail>special://home/addons/plugin.video.scythe/resources/media/years.png</thumbnail>
    <fanart>special://home/addons/plugin.video.scythe/resources/media/movies.jpg</fanart>
  </dir>

  <dir>
    <title>[COLOR orange]2004 Movies[/COLOR]</title>
    <tmdb>year/movies/2004</tmdb>
    <thumbnail>special://home/addons/plugin.video.scythe/resources/media/years.png</thumbnail>
    <fanart>special://home/addons/plugin.video.scythe/resources/media/movies.jpg</fanart>
  </dir>

  <dir>
    <title>[COLOR orange]2003 Movies[/COLOR]</title>
    <tmdb>year/movies/2003</tmdb>
    <thumbnail>special://home/addons/plugin.video.scythe/resources/media/years.png</thumbnail>
    <fanart>special://home/addons/plugin.video.scythe/resources/media/movies.jpg</fanart>
  </dir>

  <dir>
    <title>[COLOR orange]2002 Movies[/COLOR]</title>
    <tmdb>year/movies/2002</tmdb>
    <thumbnail>special://home/addons/plugin.video.scythe/resources/media/years.png</thumbnail>
    <fanart>special://home/addons/plugin.video.scythe/resources/media/movies.jpg</fanart>
  </dir>

  <dir>
    <title>[COLOR orange]2001 Movies[/COLOR]</title>
    <tmdb>year/movies/2001</tmdb>
    <thumbnail>special://home/addons/plugin.video.scythe/resources/media/years.png</thumbnail>
    <fanart>special://home/addons/plugin.video.scythe/resources/media/movies.jpg</fanart>
  </dir>

  <dir>
    <title>[COLOR orange]2000 Movies[/COLOR]</title>
    <tmdb>year/movies/2000</tmdb>
    <thumbnail>special://home/addons/plugin.video.scythe/resources/media/years.png</thumbnail>
    <fanart>special://home/addons/plugin.video.scythe/resources/media/movies.jpg</fanart>
  </dir>
  
   <dir>
    <title>[COLOR orange]1980 - 1999 Movies[/COLOR]</title>
    <link>1999.xml</link>
    <thumbnail>special://home/addons/plugin.video.scythe/resources/media/years.png</thumbnail>
    <fanart>special://home/addons/plugin.video.scythe/resources/media/movies.jpg</fanart>
  </dir>

  <dir>
    <title>[COLOR orange]1960 - 1979 Movies[/COLOR]</title>
    <link>1979.xml</link>
    <thumbnail>special://home/addons/plugin.video.scythe/resources/media/years.png</thumbnail>
    <fanart>special://home/addons/plugin.video.scythe/resources/media/movies.jpg</fanart>
  </dir>

  <dir>
    <title>[COLOR orange]1940 - 1959 Movies[/COLOR]</title>
    <link>1959.xml</link>
    <thumbnail>special://home/addons/plugin.video.scythe/resources/media/years.png</thumbnail>
    <fanart>special://home/addons/plugin.video.scythe/resources/media/movies.jpg</fanart>
  </dir>

  <dir>
    <title>[COLOR orange]1920 - 1939 Movies[/COLOR]</title>
    <link>https://raw.githubusercontent.com/tilliferret/ferretworld/master/1939.xml</link>
    <thumbnail>special://home/addons/plugin.video.scythe/resources/media/years.png</thumbnail>
    <fanart>special://home/addons/plugin.video.scythe/resources/media/movies.jpg</fanart>
  </dir>

  <dir>
    <title>[COLOR orange]1900 - 1919 Movies[/COLOR]</title>
    <link>https://raw.githubusercontent.com/tilliferret/ferretworld/master/1919.xml</link>
    <thumbnail>special://home/addons/plugin.video.scythe/resources/media/years.png</thumbnail>
    <fanart>special://home/addons/plugin.video.scythe/resources/media/movies.jpg</fanart>
  </dir>