<dir>
  <title>[COLOR orange]40 Acres And A Mule Filmworks[/COLOR]</title>
  <tmdb>company/movies/4319</tmdb>
  <thumbnail>special://home/addons/plugin.video.scythe/resources/media/production.png</thumbnail>
  <fanart>special://home/addons/plugin.video.scythe/resources/media/movies.jpg</fanart>
</dir>

<dir>
  <title>[COLOR orange]Columbia Pictures[/COLOR]</title>
  <tmdb>company/movies/5</tmdb>
  <thumbnail>special://home/addons/plugin.video.scythe/resources/media/production.png</thumbnail>
  <fanart>special://home/addons/plugin.video.scythe/resources/media/movies.jpg</fanart>
</dir>

<dir>
  <title>[COLOR orange]Columbia TriStar[/COLOR]</title>
  <tmdb>company/movies/177</tmdb>
  <thumbnail>special://home/addons/plugin.video.scythe/resources/media/production.png</thumbnail>
  <fanart>special://home/addons/plugin.video.scythe/resources/media/movies.jpg</fanart>
</dir>

<dir>
  <title>[COLOR orange]Destination Films[/COLOR]</title>
  <tmdb>company/movies/769</tmdb>
  <thumbnail>special://home/addons/plugin.video.scythe/resources/media/production.png</thumbnail>
  <fanart>special://home/addons/plugin.video.scythe/resources/media/movies.jpg</fanart>
</dir>

<dir>
  <title>[COLOR orange]Dimension Films[/COLOR]</title>
  <tmdb>company/movies/7405</tmdb>
  <thumbnail>special://home/addons/plugin.video.scythe/resources/media/production.png</thumbnail>
  <fanart>special://home/addons/plugin.video.scythe/resources/media/movies.jpg</fanart>
</dir>

<dir>
  <title>[COLOR orange]Disney[/COLOR]</title>
  <tmdb>company/movies/6421</tmdb>
  <thumbnail>special://home/addons/plugin.video.scythe/resources/media/production.png</thumbnail>
  <fanart>special://home/addons/plugin.video.scythe/resources/media/movies.jpg</fanart>
</dir>

<dir>
  <title>[COLOR orange]DreamWorks[/COLOR]</title>
  <tmdb>company/movies/7</tmdb>
  <thumbnail>special://home/addons/plugin.video.scythe/resources/media/production.png</thumbnail>
  <fanart>special://home/addons/plugin.video.scythe/resources/media/movies.jpg</fanart>
</dir>

<dir>
  <title>[COLOR orange]DreamWorks Animation[/COLOR]</title>
  <tmdb>company/movies/521</tmdb>
  <thumbnail>special://home/addons/plugin.video.scythe/resources/media/production.png</thumbnail>
  <fanart>special://home/addons/plugin.video.scythe/resources/media/movies.jpg</fanart>
</dir>

<dir>
  <title>[COLOR orange]DreamWorks Pictures[/COLOR]</title>
  <tmdb>company/movies/7293</tmdb>
  <thumbnail>special://home/addons/plugin.video.scythe/resources/media/production.png</thumbnail>
  <fanart>special://home/addons/plugin.video.scythe/resources/media/movies.jpg</fanart>
</dir>

<dir>
  <title>[COLOR orange]DreamWorks SKG[/COLOR]</title>
  <tmdb>company/movies/27</tmdb>
  <thumbnail>special://home/addons/plugin.video.scythe/resources/media/production.png</thumbnail>
  <fanart>special://home/addons/plugin.video.scythe/resources/media/movies.jpg</fanart>
</dir>

<dir>
  <title>[COLOR orange]Focus Features[/COLOR]</title>
  <tmdb>company/movies/10146</tmdb>
  <thumbnail>special://home/addons/plugin.video.scythe/resources/media/production.png</thumbnail>
  <fanart>special://home/addons/plugin.video.scythe/resources/media/movies.jpg</fanart>
</dir>

<dir>
  <title>[COLOR orange]Fox Searchlight Pictures[/COLOR]</title>
  <tmdb>company/movies/43</tmdb>
  <thumbnail>special://home/addons/plugin.video.scythe/resources/media/production.png</thumbnail>
  <fanart>special://home/addons/plugin.video.scythe/resources/media/movies.jpg</fanart>
</dir>

<dir>
  <title>[COLOR orange]Hallmark Hall of Fame Productions[/COLOR]</title>
  <tmdb>company/movies/9027</tmdb>
  <thumbnail>special://home/addons/plugin.video.scythe/resources/media/production.png</thumbnail>
  <fanart>special://home/addons/plugin.video.scythe/resources/media/movies.jpg</fanart>
</dir>

<dir>
  <title>[COLOR orange]Happy Madison Productions[/COLOR]</title>
  <tmdb>company/movies/2608</tmdb>
  <thumbnail>special://home/addons/plugin.video.scythe/resources/media/production.png</thumbnail>
  <fanart>special://home/addons/plugin.video.scythe/resources/media/movies.jpg</fanart>
</dir>

<dir>
  <title>[COLOR orange]IFC Films[/COLOR]</title>
  <tmdb>company/movies/307</tmdb>
  <thumbnail>special://home/addons/plugin.video.scythe/resources/media/production.png</thumbnail>
  <fanart>special://home/addons/plugin.video.scythe/resources/media/movies.jpg</fanart>
</dir>

<dir>
  <title>[COLOR orange]Legendary Pictures[/COLOR]</title>
  <tmdb>company/movies/923</tmdb>
  <thumbnail>special://home/addons/plugin.video.scythe/resources/media/production.png</thumbnail>
  <fanart>special://home/addons/plugin.video.scythe/resources/media/movies.jpg</fanart>
</dir>

<dir>
  <title>[COLOR orange]Lions Gate Entertainments[/COLOR]</title>
  <tmdb>company/movies/7035</tmdb>
  <thumbnail>special://home/addons/plugin.video.scythe/resources/media/production.png</thumbnail>
  <fanart>special://home/addons/plugin.video.scythe/resources/media/movies.jpg</fanart>
</dir>

<dir>
  <title>[COLOR orange]Lions Gate Family Entertainment[/COLOR]</title>
  <tmdb>company/movies/6574</tmdb>
  <thumbnail>special://home/addons/plugin.video.scythe/resources/media/production.png</thumbnail>
  <fanart>special://home/addons/plugin.video.scythe/resources/media/movies.jpg</fanart>
</dir>

<dir>
  <title>[COLOR orange]Lucasfilm[/COLOR]</title>
  <tmdb>company/movies/1</tmdb>
  <thumbnail>special://home/addons/plugin.video.scythe/resources/media/production.png</thumbnail>
  <fanart>special://home/addons/plugin.video.scythe/resources/media/movies.jpg</fanart>
</dir>

<dir>
  <title>[COLOR orange]Magnolia Pictures[/COLOR]</title>
  <tmdb>company/movies/1030</tmdb>
  <thumbnail>special://home/addons/plugin.video.scythe/resources/media/production.png</thumbnail>
  <fanart>special://home/addons/plugin.video.scythe/resources/media/movies.jpg</fanart>
</dir>

<dir>
  <title>[COLOR orange]Marvel Studios[/COLOR]</title>
  <tmdb>company/movies/420</tmdb>
  <thumbnail>special://home/addons/plugin.video.scythe/resources/media/production.png</thumbnail>
  <fanart>special://home/addons/plugin.video.scythe/resources/media/movies.jpg</fanart>
</dir>

<dir>
  <title>[COLOR orange]Metro-Goldwyn-Mayer (MGM)[/COLOR]</title>
  <tmdb>company/movies/8411</tmdb>
  <thumbnail>special://home/addons/plugin.video.scythe/resources/media/production.png</thumbnail>
  <fanart>special://home/addons/plugin.video.scythe/resources/media/movies.jpg</fanart>
</dir>

<dir>
  <title>[COLOR orange]New Line Cinema[/COLOR]</title>
  <tmdb>company/movies/12</tmdb>
  <thumbnail>special://home/addons/plugin.video.scythe/resources/media/production.png</thumbnail>
  <fanart>special://home/addons/plugin.video.scythe/resources/media/movies.jpg</fanart>
</dir>

<dir>
  <title>[COLOR orange]Original Film[/COLOR]</title>
  <tmdb>company/movies/333</tmdb>
  <thumbnail>special://home/addons/plugin.video.scythe/resources/media/production.png</thumbnail>
  <fanart>special://home/addons/plugin.video.scythe/resources/media/movies.jpg</fanart>
</dir>

<dir>
  <title>[COLOR orange]Paramount Pictures[/COLOR]</title>
  <tmdb>company/movies/4</tmdb>
  <thumbnail>special://home/addons/plugin.video.scythe/resources/media/production.png</thumbnail>
  <fanart>special://home/addons/plugin.video.scythe/resources/media/movies.jpg</fanart>
</dir>

<dir>
  <title>[COLOR orange]Pixar Animation[/COLOR]</title>
  <tmdb>company/movies/3</tmdb>
  <thumbnail>special://home/addons/plugin.video.scythe/resources/media/production.png</thumbnail>
  <fanart>special://home/addons/plugin.video.scythe/resources/media/movies.jpg</fanart>
</dir>

<dir>
  <title>[COLOR orange]Screen Gems[/COLOR]</title>
  <tmdb>company/movies/3287</tmdb>
  <thumbnail>special://home/addons/plugin.video.scythe/resources/media/production.png</thumbnail>
  <fanart>special://home/addons/plugin.video.scythe/resources/media/movies.jpg</fanart>
</dir>

<dir>
  <title>[COLOR orange]Sony Pictures[/COLOR]</title>
  <tmdb>company/movies/34</tmdb>
  <thumbnail>special://home/addons/plugin.video.scythe/resources/media/production.png</thumbnail>
  <fanart>special://home/addons/plugin.video.scythe/resources/media/movies.jpg</fanart>
</dir>

<dir>
  <title>[COLOR orange]Sony Pictures Entertainment[/COLOR]</title>
  <tmdb>company/movies/5752</tmdb>
  <thumbnail>special://home/addons/plugin.video.scythe/resources/media/production.png</thumbnail>
  <fanart>special://home/addons/plugin.video.scythe/resources/media/movies.jpg</fanart>
</dir>

<dir>
  <title>[COLOR orange]Spyglass Entertainment[/COLOR]</title>
  <tmdb>company/movies/158</tmdb>
  <thumbnail>special://home/addons/plugin.video.scythe/resources/media/production.png</thumbnail>
  <fanart>special://home/addons/plugin.video.scythe/resources/media/movies.jpg</fanart>
</dir>

<dir>
  <title>[COLOR orange]Summit Entertainment[/COLOR]</title>
  <tmdb>company/movies/491</tmdb>
  <thumbnail>special://home/addons/plugin.video.scythe/resources/media/production.png</thumbnail>
  <fanart>special://home/addons/plugin.video.scythe/resources/media/movies.jpg</fanart>
</dir>

<dir>
  <title>[COLOR orange]The Weinstein Company[/COLOR]</title>
  <tmdb>company/movies/308</tmdb>
  <thumbnail>special://home/addons/plugin.video.scythe/resources/media/production.png</thumbnail>
  <fanart>special://home/addons/plugin.video.scythe/resources/media/movies.jpg</fanart>
</dir>

<dir>
  <title>[COLOR orange]Touchstone Pictures[/COLOR]</title>
  <tmdb>company/movies/9195</tmdb>
  <thumbnail>special://home/addons/plugin.video.scythe/resources/media/production.png</thumbnail>
  <fanart>special://home/addons/plugin.video.scythe/resources/media/movies.jpg</fanart>
</dir>

<dir>
  <title>[COLOR orange]Twentieth Century Fox Film Corporation[/COLOR]</title>
  <tmdb>company/movies/306</tmdb>
  <thumbnail>special://home/addons/plugin.video.scythe/resources/media/production.png</thumbnail>
  <fanart>special://home/addons/plugin.video.scythe/resources/media/movies.jpg</fanart>
</dir>

<dir>
  <title>[COLOR orange]United Artists[/COLOR]</title>
  <tmdb>company/movies/60</tmdb>
  <thumbnail>special://home/addons/plugin.video.scythe/resources/media/production.png</thumbnail>
  <fanart>special://home/addons/plugin.video.scythe/resources/media/movies.jpg</fanart>
</dir>

<dir>
  <title>[COLOR orange]Universal Animation Studios[/COLOR]</title>
  <tmdb>company/movies/5556</tmdb>
  <thumbnail>special://home/addons/plugin.video.scythe/resources/media/production.png</thumbnail>
  <fanart>special://home/addons/plugin.video.scythe/resources/media/movies.jpg</fanart>
</dir>

<dir>
  <title>[COLOR orange]Universal Cartoon Studios[/COLOR]</title>
  <tmdb>company/movies/4285</tmdb>
  <thumbnail>special://home/addons/plugin.video.scythe/resources/media/production.png</thumbnail>
  <fanart>special://home/addons/plugin.video.scythe/resources/media/movies.jpg</fanart>
</dir>

<dir>
  <title>[COLOR orange]Universal Studios[/COLOR]</title>
  <tmdb>company/movies/13</tmdb>
  <thumbnail>special://home/addons/plugin.video.scythe/resources/media/production.png</thumbnail>
  <fanart>special://home/addons/plugin.video.scythe/resources/media/movies.jpg</fanart>
</dir>

<dir>
  <title>[COLOR orange]Walt Disney Animation Studios[/COLOR]</title>
  <tmdb>company/movies/6125</tmdb>
  <thumbnail>special://home/addons/plugin.video.scythe/resources/media/production.png</thumbnail>
  <fanart>special://home/addons/plugin.video.scythe/resources/media/movies.jpg</fanart>
</dir>

<dir>
  <title>[COLOR orange]Walt Disney Production[/COLOR]</title>
  <tmdb>company/movies/6470</tmdb>
  <thumbnail>special://home/addons/plugin.video.scythe/resources/media/production.png</thumbnail>
  <fanart>special://home/addons/plugin.video.scythe/resources/media/movies.jpg</fanart>
</dir>

<dir>
  <title>[COLOR orange]Walt Disney Productions[/COLOR]</title>
  <tmdb>company/movies/3166</tmdb>
  <thumbnail>special://home/addons/plugin.video.scythe/resources/media/production.png</thumbnail>
  <fanart>special://home/addons/plugin.video.scythe/resources/media/movies.jpg</fanart>
</dir>

<dir>
  <title>[COLOR orange]Warner Bros.[/COLOR]</title>
  <tmdb>company/movies/6194</tmdb>
  <thumbnail>special://home/addons/plugin.video.scythe/resources/media/production.png</thumbnail>
  <fanart>special://home/addons/plugin.video.scythe/resources/media/movies.jpg</fanart>
</dir>

<dir>
  <title>[COLOR orange]Warner Bros. Animation[/COLOR]</title>
  <tmdb>company/movies/2785</tmdb>
  <thumbnail>special://home/addons/plugin.video.scythe/resources/media/production.png</thumbnail>
  <fanart>special://home/addons/plugin.video.scythe/resources/media/movies.jpg</fanart>
</dir>

<dir>
  <title>[COLOR orange]Warner Bros. Entertainment[/COLOR]</title>
  <tmdb>company/movies/17</tmdb>
  <thumbnail>special://home/addons/plugin.video.scythe/resources/media/production.png</thumbnail>
  <fanart>special://home/addons/plugin.video.scythe/resources/media/movies.jpg</fanart>
</dir>

<dir>
  <title>[COLOR orange]Warner Bros. Pictures[/COLOR]</title>
  <tmdb>company/movies/174</tmdb>
  <thumbnail>special://home/addons/plugin.video.scythe/resources/media/production.png</thumbnail>
  <fanart>special://home/addons/plugin.video.scythe/resources/media/movies.jpg</fanart>
</dir>