<xml>
        <item>
            <title>[B][COLOR maroon]========[/COLOR][COLOR orange] ENJOY YOUR DOC [/COLOR][COLOR maroon]========[/COLOR][/B]</title>
            <thumbnail>special://home/addons/plugin.video.scythe/resources/media/doc.png</thumbnail>
            <fanart>special://home/addons/plugin.video.scythe/resources/media/doc.jpg</fanart>
        </item>

        <dir>
            <title>[COLOR orange]9-11[/COLOR]</title>
            <topdocs>tdcategory/911</topdocs>
            <thumbnail>special://home/addons/plugin.video.scythe/resources/media/doc.png</thumbnail>
            <fanart>special://home/addons/plugin.video.scythe/resources/media/doc.jpg</fanart>
        </dir>

        <dir>
            <title>[COLOR orange]Art and Artists[/COLOR]</title>
            <topdocs>tdcategory/art-artists</topdocs>
            <thumbnail>special://home/addons/plugin.video.scythe/resources/media/doc.png</thumbnail>
            <fanart>special://home/addons/plugin.video.scythe/resources/media/doc.jpg</fanart>
        </dir>

        <dir>
            <title>[COLOR orange]Biography[/COLOR]</title>
            <topdocs>tdcategory/biography</topdocs>
            <thumbnail>special://home/addons/plugin.video.scythe/resources/media/doc.png</thumbnail>
            <fanart>special://home/addons/plugin.video.scythe/resources/media/doc.jpg</fanart>
        </dir>

        <dir>
            <title>[COLOR orange]Comedy[/COLOR]</title>
            <topdocs>tdcategory/comedy</topdocs>
            <thumbnail>special://home/addons/plugin.video.scythe/resources/media/doc.png</thumbnail>
            <fanart>special://home/addons/plugin.video.scythe/resources/media/doc.jpg</fanart>
        </dir>

        <dir>
            <title>[COLOR orange]Conspiracy[/COLOR]</title>
            <topdocs>tdcategory/crime-conspiracy</topdocs>
            <thumbnail>special://home/addons/plugin.video.scythe/resources/media/doc.png</thumbnail>
            <fanart>special://home/addons/plugin.video.scythe/resources/media/doc.jpg</fanart>
        </dir>

        <dir>
            <title>[COLOR orange]Crime[/COLOR]</title>
            <topdocs>tdcategory/crime</topdocs>
            <thumbnail>special://home/addons/plugin.video.scythe/resources/media/doc.png</thumbnail>
            <fanart>special://home/addons/plugin.video.scythe/resources/media/doc.jpg</fanart>
        </dir>

        <dir>
            <title>[COLOR orange]Drugs[/COLOR]</title>
            <topdocs>tdcategory/drugs</topdocs>
            <thumbnail>special://home/addons/plugin.video.scythe/resources/media/doc.png</thumbnail>
            <fanart>special://home/addons/plugin.video.scythe/resources/media/doc.jpg</fanart>
        </dir>

        <dir>
            <title>[COLOR orange]Economics[/COLOR]</title>
            <topdocs>tdcategory/economics</topdocs>
            <thumbnail>special://home/addons/plugin.video.scythe/resources/media/doc.png</thumbnail>
            <fanart>special://home/addons/plugin.video.scythe/resources/media/doc.jpg</fanart>
        </dir>

        <dir>
            <title>[COLOR orange]Environment[/COLOR]</title>
            <topdocs>tdcategory/environment</topdocs>
            <thumbnail>special://home/addons/plugin.video.scythe/resources/media/doc.png</thumbnail>
            <fanart>special://home/addons/plugin.video.scythe/resources/media/doc.jpg</fanart>
        </dir>

        <dir>
            <title>[COLOR orange]Health[/COLOR]</title>
            <topdocs>tdcategory/health</topdocs>
            <thumbnail>special://home/addons/plugin.video.scythe/resources/media/doc.png</thumbnail>
            <fanart>special://home/addons/plugin.video.scythe/resources/media/doc.jpg</fanart>
        </dir>

        <dir>
            <title>[COLOR orange]History[/COLOR]</title>
            <topdocs>tdcategory/history</topdocs>
            <thumbnail>special://home/addons/plugin.video.scythe/resources/media/doc.png</thumbnail>
            <fanart>special://home/addons/plugin.video.scythe/resources/media/doc.jpg</fanart>
        </dir>

        <dir>
            <title>[COLOR orange]Media[/COLOR]</title>
            <topdocs>tdcategory/media</topdocs>
            <thumbnail>special://home/addons/plugin.video.scythe/resources/media/doc.png</thumbnail>
            <fanart>special://home/addons/plugin.video.scythe/resources/media/doc.jpg</fanart>
        </dir>

        <dir>
            <title>[COLOR orange]Military and War[/COLOR]</title>
            <topdocs>tdcategory/military-war</topdocs>
            <thumbnail>special://home/addons/plugin.video.scythe/resources/media/doc.png</thumbnail>
            <fanart>special://home/addons/plugin.video.scythe/resources/media/doc.jpg</fanart>
        </dir>

        <dir>
            <title>[COLOR orange]Mystery[/COLOR]</title>
            <topdocs>tdcategory/mystery</topdocs>
            <thumbnail>special://home/addons/plugin.video.scythe/resources/media/doc.png</thumbnail>
            <fanart>special://home/addons/plugin.video.scythe/resources/media/doc.jpg</fanart>
        </dir>

        <dir>
            <title>[COLOR orange]Nature and Wildlife[/COLOR]</title>
            <topdocs>tdcategory/nature-wildlife</topdocs>
            <thumbnail>special://home/addons/plugin.video.scythe/resources/media/doc.png</thumbnail>
            <fanart>special://home/addons/plugin.video.scythe/resources/media/doc.jpg</fanart>
        </dir>

        <dir>
            <title>[COLOR orange]Performing Arts[/COLOR]</title>
            <topdocs>tdcategory/music-performing-arts</topdocs>
            <thumbnail>special://home/addons/plugin.video.scythe/resources/media/doc.png</thumbnail>
            <fanart>special://home/addons/plugin.video.scythe/resources/media/doc.jpg</fanart>
        </dir>

        <dir>
            <title>[COLOR orange]Philosophy[/COLOR]</title>
            <topdocs>tdcategory/philosophy</topdocs>
            <thumbnail>special://home/addons/plugin.video.scythe/resources/media/doc.png</thumbnail>
            <fanart>special://home/addons/plugin.video.scythe/resources/media/doc.jpg</fanart>
        </dir>

        <dir>
            <title>[COLOR orange]Politics[/COLOR]</title>
            <topdocs>tdcategory/politics</topdocs>
            <thumbnail>special://home/addons/plugin.video.scythe/resources/media/doc.png</thumbnail>
            <fanart>special://home/addons/plugin.video.scythe/resources/media/doc.jpg</fanart>
        </dir>

        <dir>
            <title>[COLOR orange]Psychology[/COLOR]</title>
            <topdocs>tdcategory/psychology</topdocs>
            <thumbnail>special://home/addons/plugin.video.scythe/resources/media/doc.png</thumbnail>
            <fanart>special://home/addons/plugin.video.scythe/resources/media/doc.jpg</fanart>
        </dir>

        <dir>
            <title>[COLOR orange]Religion[/COLOR]</title>
            <topdocs>tdcategory/religion</topdocs>
            <thumbnail>special://home/addons/plugin.video.scythe/resources/media/doc.png</thumbnail>
            <fanart>special://home/addons/plugin.video.scythe/resources/media/doc.jpg</fanart>
        </dir>

        <dir>
            <title>[COLOR orange]Science[/COLOR]</title>
            <topdocs>tdcategory/science-technology</topdocs>
            <thumbnail>special://home/addons/plugin.video.scythe/resources/media/doc.png</thumbnail>
            <fanart>special://home/addons/plugin.video.scythe/resources/media/doc.jpg</fanart>
        </dir>

        <dir>
            <title>[COLOR orange]Sexuality[/COLOR]</title>
            <topdocs>tdcategory/sex</topdocs>
            <thumbnail>special://home/addons/plugin.video.scythe/resources/media/doc.png</thumbnail>
            <fanart>special://home/addons/plugin.video.scythe/resources/media/doc.jpg</fanart>
        </dir>

        <dir>
            <title>[COLOR orange]Society[/COLOR]</title>
            <topdocs>tdcategory/society</topdocs>
            <thumbnail>special://home/addons/plugin.video.scythe/resources/media/doc.png</thumbnail>
            <fanart>special://home/addons/plugin.video.scythe/resources/media/doc.jpg</fanart>
        </dir>

        <dir>
            <title>[COLOR orange]Sports[/COLOR]</title>
            <topdocs>tdcategory/sports</topdocs>
            <thumbnail>special://home/addons/plugin.video.scythe/resources/media/doc.png</thumbnail>
            <fanart>special://home/addons/plugin.video.scythe/resources/media/doc.jpg</fanart>
        </dir>

        <dir>
            <title>[COLOR orange]Technology[/COLOR]</title>
            <topdocs>tdcategory/technology</topdocs>
            <thumbnail>special://home/addons/plugin.video.scythe/resources/media/doc.png</thumbnail>
            <fanart>special://home/addons/plugin.video.scythe/resources/media/doc.jpg</fanart>
        </dir>
</xml>		