
<item>
      <title>[B][COLOR maroon]========[/COLOR][COLOR orange] ENJOY YOUR MOVIE [/COLOR][COLOR maroon]========[/COLOR][/B]</title>
      <thumbnail>special://home/addons/plugin.video.scythe/resources/media/movies.png</thumbnail>
      <fanart>special://home/addons/plugin.video.scythe/resources/media/movies.jpg</fanart>
</item>

<dir>
      <title>[COLOR orange] Disney Collection [/COLOR]</title>
      <tmdb>list/338</tmdb>
      <thumbnail>https://image.tmdb.org/t/p/w185_and_h278_bestv2/bKPtXn9n4M4s8vvZrbw40mYsefB.jpg</thumbnail>
      <fanart>special://home/addons/plugin.video.scythe/resources/media/movies.jpg</fanart>
</dir>

<dir>
      <title>[COLOR orange] Animal Kingdom Collection [/COLOR]</title>
      <tmdb>list/13488</tmdb>
	  <thumbnail>https://image.tmdb.org/t/p/w185_and_h278_bestv2/54SKV7ALfiVGJBzoStGTLYkRZEM.jpg</thumbnail>
	  <fanart>special://home/addons/plugin.video.scythe/resources/media/movies.jpg</fanart>
</dir>

<dir>
      <title>[COLOR orange] Night at the Museum Collection [/COLOR]</title>
      <tmdb>collection/85943</tmdb>
	  <thumbnail>https://image.tmdb.org/t/p/w185_and_h278_bestv2/q2nwE0Qi8U6tsU5HDmiWS2D3dSJ.jpg</thumbnail>
	  <fanart>special://home/addons/plugin.video.scythe/resources/media/movies.jpg</fanart>
</dir>

<dir>
      <title>[COLOR orange] Home Alone Collection [/COLOR]</title>
      <tmdb>collection/9888</tmdb>
	  <thumbnail>https://image.tmdb.org/t/p/w185_and_h278_bestv2/zYPsleQJo1n1rBPlecJBRb3iwSO.jpg</thumbnail>
	  <fanart>special://home/addons/plugin.video.scythe/resources/media/movies.jpg</fanart>
</dir>

<dir>
      <title>[COLOR orange] The Pink Panther Collection [/COLOR]</title>
      <tmdb>collection/937</tmdb>
	  <thumbnail>https://image.tmdb.org/t/p/w185_and_h278_bestv2/xu6gZ0zGUSR8SC2QLKFaUrX2niM.jpg</thumbnail>
	  <fanart>special://home/addons/plugin.video.scythe/resources/media/movies.jpg</fanart>
</dir>

<dir>
      <title>[COLOR orange] Scooby-Doo Collection [/COLOR]</title>
      <tmdb>collection/86860</tmdb>
	  <thumbnail>https://image.tmdb.org/t/p/w185_and_h278_bestv2/YAuhbJKSG1R42QHJmbGsNQ80Fd.jpg</thumbnail>
	  <fanart>special://home/addons/plugin.video.scythe/resources/media/movies.jpg</fanart>
</dir>

<dir>
      <title>[COLOR orange] Wallace n Gromit Collection [/COLOR]</title>
      <tmdb>collection/529</tmdb>
	  <thumbnail>https://image.tmdb.org/t/p/w185_and_h278_bestv2/993pCCMO9g9RQUtNDxQgE1B330H.jpg</thumbnail>
	  <fanart>special://home/addons/plugin.video.scythe/resources/media/movies.jpg</fanart>
</dir>

<dir>
      <title>[COLOR orange] Beethoven Collection [/COLOR]</title>
      <tmdb>collection/168880</tmdb>
	  <thumbnail>https://image.tmdb.org/t/p/w185_and_h278_bestv2/pdaH4A7ecsThnSX5sOpwrcntziF.jpg</thumbnail>
	  <fanart>special://home/addons/plugin.video.scythe/resources/media/movies.jpg</fanart>
</dir>

<dir>
      <title>[COLOR orange] Herbie The Love Bug Collection [/COLOR]</title>
      <tmdb>collection/12087</tmdb>
	  <thumbnail>https://image.tmdb.org/t/p/w185_and_h278_bestv2/uFvt8t7HlB6BzjiJDU6ea1eI28L.jpg</thumbnail>
	  <fanart>special://home/addons/plugin.video.scythe/resources/media/movies.jpg</fanart>
</dir>

<dir>
      <title>[COLOR orange] The Santa Clause Collection [/COLOR]</title>
      <tmdb>collection/53159</tmdb>
	  <thumbnail>https://image.tmdb.org/t/p/w185_and_h278_bestv2/1h8iA6i2DpPhsHC65nUB2voVnm5.jpg</thumbnail>
	  <fanart>special://home/addons/plugin.video.scythe/resources/media/movies.jpg</fanart>
</dir>

<dir>
      <title>[COLOR orange] Batman Collection [/COLOR]</title>
      <tmdb>collection/120794</tmdb>
	  <thumbnail>https://image.tmdb.org/t/p/w185_and_h278_bestv2/adQxUvQW8HXNsvMG5aj71pHh9T.jpg</thumbnail>
	  <fanart>special://home/addons/plugin.video.scythe/resources/media/movies.jpg</fanart>
</dir>

<dir>
      <title>[COLOR orange] Superman Collection [/COLOR]</title>
      <tmdb>collection/8537</tmdb>
	  <thumbnail>https://image.tmdb.org/t/p/w185_and_h278_bestv2/fgTdu62v1jjNDPh68V9TJZMgXbo.jpg</thumbnail>
	  <fanart>special://home/addons/plugin.video.scythe/resources/media/movies.jpg</fanart>
</dir>

<dir>
      <title>[COLOR orange] Thor Collection [/COLOR]</title>
      <tmdb>collection/131296</tmdb>
	  <thumbnail>https://image.tmdb.org/t/p/w185_and_h278_bestv2/yw7gr7DhHHVTLlO8Se8uH17TDMA.jpg</thumbnail>
	  <fanart>special://home/addons/plugin.video.scythe/resources/media/movies.jpg</fanart>
</dir>

<dir>
      <title>[COLOR orange] Iron Man Collection [/COLOR]</title>
      <tmdb>collection/131292</tmdb>
	  <thumbnail>https://image.tmdb.org/t/p/w185_and_h278_bestv2/fbeJ7f0aD4A112Bc1tnpzyn82xO.jpg</thumbnail>
	  <fanart>special://home/addons/plugin.video.scythe/resources/media/movies.jpg</fanart>
</dir>

<dir>
      <title>[COLOR orange] Spider-Man Collection [/COLOR]</title>
      <tmdb>collection/531241</tmdb>
	  <thumbnail>https://image.tmdb.org/t/p/w185_and_h278_bestv2/aNknE3vw8QC5gDHBRYpOz9gzuPc.jpg</thumbnail>
	  <fanart>special://home/addons/plugin.video.scythe/resources/media/movies.jpg</fanart>
</dir>

<dir>
      <title>[COLOR orange] X-Men Collection [/COLOR]</title>
      <tmdb>collection/748</tmdb>
	  <thumbnail>https://image.tmdb.org/t/p/w185_and_h278_bestv2/1Zo4J5SAni8lyXt7NxJwJZ0f0ip.jpg</thumbnail>
	  <fanart>special://home/addons/plugin.video.scythe/resources/media/movies.jpg</fanart>
</dir>

<dir>
      <title>[COLOR orange] Science Fiction Flix [/COLOR]</title>
      <tmdb>list/3945</tmdb>
	  <thumbnail>https://image.tmdb.org/t/p/w185_and_h278_bestv2/h2mhfbEBGABSHo2vXG1ECMKAJa7.jpg</thumbnail>
	  <fanart>special://home/addons/plugin.video.scythe/resources/media/movies.jpg</fanart>
</dir>

<dir>
      <title>[COLOR orange] Star Wars Collection [/COLOR]</title>
      <tmdb>collection/10</tmdb>
	  <thumbnail>https://image.tmdb.org/t/p/w185_and_h278_bestv2/ghd5zOQnDaDW1mxO7R5fXXpZMu.jpg</thumbnail>
	  <fanart>special://home/addons/plugin.video.scythe/resources/media/movies.jpg</fanart>
</dir>

<dir>
      <title>[COLOR orange] Alien Collection [/COLOR]</title>
      <tmdb>collection/8091</tmdb>
	  <thumbnail>https://image.tmdb.org/t/p/w185_and_h278_bestv2/iVzIeC3PbG9BtDAudpwSNdKAgh6.jpg</thumbnail>
	  <fanart>special://home/addons/plugin.video.scythe/resources/media/movies.jpg</fanart>
</dir>

<dir>
      <title>[COLOR orange] The Planet Of The Apes Collection [/COLOR]</title>
      <tmdb>collection/1709</tmdb>
	  <thumbnail>https://image.tmdb.org/t/p/w185_and_h278_bestv2/7OvC0TNbINmhfEmi3lMYEnGWNOr.jpg</thumbnail>
	  <fanart>special://home/addons/plugin.video.scythe/resources/media/movies.jpg</fanart>
</dir>
	
<dir>
      <title>[COLOR orange] Transformers Collection [/COLOR]</title>
      <tmdb>collection/8650</tmdb>
	  <thumbnail>https://image.tmdb.org/t/p/w185_and_h278_bestv2/vOUPHWV8aGXq4yYQ2csje5LdT6g.jpg</thumbnail>
	  <fanart>special://home/addons/plugin.video.scythe/resources/media/movies.jpg</fanart>
</dir>
	
<dir>
      <title>[COLOR orange] Star Trek: Alternate Reality Collection [/COLOR]</title>
      <tmdb>collection/115575</tmdb>
	  <thumbnail>https://image.tmdb.org/t/p/w185_and_h278_bestv2/w2IVqa43Ge49mrY3qSaJWpyDtz6.jpg</thumbnail>
	  <fanart>special://home/addons/plugin.video.scythe/resources/media/movies.jpg</fanart>
</dir>

<dir>
      <title>[COLOR orange] The Matrix Collection [/COLOR]</title>
      <tmdb>collection/2344</tmdb>
	  <thumbnail>https://image.tmdb.org/t/p/w185_and_h278_bestv2/lh4aGpd3U9rm9B8Oqr6CUgQLtZL.jpg</thumbnail>
	  <fanart>special://home/addons/plugin.video.scythe/resources/media/movies.jpg</fanart>
</dir>
	
<dir>
      <title>[COLOR orange] Back To The Future Collection [/COLOR]</title>
      <tmdb>collection/264</tmdb>
	  <thumbnail>https://image.tmdb.org/t/p/w185_and_h278_bestv2/lxVx97WUvmJzQmgyLxwF2EWnYJ5.jpg</thumbnail>
	  <fanart>special://home/addons/plugin.video.scythe/resources/media/movies.jpg</fanart>
</dir>

<dir>
      <title>[COLOR orange] Rocky Collection [/COLOR]</title>
      <tmdb>collection/1575</tmdb>
	  <thumbnail>https://image.tmdb.org/t/p/w185_and_h278_bestv2/mu8p4RCdzse2jD8ZYMpnQBTVjpA.jpg</thumbnail>
	  <fanart>special://home/addons/plugin.video.scythe/resources/media/movies.jpg</fanart>
</dir>

<dir>
      <title>[COLOR orange] Indiana Jones Collection [/COLOR]</title>
      <tmdb>list/41876</tmdb>
	  <thumbnail>https://image.tmdb.org/t/p/w185_and_h278_bestv2/lpxDrACKJhbbGOlwVMNz5YCj6SI.jpg</thumbnail>
	  <fanart>special://home/addons/plugin.video.scythe/resources/media/movies.jpg</fanart>
</dir>

<dir>
      <title>[COLOR orange] Jurassic Park Collection [/COLOR]</title>
      <tmdb>collection/328</tmdb>
	  <thumbnail>https://image.tmdb.org/t/p/w185_and_h278_bestv2/qIm2nHXLpBBdMxi8dvfrnDkBUDh.jpg</thumbnail>
	  <fanart>special://home/addons/plugin.video.scythe/resources/media/movies.jpg</fanart>
</dir>
	
<dir>
      <title>[COLOR orange] Rambo Collection [/COLOR]</title>
      <tmdb>collection/5039</tmdb>
	  <thumbnail>https://image.tmdb.org/t/p/w185_and_h278_bestv2/feGOEOVrOLyjtEnVa88rQLgD3XY.jpg</thumbnail>
	  <fanart>special://home/addons/plugin.video.scythe/resources/media/movies.jpg</fanart>
</dir>

<dir>
      <title>[COLOR orange] The Lord of the Rings Collection [/COLOR]</title>
      <tmdb>collection/119</tmdb>
	  <thumbnail>https://image.tmdb.org/t/p/w185_and_h278_bestv2/p4UokEk2XnjjRTdXGe6DLYXlbI1.jpg</thumbnail>
	  <fanart>special://home/addons/plugin.video.scythe/resources/media/movies.jpg</fanart>
</dir>
	
<dir>
      <title>[COLOR orange] The Hunger Games Collection [/COLOR]</title>
      <tmdb>collection/131635</tmdb>
	  <thumbnail>https://image.tmdb.org/t/p/w185_and_h278_bestv2/ttbKy12hDjSHQcM7sCoeW1WsDlW.jpg</thumbnail>
	  <fanart>special://home/addons/plugin.video.scythe/resources/media/movies.jpg</fanart>
</dir>
	
<dir>
      <title>[COLOR orange] The Twilight Collection [/COLOR]</title>
      <tmdb>collection/33514</tmdb>
	  <thumbnail>https://image.tmdb.org/t/p/w185_and_h278_bestv2/2o4zgGjVryMOPdNqLZWsSPqRkOH.jpg</thumbnail>
	  <fanart>special://home/addons/plugin.video.scythe/resources/media/movies.jpg</fanart>
</dir>

<dir>
      <title>[COLOR orange] Hellboy Collection [/COLOR]</title>
      <tmdb>collection/17235</tmdb>
	  <thumbnail>https://image.tmdb.org/t/p/w185_and_h278_bestv2/81B1OdGY7f3TVN06eKra25vHzYk.jpg</thumbnail>
	  <fanart>special://home/addons/plugin.video.scythe/resources/media/movies.jpg</fanart>
</dir>

<dir>
      <title>[COLOR orange] Predator Collection [/COLOR]</title>
      <tmdb>collection/399</tmdb>
	  <thumbnail>https://image.tmdb.org/t/p/w185_and_h278_bestv2/6Z7lASptoiRVxiCFvZaFgH9qp7u.jpg</thumbnail>
	  <fanart>special://home/addons/plugin.video.scythe/resources/media/movies.jpg</fanart>
</dir>
	
<dir>
      <title>[COLOR orange] Anaconda Collection [/COLOR]</title>
      <tmdb>collection/105995</tmdb>
	  <thumbnail>https://image.tmdb.org/t/p/w185_and_h278_bestv2/4ezsTWnemx5AfWHsn3LrszVseK8.jpg</thumbnail>
	  <fanart>special://home/addons/plugin.video.scythe/resources/media/movies.jpg</fanart>

<dir>
      <title>[COLOR orange] Sharknado Collection [/COLOR]</title>
      <tmdb>collection/286023</tmdb>
	  <thumbnail>https://image.tmdb.org/t/p/w185_and_h278_bestv2/l525ueVZgelZoCSMgPZKKOEJMEC.jpg</thumbnail>
	  <fanart>special://home/addons/plugin.video.scythe/resources/media/movies.jpg</fanart>
</dir>
	
<dir>
      <title>[COLOR orange] Divergent Collection [/COLOR]</title>
      <tmdb>collection/283579</tmdb>
	  <thumbnail>https://image.tmdb.org/t/p/w185_and_h278_bestv2/nXuCj7NcsC2bPJlwD6t2l9ZTDnt.jpg</thumbnail>
	  <fanart>special://home/addons/plugin.video.scythe/resources/media/movies.jpg</fanart>
</dir>

<dir>
      <title>[COLOR orange] Dirty Harry Collection [/COLOR]</title>
      <tmdb>collection/10456</tmdb>
	  <thumbnail>https://image.tmdb.org/t/p/w185_and_h278_bestv2/bS1ioomHh2emKAZ6vWn17UZnhDx.jpg</thumbnail>
	  <fanart>special://home/addons/plugin.video.scythe/resources/media/movies.jpg</fanart>
</dir>

<dir>
      <title>[COLOR orange] James Bond Collection [/COLOR]</title>
      <tmdb>collection/645</tmdb>
	  <thumbnail>https://image.tmdb.org/t/p/w185_and_h278_bestv2/HORpg5CSkmeQlAolx3bKMrKgfi.jpg</thumbnail>
	  <fanart>special://home/addons/plugin.video.scythe/resources/media/movies.jpg</fanart>
</dir>

<dir>
      <title>[COLOR orange] The Godfather Collection [/COLOR]</title>
      <tmdb>collection/230</tmdb>
	  <thumbnail>https://image.tmdb.org/t/p/w185_and_h278_bestv2/rPdtLWNsZmAtoZl9PK7S2wE3qiS.jpg</thumbnail>
	  <fanart>special://home/addons/plugin.video.scythe/resources/media/movies.jpg</fanart>
</dir>

<dir>
      <title>[COLOR orange] The Bourne Collection [/COLOR]</title>
      <tmdb>collection/31562</tmdb>
	  <thumbnail>https://image.tmdb.org/t/p/w185_and_h278_bestv2/pM3qZEpxqeK7oawg3mkRQJLVFhJ.jpg</thumbnail>
	  <fanart>special://home/addons/plugin.video.scythe/resources/media/movies.jpg</fanart>
</dir>

<dir>
      <title>[COLOR orange] Mission Impossible Collection [/COLOR]</title>
      <tmdb>collection/87359</tmdb>
	  <thumbnail>https://image.tmdb.org/t/p/w185_and_h278_bestv2/gwyJPIhCK4Xz2WogeBnhCSQfUek.jpg</thumbnail>
	  <fanart>special://home/addons/plugin.video.scythe/resources/media/movies.jpg</fanart>
</dir>
	
<dir>
      <title>[COLOR orange] Fast n Furious Collection [/COLOR]</title>
      <tmdb>collection/9485</tmdb>
	  <thumbnail>https://image.tmdb.org/t/p/w185_and_h278_bestv2/uv63yAGg1zETAs1XQsOQpava87l.jpg</thumbnail>
	  <fanart>special://home/addons/plugin.video.scythe/resources/media/movies.jpg</fanart>
</dir>

<dir>
      <title>[COLOR orange] Friday Collection [/COLOR]</title>
      <tmdb>collection/43563</tmdb>
	  <thumbnail>https://image.tmdb.org/t/p/w185_and_h278_bestv2/cJUiqO2Z0PDL6cZ2Ic04F1i4gnb.jpg</thumbnail>
	  <fanart>special://home/addons/plugin.video.scythe/resources/media/movies.jpg</fanart>
</dir>

<dir>
      <title>[COLOR orange] American Pie Collection [/COLOR]</title>
      <tmdb>collection/2806</tmdb>
	  <thumbnail>https://image.tmdb.org/t/p/w185_and_h278_bestv2/nslDuX1WeBp0pJcYLwrLaAhtfX8.jpg</thumbnail>
	  <fanart>special://home/addons/plugin.video.scythe/resources/media/movies.jpg</fanart>
</dir>

<dir>
      <title>[COLOR orange] Jackass Collection [/COLOR]</title>
      <tmdb>collection/17178</tmdb>
	  <thumbnail>https://image.tmdb.org/t/p/w185_and_h278_bestv2/olpnvtLgoScLiCg3YHJ3f27F98f.jpg</thumbnail>
	  <fanart>special://home/addons/plugin.video.scythe/resources/media/movies.jpg</fanart>
</dir>
	
<dir>
      <title>[COLOR orange] Cheech n Chong Collection [/COLOR]</title>
      <tmdb>collection/33071</tmdb>
	  <thumbnail>https://image.tmdb.org/t/p/w185_and_h278_bestv2/mI9ggvzjaDIGN1qcrM9fvATHVmZ.jpg</thumbnail>
	  <fanart>special://home/addons/plugin.video.scythe/resources/media/movies.jpg</fanart>
</dir>

<dir>
      <title>[COLOR orange] Harold n Kumar Collection [/COLOR]</title>
      <tmdb>collection/30663</tmdb>
	  <thumbnail>https://image.tmdb.org/t/p/w185_and_h278_bestv2/9OBP4MQBAXnBZ1uXLZykIWRGnBb.jpg</thumbnail>
	  <fanart>special://home/addons/plugin.video.scythe/resources/media/movies.jpg</fanart>
</dir>

<dir>
      <title>[COLOR orange] Friday the 13th Collection [/COLOR]</title>
      <tmdb>collection/9735</tmdb>
	  <thumbnail>https://image.tmdb.org/t/p/w185_and_h278_bestv2/uobgqpLQff9WvxGKE2OSvXv1RHm.jpg</thumbnail>
	  <fanart>special://home/addons/plugin.video.scythe/resources/media/movies.jpg</fanart>
</dir>

<dir>
      <title>[COLOR orange] Halloween Collection [/COLOR]</title>
      <tmdb>collection/91361</tmdb>
	  <thumbnail>https://image.tmdb.org/t/p/w185_and_h278_bestv2/2uqHV6YcD9jEL2WuJYjXiiuRDqd.jpg</thumbnail>
	  <fanart>special://home/addons/plugin.video.scythe/resources/media/movies.jpg</fanart>
</dir>

<dir>
      <title>[COLOR orange] A Nightmare on Elm Street Collection [/COLOR]</title>
      <tmdb>collection/8581</tmdb>
	  <thumbnail>https://image.tmdb.org/t/p/w185_and_h278_bestv2/BcgmrOz69AUBRukw5LLGeYsOgo.jpg</thumbnail>
	  <fanart>special://home/addons/plugin.video.scythe/resources/media/movies.jpg</fanart>
</dir>
	
<dir>
      <title>[COLOR orange] Creepshow Collection [/COLOR]</title>
      <tmdb>collection/107725</tmdb>
	  <thumbnail>https://image.tmdb.org/t/p/w185_and_h278_bestv2/wvoSFYgc36Zz2j8eDvysKDW1FZ.jpg</thumbnail>
	  <fanart>special://home/addons/plugin.video.scythe/resources/media/movies.jpg</fanart>
</dir>

<dir>
      <title>[COLOR orange] The Purge Collection [/COLOR]</title>
      <tmdb>collection/256322</tmdb>
	  <thumbnail>https://image.tmdb.org/t/p/w185_and_h278_bestv2/nP3c8mTSxlis4vfg0UjlkK8LRG9.jpg</thumbnail>
	  <fanart>special://home/addons/plugin.video.scythe/resources/media/movies.jpg</fanart>
</dir>

<dir>
      <title>[COLOR orange] Psycho Collection [/COLOR]</title>
      <tmdb>collection/119674</tmdb>
	  <thumbnail>https://image.tmdb.org/t/p/w185_and_h278_bestv2/29pDqAgmb4idzWzuZncoT7LZplA.jpg</thumbnail>
	  <fanart>special://home/addons/plugin.video.scythe/resources/media/movies.jpg</fanart>
</dir>

<dir>
      <title>[COLOR orange] Hostel Collection [/COLOR]</title>
      <tmdb>collection/86578</tmdb>
	  <thumbnail>https://image.tmdb.org/t/p/w185_and_h278_bestv2/2jLQFRlH8CC9cptcANY5cEtC1q8.jpg</thumbnail>
	  <fanart>special://home/addons/plugin.video.scythe/resources/media/movies.jpg</fanart>
</dir>

<dir>
      <title>[COLOR orange] Insidious Collection [/COLOR]</title>
      <tmdb>collection/228446</tmdb>
	  <thumbnail>https://image.tmdb.org/t/p/w185_and_h278_bestv2/w1213HKk1XKSwHiBgjkWghn9biC.jpg</thumbnail>
	  <fanart>special://home/addons/plugin.video.scythe/resources/media/movies.jpg</fanart>
</dir>

<dir>
      <title>[COLOR orange] Saw Collection [/COLOR]</title>
      <tmdb>collection/656</tmdb>
	  <thumbnail>https://image.tmdb.org/t/p/w185_and_h278_bestv2/xmC2A7qPEfiOkQC58fZh8srWQ5v.jpg</thumbnail>
	  <fanart>special://home/addons/plugin.video.scythe/resources/media/movies.jpg</fanart>
</dir>

<dir>
      <title>[COLOR orange] Hellraiser Collection [/COLOR]</title>
      <tmdb>collection/8917</tmdb>
	  <thumbnail>https://image.tmdb.org/t/p/w185_and_h278_bestv2/lIK0UgJsA18Z5I1PwpucXzgyF3A.jpg</thumbnail>
	  <fanart>special://home/addons/plugin.video.scythe/resources/media/movies.jpg</fanart>
</dir>

<dir>
      <title>[COLOR orange] Child's Play Collection [/COLOR]</title>
      <tmdb>collection/10455</tmdb>
	  <thumbnail>https://image.tmdb.org/t/p/w185_and_h278_bestv2/50aqbDvbOtdlZrje6Qk4ZvKM7dM.jpg</thumbnail>
	  <fanart>special://home/addons/plugin.video.scythe/resources/media/movies.jpg</fanart>
</dir>

<dir>
      <title>[COLOR orange] Phantasm Collection [/COLOR]</title>
      <tmdb>collection/47770</tmdb>
	  <thumbnail>https://image.tmdb.org/t/p/w185_and_h278_bestv2/xqgAkKmQRrk0UaIbWMak4RRSQm7.jpg</thumbnail>
	  <fanart>special://home/addons/plugin.video.scythe/resources/media/movies.jpg</fanart>
</dir>

<dir>
      <title>[COLOR orange] Scream Collection [/COLOR]</title>
      <tmdb>collection/2602</tmdb>
	  <thumbnail>https://image.tmdb.org/t/p/w185_and_h278_bestv2/3DjOcwfd8cTcKBkWTcNntAZajEg.jpg</thumbnail>
	  <fanart>special://home/addons/plugin.video.scythe/resources/media/movies.jpg</fanart>
</dir>

<dir>
      <title>[COLOR orange] The Jaws Collection [/COLOR]</title>
      <tmdb>collection/2366</tmdb>
	  <thumbnail>https://image.tmdb.org/t/p/w185_and_h278_bestv2/fgraZdDCvAtBr0MHczmL6raonHd.jpg</thumbnail>
	  <fanart>special://home/addons/plugin.video.scythe/resources/media/movies.jpg</fanart>
</dir>

<dir>
      <title>[COLOR orange] Underworld Collection [/COLOR]</title>
      <tmdb>collection/2326</tmdb>
	  <thumbnail>https://image.tmdb.org/t/p/w185_and_h278_bestv2/aK8qq0X0pZbf5ncE3JLQ27hdC4F.jpg</thumbnail>
	  <fanart>special://home/addons/plugin.video.scythe/resources/media/movies.jpg</fanart>
</dir>

<dir>
      <title>[COLOR orange] Scary Movie Collection [/COLOR]</title>
      <tmdb>collection/4246</tmdb>
	  <thumbnail>https://image.tmdb.org/t/p/w185_and_h278_bestv2/rFOREADs0En0sdyj149V4E7n9aV.jpg</thumbnail>
	  <fanart>special://home/addons/plugin.video.scythe/resources/media/movies.jpg</fanart>
</dir>