<dir>
<title>[COLOR maroon]Benderspink Productions[/COLOR]</title>
<trakt>http://api.trakt.tv/users/kayaaron13/lists/benderspink-production-company/items</trakt>
<thumbnail>http://entersandman.xyz/sm/plugin.video.deadofnight/icons/docs.png</thumbnail>
<fanart>http://entersandman.xyz/sm/plugin.video.deadofnight/fanart/movies.jpg</fanart>
</dir>

<dir>
<title>[COLOR maroon]Blumhouse Productions[/COLOR]</title>
<trakt>http://api.trakt.tv/users/kayaaron13/lists/blumhouse-productions/items</trakt>
<thumbnail>http://entersandman.xyz/sm/plugin.video.deadofnight/icons/docs.png</thumbnail>
<fanart>http://entersandman.xyz/sm/plugin.video.deadofnight/fanart/movies.jpg</fanart>
</dir>

<dir>
<title>[COLOR maroon]Circle of Confusion Productions[/COLOR]</title>
<trakt>http://api.trakt.tv/users/kayaaron13/lists/circle-of-confusion-productions/items</trakt>
<thumbnail>http://entersandman.xyz/sm/plugin.video.deadofnight/icons/docs.png</thumbnail>
<fanart>http://entersandman.xyz/sm/plugin.video.deadofnight/fanart/movies.jpg</fanart>
</dir>

<dir>
<title>[COLOR maroon]Dark Castle Entertainment[/COLOR]</title>
<trakt>http://api.trakt.tv/users/kayaaron13/lists/dark-castle-entertainment/items</trakt>                                                             <thumbnail>http://entersandman.xyz/sm/plugin.video.deadofnight/icons/docs.png</thumbnail>
<fanart>http://entersandman.xyz/sm/plugin.video.deadofnight/fanart/movies.jpg</fanart>
</dir>

<dir>
<title>[COLOR maroon]Ghost House Pictures[/COLOR]</title>
<trakt>http://api.trakt.tv/users/kayaaron13/lists/ghost-house-pictures/items</trakt>
<thumbnail>http://entersandman.xyz/sm/plugin.video.deadofnight/icons/docs.png</thumbnail>
<fanart>http://entersandman.xyz/sm/plugin.video.deadofnight/fanart/movies.jpg</fanart>
</dir>

<dir>
<title>[COLOR maroon]Platinum Dunes Productions[/COLOR]</title>
<trakt>http://api.trakt.tv/users/kayaaron13/lists/platinum-dunes-productions/items</trakt>
<thumbnail>http://entersandman.xyz/sm/plugin.video.deadofnight/icons/docs.png</thumbnail>
<fanart>http://entersandman.xyz/sm/plugin.video.deadofnight/fanart/movies.jpg</fanart>
</dir>

<dir>
<title>[COLOR maroon]Rogue Pictures[/COLOR]</title>
<trakt>http://api.trakt.tv/users/kayaaron13/lists/rogue-pictures/items</trakt>
<thumbnail>http://entersandman.xyz/sm/plugin.video.deadofnight/icons/docs.png</thumbnail>
<fanart>http://entersandman.xyz/sm/plugin.video.deadofnight/fanart/movies.jpg</fanart>
</dir>

<dir>
<title>[COLOR maroon]Vertigo Entertainment[/COLOR]</title>
<trakt>http://api.trakt.tv/users/kayaaron13/lists/vertigo-entertainment/items</trakt>
<thumbnail>http://entersandman.xyz/sm/plugin.video.deadofnight/icons/docs.png</thumbnail>
<fanart>http://entersandman.xyz/sm/plugin.video.deadofnight/fanart/movies.jpg</fanart>
</dir>

<dir>
<title>[COLOR maroon]Twisted Pictures[/COLOR]</title>
<trakt>http://api.trakt.tv/users/kayaaron13/lists/twisted-pictures/items</trakt>
<thumbnail>http://entersandman.xyz/sm/plugin.video.deadofnight/icons/docs.png</thumbnail>
<fanart>http://entersandman.xyz/sm/plugin.video.deadofnight/fanart/movies.jpg</fanart>
</dir>