<?xml version="1.0" encoding="UTF-8" standalone="yes"?>

<item>
  <title>[B][COLOR black]============[/COLOR][COLOR orangered]ACTORS COLLECTION[/COLOR][COLOR black]============[/COLOR][/B]</title>
  <thumbnail>http://entersandman.xyz/sm/plugin.video.rico/rico-icon/the-rico-icon.png</thumbnail>
  <fanart>http://entersandman.xyz/sm/plugin.video.rico/rico-fanart/the-rico-fanart.jpg</fanart>
</item>

<dir>
  <title>[COLOR gold]Gal Gadot[/COLOR]</title>
  <tmdb>person/movies/90633</tmdb>
  <thumbnail>https://timedotcom.files.wordpress.com/2016/12/wonder-woman-gal-gadot-warner-bros-nino-munoz.jpg</thumbnail>
  <fanart>http://entersandman.xyz/sm/plugin.video.rico/rico-fanart/actor-rico-fanart.jpg</fanart>
</dir>

<dir>
  <title>[COLOR gold]Michelle Pfeiffer[/COLOR]</title>
  <tmdb>person/movies/1160</tmdb>
  <thumbnail>https://vignette.wikia.nocookie.net/darkshadows/images/c/c9/Michelle_pfeiffer.jpg/revision/latest/scale-to-width-down/254?cb=20110429133418</thumbnail>
  <fanart>http://entersandman.xyz/sm/plugin.video.rico/rico-fanart/actor-rico-fanart.jpg</fanart>
</dir>

<dir>
  <title>[COLOR gold]Cameron Diaz[/COLOR]</title>
  <tmdb>person/movies/6941</tmdb>
  <thumbnail>http://image.boomsbeat.com/data/images/full/75136/2154931464_b67ef76b98_o-jpg.jpg</thumbnail>
  <fanart>http://entersandman.xyz/sm/plugin.video.rico/rico-fanart/actor-rico-fanart.jpg</fanart>
</dir>

<dir>
  <title>[COLOR gold]Charlize Theron[/COLOR]</title>
  <tmdb>person/movies/6885</tmdb>
  <thumbnail>https://image.tmdb.org/t/p/w640/k5Xt2mNlraX7yHYaPy9gvayCaKV.jpg</thumbnail>
  <fanart>http://entersandman.xyz/sm/plugin.video.rico/rico-fanart/actor-rico-fanart.jpg</fanart>
</dir>

<dir>
  <title>[COLOR gold]Brie Larson[/COLOR]</title>
  <tmdb>person/movies/60073</tmdb>
  <thumbnail>https://image.tmdb.org/t/p/w640/oWyJ2vESOfVrdL3zMi4Tkgd4she.jpg</thumbnail>
  <fanart>http://entersandman.xyz/sm/plugin.video.rico/rico-fanart/actor-rico-fanart.jpg</fanart>
</dir>

<dir>
  <title>[COLOR gold]Margot Robbie[/COLOR]</title>
  <tmdb>person/movies/234352</tmdb>
  <thumbnail>https://assets.vogue.com/photos/5877278fef8cc67551003fa2/master/pass/06-margot-robbie-vogue-july-2016.jpg</thumbnail>
  <fanart>http://entersandman.xyz/sm/plugin.video.rico/rico-fanart/actor-rico-fanart.jpg</fanart>
</dir>

<dir>
  <title>[COLOR gold]Kate Winslet[/COLOR]</title>
  <tmdb>person/movies/204</tmdb>
  <thumbnail>https://image.tmdb.org/t/p/w640/4dnurP9Szr9y6S3nTkd3pHUQg5b.jpg</thumbnail>
  <fanart>http://entersandman.xyz/sm/plugin.video.rico/rico-fanart/actor-rico-fanart.jpg</fanart>
</dir>

<dir>
  <title>[COLOR gold]Scarlett Johansson[/COLOR]</title>
  <tmdb>person/movies/1245</tmdb>
  <thumbnail>https://cdn-s3.si.com/s3fs-public/images/Scarlett-Johansson-105916536_master.jpg</thumbnail>
  <fanart>http://entersandman.xyz/sm/plugin.video.rico/rico-fanart/actor-rico-fanart.jpg</fanart>
</dir>

<dir>
  <title>[COLOR gold]Jennifer Lawrence[/COLOR]</title>
  <tmdb>person/movies/72192</tmdb>
  <thumbnail>http://i.perezhilton.com/wp-content/uploads/2016/02/jennifer-lawrence-sheer-silver-top-getty1__oPt.jpg</thumbnail>
  <fanart>http://entersandman.xyz/sm/plugin.video.rico/rico-fanart/actor-rico-fanart.jpg</fanart>
</dir>

<dir>
  <title>[COLOR gold]Cate Blanchett[/COLOR]</title>
  <tmdb>person/movies/112</tmdb>
  <thumbnail>http://redonline.cdnds.net/main/thumbs/29980/cateblanchett__square.jpg</thumbnail>
  <fanart>http://entersandman.xyz/sm/plugin.video.rico/rico-fanart/actor-rico-fanart.jpg</fanart>
</dir>

<dir>
  <title>[COLOR gold]Julianne Moore[/COLOR]</title>
  <tmdb>person/movies/1231</tmdb>
  <thumbnail>https://image.tmdb.org/t/p/w640/AkY8Dm85fDrG6Q6XSfK6e3USvox.jpg</thumbnail>
  <fanart>http://entersandman.xyz/sm/plugin.video.rico/rico-fanart/actor-rico-fanart.jpg</fanart>
</dir>

<dir>
  <title>[COLOR gold]Rachel McAdams[/COLOR]</title>
  <tmdb>person/movies/53714</tmdb>
  <thumbnail>https://image.tmdb.org/t/p/w640/c60WxtQceDxOp7sd2iWhOqn5Y2l.jpg</thumbnail>
  <fanart>http://entersandman.xyz/sm/plugin.video.rico/rico-fanart/actor-rico-fanart.jpg</fanart>
</dir>

<dir>
  <title>[COLOR gold]Amy Adams[/COLOR]</title>
  <tmdb>person/movies/9273</tmdb>
  <thumbnail>https://image.tmdb.org/t/p/w640/vz6z2GCXk5K77QW1ZeG9nY170VB.jpg</thumbnail>
  <fanart>http://entersandman.xyz/sm/plugin.video.rico/rico-fanart/actor-rico-fanart.jpg</fanart>
</dir>

<dir>
  <title>[COLOR gold]Reese Witherspoon[/COLOR]</title>
  <tmdb>person/movies/368</tmdb>
  <thumbnail>https://image.tmdb.org/t/p/w640/buLWb6zqf0lYXHNlf6ejfdtBu7.jpg</thumbnail>
  <fanart>http://entersandman.xyz/sm/plugin.video.rico/rico-fanart/actor-rico-fanart.jpg</fanart>
</dir>

<dir>
  <title>[COLOR gold]Jennifer Anniston[/COLOR]</title>
  <tmdb>person/movies/4491</tmdb>
  <thumbnail>https://image.tmdb.org/t/p/w640/1U9BQwP3OQmwmRHCgA3KovCpBAO.jpg</thumbnail>
  <fanart>http://entersandman.xyz/sm/plugin.video.rico/rico-fanart/actor-rico-fanart.jpg</fanart>
</dir>

<dir>
  <title>[COLOR gold]Sandra Bullock[/COLOR]</title>
  <tmdb>person/movies/18277</tmdb>
  <thumbnail>https://image.tmdb.org/t/p/w640/aCa4ELD1MfsVjLWYAynYbhXHQmu.jpg</thumbnail>
  <fanart>http://entersandman.xyz/sm/plugin.video.rico/rico-fanart/actor-rico-fanart.jpg</fanart>
</dir>

<dir>
  <title>[COLOR gold]Penélope Cruz[/COLOR]</title>
  <tmdb>person/movies/955</tmdb>
  <thumbnail>https://image.tmdb.org/t/p/w640/foLI2rrKi5kIq0QkMMqlxAQbuHh.jpg</thumbnail>
  <fanart>http://entersandman.xyz/sm/plugin.video.rico/rico-fanart/actor-rico-fanart.jpg</fanart>
</dir>

<dir>
  <title>[COLOR gold]Nicole Kidman[/COLOR]</title>
  <tmdb>person/movies/2227</tmdb>
  <thumbnail>https://image.tmdb.org/t/p/w640/qPgSCfqFHU12KaDeYzkbq8B2uTv.jpg</thumbnail>
  <fanart>http://entersandman.xyz/sm/plugin.video.rico/rico-fanart/actor-rico-fanart.jpg</fanart>
</dir>

<dir>
  <title>[COLOR gold]Susan Sarandon[/COLOR]</title>
  <tmdb>person/movies/4038</tmdb>
  <thumbnail>https://image.tmdb.org/t/p/w640/zfTDE2mFvNXEHcBMDffMpRlPGLW.jpg</thumbnail>
  <fanart>http://entersandman.xyz/sm/plugin.video.rico/rico-fanart/actor-rico-fanart.jpg</fanart>
</dir>

<dir>
  <title>[COLOR gold]Kristen Wiig[/COLOR]</title>
  <tmdb>person/movies/41091</tmdb>
  <thumbnail>https://image.tmdb.org/t/p/w640/x5avlvpHlBGGLhzbzuSfmOsMGlw.jpg</thumbnail>
  <fanart>http://entersandman.xyz/sm/plugin.video.rico/rico-fanart/actor-rico-fanart.jpg</fanart>
</dir>

<dir>
  <title>[COLOR gold]Elizabeth Olsen[/COLOR]</title>
  <tmdb>person/movies/550843</tmdb>
  <thumbnail>https://image.tmdb.org/t/p/w640/8vgj3i5ByHUHP6p2jN2o5pcNbaL.jpg</thumbnail>
  <fanart>http://entersandman.xyz/sm/plugin.video.rico/rico-fanart/actor-rico-fanart.jpg</fanart>
</dir>

<dir>
  <title>[COLOR gold]Julia Roberts[/COLOR]</title>
  <tmdb>person/movies/1204</tmdb>
  <thumbnail>https://image.tmdb.org/t/p/w640/nXqgkABQivbTzjph5gDGWQgjBs0.jpg</thumbnail>
  <fanart>http://entersandman.xyz/sm/plugin.video.rico/rico-fanart/actor-rico-fanart.jpg</fanart>
</dir>

<dir>
  <title>[COLOR gold]Angelina Jolie[/COLOR]</title>
  <tmdb>person/movies/11701</tmdb>
  <thumbnail>https://image.tmdb.org/t/p/w640/7OkFdUMZL4NVoAKWAMhzKRjkdh7.jpg</thumbnail>
  <fanart>http://entersandman.xyz/sm/plugin.video.rico/rico-fanart/actor-rico-fanart.jpg</fanart>
</dir>

<dir>
  <title>[COLOR gold]Carrie Fisher[/COLOR]</title>
  <tmdb>person/movies/4</tmdb>
  <thumbnail>https://image.tmdb.org/t/p/w640/7ZCxLwUqcyE1h9KdhPTJx5RNEXm.jpg</thumbnail>
  <fanart>http://entersandman.xyz/sm/plugin.video.rico/rico-fanart/actor-rico-fanart.jpg</fanart>
</dir>

<dir>
  <title>[COLOR gold]Uma Thurman[/COLOR]</title>
  <tmdb>person/movies/139</tmdb>
  <thumbnail>https://image.tmdb.org/t/p/w640/mjCoLgvF5goB2CDMAoeA9yGW88Y.jpg</thumbnail>
  <fanart>http://entersandman.xyz/sm/plugin.video.rico/rico-fanart/actor-rico-fanart.jpg</fanart>
</dir>

<dir>
  <title>[COLOR gold]Sharon Stone[/COLOR]</title>
  <tmdb>person/movies/4430</tmdb>
  <thumbnail>https://image.tmdb.org/t/p/w640/qWnTzncBEPgu9mXjHSdMlP12Dw5.jpg</thumbnail>
  <fanart>http://entersandman.xyz/sm/plugin.video.rico/rico-fanart/actor-rico-fanart.jpg</fanart>
</dir>

<dir>
  <title>[COLOR gold]Meryl Streep[/COLOR]</title>
  <tmdb>person/movies/5064</tmdb>
  <thumbnail>https://image.tmdb.org/t/p/w640/6Vrzt3ZFkSNGuiCjMwr9LMUxz2C.jpg</thumbnail>
  <fanart>http://entersandman.xyz/sm/plugin.video.rico/rico-fanart/actor-rico-fanart.jpg</fanart>
</dir>

<dir>
  <title>[COLOR gold]Kate Beckinsale[/COLOR]</title>
  <tmdb>person/movies/3967</tmdb>
  <thumbnail>https://image.tmdb.org/t/p/w640/g8oqSS5A3ULOKsmEHqCfOnHJDc3.jpg</thumbnail>
  <fanart>http://entersandman.xyz/sm/plugin.video.rico/rico-fanart/actor-rico-fanart.jpg</fanart>
</dir> 

<dir>
  <title>[COLOR gold]Zoe Saldana[/COLOR]</title>
  <tmdb>person/movies/8691</tmdb>
  <thumbnail>https://image.tmdb.org/t/p/w640/ofNrWiA2KDdqiNxFTLp51HcXUlp.jpg</thumbnail>
  <fanart>http://entersandman.xyz/sm/plugin.video.rico/rico-fanart/actor-rico-fanart.jpg</fanart>
</dir>

<dir>
  <title>[COLOR gold]Eva Green[/COLOR]</title>
  <tmdb>person/movies/10912</tmdb>
  <thumbnail>https://image.tmdb.org/t/p/w640/rwmLtchv0uwUYWSNbixY3GGELJ2.jpg</thumbnail>
  <fanart>http://entersandman.xyz/sm/plugin.video.rico/rico-fanart/actor-rico-fanart.jpg</fanart>
</dir>

<dir>
  <title>[COLOR gold]Ryan Gosling[/COLOR]</title>
  <tmdb>person/movies/30614</tmdb>
  <thumbnail>https://image.tmdb.org/t/p/w640/5rOcicCrTCWye0O2S3dnbnWaCr1.jpg</thumbnail>
  <fanart>http://entersandman.xyz/sm/plugin.video.rico/rico-fanart/actor-rico-fanart.jpg</fanart>
</dir>

<dir>
  <title>[COLOR gold]Jake Gyllenhaal[/COLOR]</title>
  <tmdb>person/movies/131</tmdb>
  <thumbnail>https://image.tmdb.org/t/p/w640/wRgIPBzVzIIhWcdJAduPOKJJHsL.jpg</thumbnail>
  <fanart>http://entersandman.xyz/sm/plugin.video.rico/rico-fanart/actor-rico-fanart.jpg</fanart>
</dir>

<dir>
  <title>[COLOR gold]Nicolas Cage[/COLOR]</title>
  <tmdb>person/movies/2963</tmdb>
  <thumbnail>https://image.tmdb.org/t/p/w640/ti2h1OS1n1VwoJHWFaJD8dMZuEE.jpg</thumbnail>
  <fanart>http://entersandman.xyz/sm/plugin.video.rico/rico-fanart/actor-rico-fanart.jpg</fanart>
</dir>

<dir>
  <title>[COLOR gold]Brad Pitt[/COLOR]</title>
  <tmdb>person/movies/287</tmdb>
  <thumbnail>https://image.tmdb.org/t/p/w640/ejYIW1enUcGJ9GS3Bs34mtONwWS.jpg</thumbnail>
  <fanart>http://entersandman.xyz/sm/plugin.video.rico/rico-fanart/actor-rico-fanart.jpg</fanart>
</dir>

<dir>
  <title>[COLOR gold]Denzel Washington[/COLOR]</title>
  <tmdb>person/movies/5292</tmdb>
  <thumbnail>https://image.tmdb.org/t/p/w640/khMf8LLTtppUwuZqqnigD2nAy26.jpg</thumbnail>
  <fanart>http://entersandman.xyz/sm/plugin.video.rico/rico-fanart/actor-rico-fanart.jpg</fanart>
</dir>

<dir>
  <title>[COLOR gold]Al Pacino[/COLOR]</title>
  <tmdb>person/movies/1158</tmdb>
  <thumbnail>https://image.tmdb.org/t/p/w640/90jSFYVvRStojupMxEXKlVoZUcu.jpg</thumbnail>
  <fanart>http://entersandman.xyz/sm/plugin.video.rico/rico-fanart/actor-rico-fanart.jpg</fanart>
</dir>

<dir>
  <title>[COLOR gold]James Franco[/COLOR]</title>
  <tmdb>person/movies/17051</tmdb>
  <thumbnail>https://image.tmdb.org/t/p/w640/yoUExrErHiiFHWFRX1XbjvgrzY6.jpg</thumbnail>
  <fanart>http://entersandman.xyz/sm/plugin.video.rico/rico-fanart/actor-rico-fanart.jpg</fanart>
</dir>

<dir>
  <title>[COLOR gold]Johnny Depp[/COLOR]</title>
  <tmdb>person/movies/85</tmdb>
  <thumbnail>https://images-na.ssl-images-amazon.com/images/M/MV5BMTM0ODU5Nzk2OV5BMl5BanBnXkFtZTcwMzI2ODgyNQ@@._V1_UY1200_CR106,0,630,1200_AL_.jpg</thumbnail>
  <fanart>http://entersandman.xyz/sm/plugin.video.rico/rico-fanart/actor-rico-fanart.jpg</fanart>
</dir>

<dir>
  <title>[COLOR gold]Clint Eastwood[/COLOR]</title>
  <tmdb>person/movies/190</tmdb>
  <thumbnail>https://image.tmdb.org/t/p/w640/bfHv9PvpGDaCyFrce1pMvyDRTWM.jpg</thumbnail>
  <fanart>http://entersandman.xyz/sm/plugin.video.rico/rico-fanart/actor-rico-fanart.jpg</fanart>
</dir>

<dir>
  <title>[COLOR gold]Will Ferrell[/COLOR]</title>
  <tmdb>person/movies/23659</tmdb>
  <thumbnail>https://image.tmdb.org/t/p/w640/7pqyS2plIA0oTbn2cUBIScgrJHI.jpg</thumbnail>
  <fanart>http://entersandman.xyz/sm/plugin.video.rico/rico-fanart/actor-rico-fanart.jpg</fanart>
</dir>

<dir>
  <title>[COLOR gold]Jackie Chan[/COLOR]</title>
  <tmdb>person/movies/18897</tmdb>
  <thumbnail>http://static.tvtropes.org/pmwiki/pub/images/jackie_chan_punch.jpg</thumbnail>
  <fanart>http://entersandman.xyz/sm/plugin.video.rico/rico-fanart/actor-rico-fanart.jpg</fanart>
</dir>

<dir>
  <title>[COLOR gold]Dwayne Johnson[/COLOR]</title>
  <tmdb>person/movies/18918</tmdb>
  <thumbnail>http://projectrockofficial.com/images/overlay_rock.jpg</thumbnail>
  <fanart>http://entersandman.xyz/sm/plugin.video.rico/rico-fanart/actor-rico-fanart.jpg</fanart>
</dir>

<dir>
  <title>[COLOR gold]Vin Diesel[/COLOR]</title>
  <tmdb>person/movies/12835</tmdb>
  <thumbnail>https://lh6.ggpht.com/txUnJe48EaTCYareH8UoWB9KYMXAujZsVX5IMAzprM0eY7sBSvOV5SDuSQW6ynkWsQw=w300</thumbnail>
  <fanart>http://entersandman.xyz/sm/plugin.video.rico/rico-fanart/actor-rico-fanart.jpg</fanart>
</dir>

<dir>
  <title>[COLOR gold]Jason Statham[/COLOR]</title>
  <tmdb>person/movies/976</tmdb>
  <thumbnail>https://i.pinimg.com/736x/20/18/03/2018034ae13009dc66f62ecf7b878c23--jason-stathem-head-shots.jpg</thumbnail>
  <fanart>http://entersandman.xyz/sm/plugin.video.rico/rico-fanart/actor-rico-fanart.jpg</fanart>
</dir>

<dir>
  <title>[COLOR gold]Roger Moore[/COLOR]</title>
  <tmdb>person/movies/10222</tmdb>
  <thumbnail>https://timedotcom.files.wordpress.com/2017/05/roger-moore-live-or-let-die-1973.jpg</thumbnail>
  <fanart>http://entersandman.xyz/sm/plugin.video.rico/rico-fanart/actor-rico-fanart.jpg</fanart>
</dir>

<dir>
  <title>[COLOR gold]Morgan Freeman[/COLOR]</title>
  <tmdb>person/movies/192</tmdb>
  <thumbnail>https://www.thefamouspeople.com/profiles/images/morgan-freeman-3.jpg</thumbnail>
  <fanart>http://entersandman.xyz/sm/plugin.video.rico/rico-fanart/actor-rico-fanart.jpg</fanart>
</dir>

<dir>
  <title>[COLOR gold]Matt Damon[/COLOR]</title>
  <tmdb>person/movies/1892</tmdb>
  <thumbnail>http://metrouk2.files.wordpress.com/2014/03/wpid-article-1273762615545-0640082d000005dc-993038_636x820.jpg</thumbnail>
  <fanart>http://entersandman.xyz/sm/plugin.video.rico/rico-fanart/actor-rico-fanart.jpg</fanart>
</dir>

<dir>
  <title>[COLOR gold]Josh Brolin[/COLOR]</title>
  <tmdb>person/movies/16851</tmdb>
  <thumbnail>https://media.gq.com/photos/5582c48ce52bc4b477a9cc64/master/w_704,h_964,c_limit/slideshows-mens-standalone-gq-feature-010108-josh_brolin-00001f.jpg</thumbnail>
  <fanart>http://entersandman.xyz/sm/plugin.video.rico/rico-fanart/actor-rico-fanart.jpg</fanart>
</dir>

<dir>
  <title>[COLOR gold]Channing Tatum[/COLOR]</title>
  <tmdb>person/movies/38673</tmdb>
  <thumbnail>https://flavorwire.files.wordpress.com/2014/11/watch-channing-tatum-and-steve-carell-being-dramatic-in-the-new-foxcatcher-teaser.jpg</thumbnail>
  <fanart>http://entersandman.xyz/sm/plugin.video.rico/rico-fanart/actor-rico-fanart.jpg</fanart>
</dir>

<dir>
  <title>[COLOR gold]Leonardo DiCaprio[/COLOR]</title>
  <tmdb>person/movies/6193</tmdb>
  <thumbnail>https://image.tmdb.org/t/p/w640/z1ne6oUWdcuZY4mifldXh0vweRB.jpg</thumbnail>
  <fanart>http://entersandman.xyz/sm/plugin.video.rico/rico-fanart/actor-rico-fanart.jpg</fanart>
</dir

<dir>
  <title>[COLOR gold]Ben Affleck[/COLOR]</title>
  <tmdb>person/movies/880</tmdb>
  <thumbnail>https://image.tmdb.org/t/p/w640/lowyjtC3tZcNEGrxCGoEwjqgdvk.jpg</thumbnail>
  <fanart>http://entersandman.xyz/sm/plugin.video.rico/rico-fanart/actor-rico-fanart.jpg</fanart>
</dir>

<dir>
  <title>[COLOR gold]Keanu Reeves[/COLOR]</title>
  <tmdb>person/movies/6384</tmdb>
  <thumbnail>https://image.tmdb.org/t/p/w640/vqSFu6uQY9y3AS5CS5fy3A5IslU.jpg</thumbnail>
  <fanart>http://entersandman.xyz/sm/plugin.video.rico/rico-fanart/actor-rico-fanart.jpg</fanart>
</dir>

<dir>
  <title>[COLOR gold]Sean Connery[/COLOR]</title>
  <tmdb>person/movies/738</tmdb>
  <thumbnail>https://image.tmdb.org/t/p/w640/rM6gXASmc1SjH65ISnRFEc1gAAw.jpg</thumbnail>
  <fanart>http://entersandman.xyz/sm/plugin.video.rico/rico-fanart/actor-rico-fanart.jpg</fanart>
</dir>

<dir>
  <title>[COLOR gold]Hugh Jackman[/COLOR]</title>
  <tmdb>person/movies/6968</tmdb>
  <thumbnail>https://image.tmdb.org/t/p/w640/trCUSAdN4gEDDt9CPlFDraxmuE3.jpg</thumbnail>
  <fanart>http://entersandman.xyz/sm/plugin.video.rico/rico-fanart/actor-rico-fanart.jpg</fanart>
</dir>

<dir>
  <title>[COLOR gold]Mel Gibson[/COLOR]</title>
  <tmdb>person/movies/2461</tmdb>
  <thumbnail>https://image.tmdb.org/t/p/w640/fhfK0TV0zslZUKEChtgyOIl3SH0.jpg</thumbnail>
  <fanart>http://entersandman.xyz/sm/plugin.video.rico/rico-fanart/actor-rico-fanart.jpg</fanart>
</dir>

<dir>
  <title>[COLOR gold]Mark Wahlberg[/COLOR]</title>
  <tmdb>person/movies/13240</tmdb>
  <thumbnail>https://image.tmdb.org/t/p/w640/z2wJh5n7qZRUE1y9uB8UrivAV2b.jpg</thumbnail>
  <fanart>http://entersandman.xyz/sm/plugin.video.rico/rico-fanart/actor-rico-fanart.jpg</fanart>
</dir>

<dir>
  <title>[COLOR gold]Harrison Ford[/COLOR]</title>
  <tmdb>person/movies/3</tmdb>
  <thumbnail>https://image.tmdb.org/t/p/w640/5Vj23wvkRVrx2Lc2lVZh5MEbIwg.jpg</thumbnail>
  <fanart>http://entersandman.xyz/sm/plugin.video.rico/rico-fanart/actor-rico-fanart.jpg</fanart>
</dir>

<dir>
  <title>[COLOR gold]Jeff Goldblum[/COLOR]</title>
  <tmdb>person/movies/4785</tmdb>
  <thumbnail>https://image.tmdb.org/t/p/w640/l99OMsc3glaWMNk1b5hxtawQSyn.jpg</thumbnail>
  <fanart>http://entersandman.xyz/sm/plugin.video.rico/rico-fanart/actor-rico-fanart.jpg</fanart>
</dir>

<dir>
  <title>[COLOR gold]Will Smith[/COLOR]</title>
  <tmdb>person/movies/2888</tmdb>
  <thumbnail>https://image.tmdb.org/t/p/w640/eze9FO9VuryXLP0aF2cRqPCcibN.jpg</thumbnail>
  <fanart>http://entersandman.xyz/sm/plugin.video.rico/rico-fanart/actor-rico-fanart.jpg</fanart>
</dir>

<dir>
  <title>[COLOR gold]Samuel L. Jackson[/COLOR]</title>
  <tmdb>person/movies/2231</tmdb>
  <thumbnail>https://image.tmdb.org/t/p/w640/gNTKmHT8s7TgRe9kf8MB6xRg5YO.jpg</thumbnail>
  <fanart>http://entersandman.xyz/sm/plugin.video.rico/rico-fanart/actor-rico-fanart.jpg</fanart>
</dir>

<dir>
  <title>[COLOR gold]Tom Hanks[/COLOR]</title>
  <tmdb>person/movies/31</tmdb>
  <thumbnail>https://image.tmdb.org/t/p/w640/2dBObgFILIfNE6B1WVwK1sWLSKy.jpg</thumbnail>
  <fanart>http://entersandman.xyz/sm/plugin.video.rico/rico-fanart/actor-rico-fanart.jpg</fanart>
</dir>

<dir>
  <title>[COLOR gold]Gerard Butler[/COLOR]</title>
  <tmdb>person/movies/17276</tmdb>
  <thumbnail>https://image.tmdb.org/t/p/w640/1vRHSuQtLEUAXqKO3l1mjUxd4j4.jpg</thumbnail>
  <fanart>http://entersandman.xyz/sm/plugin.video.rico/rico-fanart/actor-rico-fanart.jpg</fanart>
</dir>

<dir>
  <title>[COLOR gold]Sean Bean[/COLOR]</title>
  <tmdb>person/movies/48</tmdb>
  <thumbnail>https://image.tmdb.org/t/p/w640/7MCfXCIWi9ViLrgKCV3Hz4f6jov.jpg</thumbnail>
  <fanart>http://entersandman.xyz/sm/plugin.video.rico/rico-fanart/actor-rico-fanart.jpg</fanart>
</dir>

<dir>
  <title>[COLOR gold]Liam Neeson[/COLOR]</title>
  <tmdb>person/movies/3896</tmdb>
  <thumbnail>https://image.tmdb.org/t/p/w640/2EzoP26rfgVCQxHflzbwmOTIlhe.jpg</thumbnail>
  <fanart>http://entersandman.xyz/sm/plugin.video.rico/rico-fanart/actor-rico-fanart.jpg</fanart>
</dir>

<dir>
  <title>[COLOR gold]Benedict Cumberbatch[/COLOR]</title>
  <tmdb>person/movies/71580</tmdb>
  <thumbnail>https://image.tmdb.org/t/p/w640/wz3MRiMmoz6b5X3oSzMRC9nLxY1.jpg</thumbnail>
  <fanart>http://entersandman.xyz/sm/plugin.video.rico/rico-fanart/actor-rico-fanart.jpg</fanart>
</dir>

<dir>
  <title>[COLOR gold]Daniel Radcliffe[/COLOR]</title>
  <tmdb>person/movies/10980</tmdb>
  <thumbnail>https://image.tmdb.org/t/p/w640/rjA3a8PtdTP15PXYixNGDqeigEN.jpg</thumbnail>
  <fanart>http://entersandman.xyz/sm/plugin.video.rico/rico-fanart/actor-rico-fanart.jpg</fanart>
</dir>

<dir>
  <title>[COLOR gold]Colin Firth[/COLOR]</title>
  <tmdb>person/movies/5472</tmdb>
  <thumbnail>https://image.tmdb.org/t/p/w640/kbs5HzE2KjzbKiGYQw2aXFpdvaX.jpg</thumbnail>
  <fanart>http://entersandman.xyz/sm/plugin.video.rico/rico-fanart/actor-rico-fanart.jpg</fanart>
</dir>

<dir>
  <title>[COLOR gold]Jim Carrey[/COLOR]</title>
  <tmdb>person/movies/206</tmdb>
  <thumbnail>https://image.tmdb.org/t/p/w640/o6bOiFNpkmszElC23kwAdn87M32.jpg</thumbnail>
  <fanart>http://entersandman.xyz/sm/plugin.video.rico/rico-fanart/actor-rico-fanart.jpg</fanart>
</dir>

<dir>
  <title>[COLOR gold]Matt Damon[/COLOR]</title>
  <tmdb>person/movies/1892</tmdb>
  <thumbnail>https://image.tmdb.org/t/p/w640/elSlNgV8xVifsbHpFsqrPGxJToZ.jpg</thumbnail>
  <fanart>http://entersandman.xyz/sm/plugin.video.rico/rico-fanart/actor-rico-fanart.jpg</fanart>
</dir>

<dir>
  <title>[COLOR gold]Richard Gere[/COLOR]</title>
  <tmdb>person/movies/1205</tmdb>
  <thumbnail>https://image.tmdb.org/t/p/w640/z2PwsZoKPgDVTusTIXN2hxeBzPD.jpg</thumbnail>
  <fanart>http://entersandman.xyz/sm/plugin.video.rico/rico-fanart/actor-rico-fanart.jpg</fanart>
</dir>

<dir>
  <title>[COLOR gold]Tom Cruise[/COLOR]</title>
  <tmdb>person/movies/500</tmdb>
  <thumbnail>https://image.tmdb.org/t/p/w640/54wOvUh3vWOTDqPMDq1VTYuh9yv.jpg</thumbnail>
  <fanart>http://entersandman.xyz/sm/plugin.video.rico/rico-fanart/actor-rico-fanart.jpg</fanart>
</dir>

<dir>
  <title>[COLOR gold]Robert Downey Jr.[/COLOR]</title>
  <tmdb>person/movies/3223</tmdb>
  <thumbnail>https://image.tmdb.org/t/p/w640/1YjdSym1jTG7xjHSI0yGGWEsw5i.jpg</thumbnail>
  <fanart>http://entersandman.xyz/sm/plugin.video.rico/rico-fanart/actor-rico-fanart.jpg</fanart>
</dir>

<dir>
  <title>[COLOR gold]Chris Evans[/COLOR]</title>
  <tmdb>person/movies/16828</tmdb>
  <thumbnail>https://image.tmdb.org/t/p/w640/8CgFKCZJVwZxa1F88n8drEux0vT.jpg</thumbnail>
  <fanart>http://entersandman.xyz/sm/plugin.video.rico/rico-fanart/actor-rico-fanart.jpg</fanart>
</dir>

<dir>
  <title>[COLOR gold]Jon Bernthal[/COLOR]</title>
  <tmdb>person/movies/19498</tmdb>
  <thumbnail>https://image.tmdb.org/t/p/w640/w3epqN0BlV4TiUV9255d5tSCIRV.jpg</thumbnail>
  <fanart>http://entersandman.xyz/sm/plugin.video.rico/rico-fanart/actor-rico-fanart.jpg</fanart>
</dir>

<dir>
  <title>[COLOR gold]Chris Hemsworth[/COLOR]</title>
  <tmdb>person/movies/74568</tmdb>
  <thumbnail>https://image.tmdb.org/t/p/w640/dnJBzh5uF1EbXp6de8Jq3sHrK1V.jpg</thumbnail>
  <fanart>http://entersandman.xyz/sm/plugin.video.rico/rico-fanart/actor-rico-fanart.jpg</fanart>
</dir>

<dir>
  <title>[COLOR gold]Pierce Brosnan[/COLOR]</title>
  <tmdb>person/movies/517</tmdb>
  <thumbnail>https://image.tmdb.org/t/p/w640/pE52jEPBWkAyML5DnIlltQcKLzb.jpg</thumbnail>
  <fanart>http://entersandman.xyz/sm/plugin.video.rico/rico-fanart/actor-rico-fanart.jpg</fanart>
</dir>

<dir>
  <title>[COLOR gold]Anthony Hopkins[/COLOR]</title>
  <tmdb>person/movies/4173</tmdb>
  <thumbnail>https://image.tmdb.org/t/p/w640/5oRvZrOG9wT5osXQiWZutZb4umv.jpg</thumbnail>
  <fanart>http://entersandman.xyz/sm/plugin.video.rico/rico-fanart/actor-rico-fanart.jpg</fanart>
</dir>

<dir>
  <title>[COLOR gold]Tom Hardy[/COLOR]</title>
  <tmdb>person/movies/2524</tmdb>
  <thumbnail>https://image.tmdb.org/t/p/w640/mHSmt9qu2JzEPqnVWCGViv9Stnn.jpg</thumbnail>
  <fanart>http://entersandman.xyz/sm/plugin.video.rico/rico-fanart/actor-rico-fanart.jpg</fanart>
</dir>