<?xml version="1.0" encoding="UTF-8" standalone="yes"?>

<item>
    <title>[B][COLOR black]============[/COLOR][COLOR orangered]MOVIES BY YEAR[/COLOR][COLOR black]============[/COLOR][/B]</title>
    <thumbnail>http://entersandman.xyz/sm/plugin.video.rico/rico-icon/the-rico-icon.png</thumbnail>
    <fanart>http://entersandman.xyz/sm/plugin.video.rico/rico-fanart/the-rico-fanart.jpg</fanart>
</item>

  <dir>
    <title>[COLOR gold]2018 Movies[/COLOR]</title>
    <tmdb>year/movies/2018</tmdb>
    <thumbnail>http://entersandman.xyz/sm/plugin.video.rico/rico-icon/years-rico-icon.png</thumbnail>
    <fanart>http://entersandman.xyz/sm/plugin.video.rico/rico-fanart/movies-rico-fanart.jpg</fanart>
  </dir>

  <dir>
    <title>[COLOR gold]2017 Movies[/COLOR]</title>
    <tmdb>year/movies/2017</tmdb>
    <thumbnail>http://entersandman.xyz/sm/plugin.video.rico/rico-icon/years-rico-icon.png</thumbnail>
    <fanart>http://entersandman.xyz/sm/plugin.video.rico/rico-fanart/movies-rico-fanart.jpg</fanart>
  </dir>

  <dir>
    <title>[COLOR gold]2016 Movies[/COLOR]</title>
    <tmdb>year/movies/2016</tmdb>
    <thumbnail>http://entersandman.xyz/sm/plugin.video.rico/rico-icon/years-rico-icon.png</thumbnail>
    <fanart>http://entersandman.xyz/sm/plugin.video.rico/rico-fanart/movies-rico-fanart.jpg</fanart>
  </dir>

  <dir>
    <title>[COLOR gold]2015 Movies[/COLOR]</title>
    <tmdb>year/movies/2015</tmdb>
    <thumbnail>http://entersandman.xyz/sm/plugin.video.rico/rico-icon/years-rico-icon.png</thumbnail>
    <fanart>http://entersandman.xyz/sm/plugin.video.rico/rico-fanart/movies-rico-fanart.jpg</fanart>
  </dir>

  <dir>
    <title>[COLOR gold]2014 Movies[/COLOR]</title>
    <tmdb>year/movies/2014</tmdb>
    <thumbnail>http://entersandman.xyz/sm/plugin.video.rico/rico-icon/years-rico-icon.png</thumbnail>
    <fanart>http://entersandman.xyz/sm/plugin.video.rico/rico-fanart/movies-rico-fanart.jpg</fanart>
  </dir>

  <dir>
    <title>[COLOR gold]2013 Movies[/COLOR]</title>
    <tmdb>year/movies/2013</tmdb>
    <thumbnail>http://entersandman.xyz/sm/plugin.video.rico/rico-icon/years-rico-icon.png</thumbnail>
    <fanart>http://entersandman.xyz/sm/plugin.video.rico/rico-fanart/movies-rico-fanart.jpg</fanart>
  </dir>

  <dir>
    <title>[COLOR gold]2012 Movies[/COLOR]</title>
    <tmdb>year/movies/2012</tmdb>
    <thumbnail>http://entersandman.xyz/sm/plugin.video.rico/rico-icon/years-rico-icon.png</thumbnail>
    <fanart>http://entersandman.xyz/sm/plugin.video.rico/rico-fanart/movies-rico-fanart.jpg</fanart>
  </dir>

  <dir>
    <title>[COLOR gold]2011 Movies[/COLOR]</title>
    <tmdb>year/movies/2011</tmdb>
    <thumbnail>http://entersandman.xyz/sm/plugin.video.rico/rico-icon/years-rico-icon.png</thumbnail>
    <fanart>http://entersandman.xyz/sm/plugin.video.rico/rico-fanart/movies-rico-fanart.jpg</fanart>
  </dir>

  <dir>
    <title>[COLOR gold]2010 Movies[/COLOR]</title>
    <tmdb>year/movies/2010</tmdb>
    <thumbnail>http://entersandman.xyz/sm/plugin.video.rico/rico-icon/years-rico-icon.png</thumbnail>
    <fanart>http://entersandman.xyz/sm/plugin.video.rico/rico-fanart/movies-rico-fanart.jpg</fanart>
  </dir>

  <dir>
    <title>[COLOR gold]2009 Movies[/COLOR]</title>
    <tmdb>year/movies/2009</tmdb>
    <thumbnail>http://entersandman.xyz/sm/plugin.video.rico/rico-icon/years-rico-icon.png</thumbnail>
    <fanart>http://entersandman.xyz/sm/plugin.video.rico/rico-fanart/movies-rico-fanart.jpg</fanart>
  </dir>

  <dir>
    <title>[COLOR gold]2008 Movies[/COLOR]</title>
    <tmdb>year/movies/2008</tmdb>
    <thumbnail>http://entersandman.xyz/sm/plugin.video.rico/rico-icon/years-rico-icon.png</thumbnail>
    <fanart>http://entersandman.xyz/sm/plugin.video.rico/rico-fanart/movies-rico-fanart.jpg</fanart>
  </dir>

  <dir>
    <title>[COLOR gold]2007 Movies[/COLOR]</title>
    <tmdb>year/movies/2007</tmdb>
    <thumbnail>http://entersandman.xyz/sm/plugin.video.rico/rico-icon/years-rico-icon.png</thumbnail>
    <fanart>http://entersandman.xyz/sm/plugin.video.rico/rico-fanart/movies-rico-fanart.jpg</fanart>
  </dir>

  <dir>
    <title>[COLOR gold]2006 Movies[/COLOR]</title>
    <tmdb>year/movies/2006</tmdb>
    <thumbnail>http://entersandman.xyz/sm/plugin.video.rico/rico-icon/years-rico-icon.png</thumbnail>
    <fanart>http://entersandman.xyz/sm/plugin.video.rico/rico-fanart/movies-rico-fanart.jpg</fanart>
  </dir>

  <dir>
    <title>[COLOR gold]2005 Movies[/COLOR]</title>
    <tmdb>year/movies/2005</tmdb>
    <thumbnail>http://entersandman.xyz/sm/plugin.video.rico/rico-icon/years-rico-icon.png</thumbnail>
    <fanart>http://entersandman.xyz/sm/plugin.video.rico/rico-fanart/movies-rico-fanart.jpg</fanart>
  </dir>

  <dir>
    <title>[COLOR gold]2004 Movies[/COLOR]</title>
    <tmdb>year/movies/2004</tmdb>
    <thumbnail>http://entersandman.xyz/sm/plugin.video.rico/rico-icon/years-rico-icon.png</thumbnail>
    <fanart>http://entersandman.xyz/sm/plugin.video.rico/rico-fanart/movies-rico-fanart.jpg</fanart>
  </dir>

  <dir>
    <title>[COLOR gold]2003 Movies[/COLOR]</title>
    <tmdb>year/movies/2003</tmdb>
    <thumbnail>http://entersandman.xyz/sm/plugin.video.rico/rico-icon/years-rico-icon.png</thumbnail>
    <fanart>http://entersandman.xyz/sm/plugin.video.rico/rico-fanart/movies-rico-fanart.jpg</fanart>
  </dir>

  <dir>
    <title>[COLOR gold]2002 Movies[/COLOR]</title>
    <tmdb>year/movies/2002</tmdb>
    <thumbnail>http://entersandman.xyz/sm/plugin.video.rico/rico-icon/years-rico-icon.png</thumbnail>
    <fanart>http://entersandman.xyz/sm/plugin.video.rico/rico-fanart/movies-rico-fanart.jpg</fanart>
  </dir>

  <dir>
    <title>[COLOR gold]2001 Movies[/COLOR]</title>
    <tmdb>year/movies/2001</tmdb>
    <thumbnail>http://entersandman.xyz/sm/plugin.video.rico/rico-icon/years-rico-icon.png</thumbnail>
    <fanart>http://entersandman.xyz/sm/plugin.video.rico/rico-fanart/movies-rico-fanart.jpg</fanart>
  </dir>

  <dir>
    <title>[COLOR gold]2000 Movies[/COLOR]</title>
    <tmdb>year/movies/2000</tmdb>
    <thumbnail>http://entersandman.xyz/sm/plugin.video.rico/rico-icon/years-rico-icon.png</thumbnail>
    <fanart>http://entersandman.xyz/sm/plugin.video.rico/rico-fanart/movies-rico-fanart.jpg</fanart>
  </dir>
  
   <dir>
    <title>[COLOR gold]1980 - 1999 Movies[/COLOR]</title>
    <link>1999.xml</link>
    <thumbnail>http://entersandman.xyz/sm/plugin.video.rico/rico-icon/years-rico-icon.png</thumbnail>
    <fanart>http://entersandman.xyz/sm/plugin.video.rico/rico-fanart/movies-rico-fanart.jpg</fanart>
  </dir>

  <dir>
    <title>[COLOR gold]1960 - 1979 Movies[/COLOR]</title>
    <link>1979.xml</link>
    <thumbnail>http://entersandman.xyz/sm/plugin.video.rico/rico-icon/years-rico-icon.png</thumbnail>
    <fanart>http://entersandman.xyz/sm/plugin.video.rico/rico-fanart/movies-rico-fanart.jpg</fanart>
  </dir>

  <dir>
    <title>[COLOR gold]1940 - 1959 Movies[/COLOR]</title>
    <link>1959.xml</link>
    <thumbnail>http://entersandman.xyz/sm/plugin.video.rico/rico-icon/years-rico-icon.png</thumbnail>
    <fanart>http://entersandman.xyz/sm/plugin.video.rico/rico-fanart/movies-rico-fanart.jpg</fanart>
  </dir>

  <dir>
    <title>[COLOR gold]2017 Movies[/COLOR]</title>
    <tmdb>year/movies/2017</tmdb>
    <thumbnail>http://entersandman.xyz/sm/plugin.video.rico/rico-icon/years-rico-icon.png</thumbnail>
    <fanart>http://entersandman.xyz/sm/plugin.video.rico/rico-fanart/movies-rico-fanart.jpg</fanart>
  </dir>

  <dir>
    <title>[COLOR gold]2016 Movies[/COLOR]</title>
    <tmdb>year/movies/2016</tmdb>
    <thumbnail>http://entersandman.xyz/sm/plugin.video.rico/rico-icon/years-rico-icon.png</thumbnail>
    <fanart>http://entersandman.xyz/sm/plugin.video.rico/rico-fanart/movies-rico-fanart.jpg</fanart>
  </dir>

  <dir>
    <title>[COLOR gold]2015 Movies[/COLOR]</title>
    <tmdb>year/movies/2015</tmdb>
    <thumbnail>http://entersandman.xyz/sm/plugin.video.rico/rico-icon/years-rico-icon.png</thumbnail>
    <fanart>http://entersandman.xyz/sm/plugin.video.rico/rico-fanart/movies-rico-fanart.jpg</fanart>
  </dir>

  <dir>
    <title>[COLOR gold]2014 Movies[/COLOR]</title>
    <tmdb>year/movies/2014</tmdb>
    <thumbnail>http://entersandman.xyz/sm/plugin.video.rico/rico-icon/years-rico-icon.png</thumbnail>
    <fanart>http://entersandman.xyz/sm/plugin.video.rico/rico-fanart/movies-rico-fanart.jpg</fanart>
  </dir>

  <dir>
    <title>[COLOR gold]2013 Movies[/COLOR]</title>
    <tmdb>year/movies/2013</tmdb>
    <thumbnail>http://entersandman.xyz/sm/plugin.video.rico/rico-icon/years-rico-icon.png</thumbnail>
    <fanart>http://entersandman.xyz/sm/plugin.video.rico/rico-fanart/movies-rico-fanart.jpg</fanart>
  </dir>

  <dir>
    <title>[COLOR gold]2012 Movies[/COLOR]</title>
    <tmdb>year/movies/2012</tmdb>
    <thumbnail>http://entersandman.xyz/sm/plugin.video.rico/rico-icon/years-rico-icon.png</thumbnail>
    <fanart>http://entersandman.xyz/sm/plugin.video.rico/rico-fanart/movies-rico-fanart.jpg</fanart>
  </dir>

  <dir>
    <title>[COLOR gold]2011 Movies[/COLOR]</title>
    <tmdb>year/movies/2011</tmdb>
    <thumbnail>http://entersandman.xyz/sm/plugin.video.rico/rico-icon/years-rico-icon.png</thumbnail>
    <fanart>http://entersandman.xyz/sm/plugin.video.rico/rico-fanart/movies-rico-fanart.jpg</fanart>
  </dir>

  <dir>
    <title>[COLOR gold]2010 Movies[/COLOR]</title>
    <tmdb>year/movies/2010</tmdb>
    <thumbnail>http://entersandman.xyz/sm/plugin.video.rico/rico-icon/years-rico-icon.png</thumbnail>
    <fanart>http://entersandman.xyz/sm/plugin.video.rico/rico-fanart/movies-rico-fanart.jpg</fanart>
  </dir>

  <dir>
    <title>[COLOR gold]2009 Movies[/COLOR]</title>
    <tmdb>year/movies/2009</tmdb>
    <thumbnail>http://entersandman.xyz/sm/plugin.video.rico/rico-icon/years-rico-icon.png</thumbnail>
    <fanart>http://entersandman.xyz/sm/plugin.video.rico/rico-fanart/movies-rico-fanart.jpg</fanart>
  </dir>

  <dir>
    <title>[COLOR gold]2008 Movies[/COLOR]</title>
    <tmdb>year/movies/2008</tmdb>
    <thumbnail>http://entersandman.xyz/sm/plugin.video.rico/rico-icon/years-rico-icon.png</thumbnail>
    <fanart>http://entersandman.xyz/sm/plugin.video.rico/rico-fanart/movies-rico-fanart.jpg</fanart>
  </dir>

  <dir>
    <title>[COLOR gold]2007 Movies[/COLOR]</title>
    <tmdb>year/movies/2007</tmdb>
    <thumbnail>http://entersandman.xyz/sm/plugin.video.rico/rico-icon/years-rico-icon.png</thumbnail>
    <fanart>http://entersandman.xyz/sm/plugin.video.rico/rico-fanart/movies-rico-fanart.jpg</fanart>
  </dir>

  <dir>
    <title>[COLOR gold]2006 Movies[/COLOR]</title>
    <tmdb>year/movies/2006</tmdb>
    <thumbnail>http://entersandman.xyz/sm/plugin.video.rico/rico-icon/years-rico-icon.png</thumbnail>
    <fanart>http://entersandman.xyz/sm/plugin.video.rico/rico-fanart/movies-rico-fanart.jpg</fanart>
  </dir>

  <dir>
    <title>[COLOR gold]2005 Movies[/COLOR]</title>
    <tmdb>year/movies/2005</tmdb>
    <thumbnail>http://entersandman.xyz/sm/plugin.video.rico/rico-icon/years-rico-icon.png</thumbnail>
    <fanart>http://entersandman.xyz/sm/plugin.video.rico/rico-fanart/movies-rico-fanart.jpg</fanart>
  </dir>

  <dir>
    <title>[COLOR gold]2004 Movies[/COLOR]</title>
    <tmdb>year/movies/2004</tmdb>
    <thumbnail>http://entersandman.xyz/sm/plugin.video.rico/rico-icon/years-rico-icon.png</thumbnail>
    <fanart>http://entersandman.xyz/sm/plugin.video.rico/rico-fanart/movies-rico-fanart.jpg</fanart>
  </dir>

  <dir>
    <title>[COLOR gold]2003 Movies[/COLOR]</title>
    <tmdb>year/movies/2003</tmdb>
    <thumbnail>http://entersandman.xyz/sm/plugin.video.rico/rico-icon/years-rico-icon.png</thumbnail>
    <fanart>http://entersandman.xyz/sm/plugin.video.rico/rico-fanart/movies-rico-fanart.jpg</fanart>
  </dir>

  <dir>
    <title>[COLOR gold]2002 Movies[/COLOR]</title>
    <tmdb>year/movies/2002</tmdb>
    <thumbnail>http://entersandman.xyz/sm/plugin.video.rico/rico-icon/years-rico-icon.png</thumbnail>
    <fanart>http://entersandman.xyz/sm/plugin.video.rico/rico-fanart/movies-rico-fanart.jpg</fanart>
  </dir>

  <dir>
    <title>[COLOR gold]2001 Movies[/COLOR]</title>
    <tmdb>year/movies/2001</tmdb>
    <thumbnail>http://entersandman.xyz/sm/plugin.video.rico/rico-icon/years-rico-icon.png</thumbnail>
    <fanart>http://entersandman.xyz/sm/plugin.video.rico/rico-fanart/movies-rico-fanart.jpg</fanart>
  </dir>

  <dir>
    <title>[COLOR gold]2000 Movies[/COLOR]</title>
    <tmdb>year/movies/2000</tmdb>
    <thumbnail>http://entersandman.xyz/sm/plugin.video.rico/rico-icon/years-rico-icon.png</thumbnail>
    <fanart>http://entersandman.xyz/sm/plugin.video.rico/rico-fanart/movies-rico-fanart.jpg</fanart>
  </dir>
  
  <dir>
    <title>[COLOR gold]1980 - 1999 Movies[/COLOR]</title>
    <link>https://raw.githubusercontent.com/tilliferret/ferretworld/master/1999.xml</link>
    <thumbnail>http://entersandman.xyz/sm/plugin.video.rico/rico-icon/years-rico-icon.png</thumbnail>
    <fanart>http://entersandman.xyz/sm/plugin.video.rico/rico-fanart/movies-rico-fanart.jpg</fanart>
  </dir>

  <dir>
    <title>[COLOR gold]1960 - 1979 Movies[/COLOR]</title>
    <link>https://raw.githubusercontent.com/tilliferret/ferretworld/master/1979.xml</link>
    <thumbnail>http://entersandman.xyz/sm/plugin.video.rico/rico-icon/years-rico-icon.png</thumbnail>
    <fanart>http://entersandman.xyz/sm/plugin.video.rico/rico-fanart/movies-rico-fanart.jpg</fanart>
  </dir>

  <dir>
    <title>[COLOR gold]1940 - 1959 Movies[/COLOR]</title>
    <link>https://raw.githubusercontent.com/tilliferret/ferretworld/master/1959.xml</link>
    <thumbnail>http://entersandman.xyz/sm/plugin.video.rico/rico-icon/years-rico-icon.png</thumbnail>
    <fanart>http://entersandman.xyz/sm/plugin.video.rico/rico-fanart/movies-rico-fanart.jpg</fanart>
  </dir>

  <dir>
    <title>[COLOR gold]1920 - 1939 Movies[/COLOR]</title>
    <link>https://raw.githubusercontent.com/tilliferret/ferretworld/master/1939.xml</link>
    <thumbnail>http://entersandman.xyz/sm/plugin.video.rico/rico-icon/years-rico-icon.png</thumbnail>
    <fanart>http://entersandman.xyz/sm/plugin.video.rico/rico-fanart/movies-rico-fanart.jpg</fanart>
  </dir>

  <dir>
    <title>[COLOR gold]1900 - 1919 Movies[/COLOR]</title>
    <link>https://raw.githubusercontent.com/tilliferret/ferretworld/master/1919.xml</link>
    <thumbnail>http://entersandman.xyz/sm/plugin.video.rico/rico-icon/years-rico-icon.png</thumbnail>
    <fanart>http://entersandman.xyz/sm/plugin.video.rico/rico-fanart/movies-rico-fanart.jpg</fanart>
  </dir>

  <dir>
    <title>[COLOR gold]1900 - 1919 Movies[/COLOR]</title>
    <link>1919.xml</link>
    <thumbnail>http://entersandman.xyz/sm/plugin.video.rico/rico-icon/years-rico-icon.png</thumbnail>
    <fanart>http://entersandman.xyz/sm/plugin.video.rico/rico-fanart/movies-rico-fanart.jpg</fanart>
  </dir>