<?xml version="1.0" encoding="UTF-8" standalone="yes"?>

<item>
   <title>[B][COLOR black]============[/COLOR][COLOR orangered]MOTION PITCHERS STUDIOS[/COLOR][COLOR black]============[/COLOR][/B]</title>
   <thumbnail>http://entersandman.xyz/sm/plugin.video.rico/rico-icon/the-rico-icon.png</thumbnail>
   <fanart>http://entersandman.xyz/sm/plugin.video.rico/rico-fanart/the-rico-fanart.jpg</fanart>
</item>

<dir>
  <title>[COLOR gold]Pixar Animation[/COLOR]</title>
  <tmdb>company/movies/3</tmdb>
  <thumbnail>https://vignette.wikia.nocookie.net/pixar/images/d/d0/Pixarlogo.jpg/revision/latest?cb=20100712043022</thumbnail>
  <fanart>http://entersandman.xyz/sm/plugin.video.rico/rico-fanart/studios-rico-fanart.jpg</fanart>
</dir>

<dir>
  <title>[COLOR gold]Disney[/COLOR]</title>
  <tmdb>company/movies/6421</tmdb>
  <thumbnail>http://www.chipandco.com/wp-content/uploads/2014/09/walt-disney-logo.png</thumbnail>
  <fanart>http://entersandman.xyz/sm/plugin.video.rico/rico-fanart/studios-rico-fanart.jpg</fanart></fanart>
</dir>
  
<dir>
  <title>[COLOR gold]Walt Disney Productions[/COLOR]</title>
  <tmdb>company/movies/3166</tmdb>
  <thumbnail>https://orig00.deviantart.net/ea55/f/2015/238/d/c/walt_disney_productions_logo_by_jarvisrama99-d97b5gk.png</thumbnail>
  <fanart>http://entersandman.xyz/sm/plugin.video.rico/rico-fanart/studios-rico-fanart.jpg</fanart></fanart>
</dir>

<dir>
  <title>[COLOR gold]Walt Disney Production[/COLOR]</title>
  <tmdb>company/movies/6470</tmdb>
  <thumbnail>https://therabbitfilm.files.wordpress.com/2012/07/walt-disney-logo-1024x575.jpg</thumbnail>
  <fanart>http://entersandman.xyz/sm/plugin.video.rico/rico-fanart/studios-rico-fanart.jpg</fanart>
</dir>

<dir>
  <title>[COLOR gold]Walt Disney Animation Studios[/COLOR]</title>
  <tmdb>company/movies/6125</tmdb>
  <thumbnail>https://upload.wikimedia.org/wikipedia/en/thumb/c/c8/Walt_Disney_Animation_Studios_logo.svg/1280px-Walt_Disney_Animation_Studios_logo.svg.png</thumbnail>
  <fanart>http://entersandman.xyz/sm/plugin.video.rico/rico-fanart/studios-rico-fanart.jpg</fanart>
</dir>

<dir>
  <title>[COLOR gold]Columbia TriStar[/COLOR]</title>
  <tmdb>company/movies/177</tmdb>
  <thumbnail>https://upload.wikimedia.org/wikipedia/en/a/a5/TriStar_Television.jpg</thumbnail>
  <fanart>http://entersandman.xyz/sm/plugin.video.rico/rico-fanart/studios-rico-fanart.jpg</fanart>
</dir>

<dir>
  <title>[COLOR gold]Sony Pictures[/COLOR]</title>
  <tmdb>company/movies/34</tmdb>
  <thumbnail>https://www.techworm.net/wp-content/uploads/2014/12/Untitled7.png</thumbnail>
  <fanart>http://entersandman.xyz/sm/plugin.video.rico/rico-fanart/studios-rico-fanart.jpg</fanart>
</dir>

<dir>
  <title>[COLOR gold]40 Acres / A Mule Filmworks[/COLOR]</title>
  <tmdb>company/movies/4319</tmdb>
  <thumbnail>https://i.ytimg.com/vi/sMA-3QlLdBU/maxresdefault.jpg</thumbnail>
  <fanart>http://entersandman.xyz/sm/plugin.video.rico/rico-fanart/studios-rico-fanart.jpg</fanart>
</dir>

<dir>
  <title>[COLOR gold]Columbia Pictures[/COLOR]</title>
  <tmdb>company/movies/5</tmdb>
  <thumbnail>https://www.thewrap.com/wp-content/uploads/2014/01/ColumbiaPicutres.jpg</thumbnail>
  <fanart>http://entersandman.xyz/sm/plugin.video.rico/rico-fanart/studios-rico-fanart.jpg</fanart>
</dir>

<dir>
  <title>[COLOR gold]Sony Pictures Entertainment[/COLOR]</title>
  <tmdb>company/movies/5752</tmdb>
  <thumbnail>https://pmcdeadline2.files.wordpress.com/2015/09/sony_pictures_logo.jpg?w=446&h=299&crop=1</thumbnail>
  <fanart>http://entersandman.xyz/sm/plugin.video.rico/rico-fanart/studios-rico-fanart.jpg</fanart>
</dir>

<dir>
  <title>[COLOR gold]Destination Films[/COLOR]</title>
  <tmdb>company/movies/769</tmdb>
  <thumbnail>https://upload.wikimedia.org/wikipedia/commons/thumb/6/62/Destination_Films_logo.svg/1200px-Destination_Films_logo.svg.png</thumbnail>
  <fanart>http://entersandman.xyz/sm/plugin.video.rico/rico-fanart/studios-rico-fanart.jpg</fanart>
</dir>

<dir>
  <title>[COLOR gold]Dimension Films[/COLOR]</title>
  <tmdb>company/movies/7405</tmdb>
  <thumbnail>https://www.pophorror.com/wp-content/uploads/2017/03/dimension-films-3-605x330.jpg</thumbnail>
  <fanart>http://entersandman.xyz/sm/plugin.video.rico/rico-fanart/studios-rico-fanart.jpg</fanart>
</dir>

<dir>
  <title>[COLOR gold]DreamWorks[/COLOR]</title>
  <tmdb>company/movies/7</tmdb>
  <thumbnail>http://cdn2-www.craveonline.com/assets/uploads/2015/01/Dreamworks-Animation-Logo.jpg</thumbnail>
  <fanart>http://entersandman.xyz/sm/plugin.video.rico/rico-fanart/studios-rico-fanart.jpg</fanart>
</dir>

<dir>
  <title>[COLOR gold]DreamWorks SKG[/COLOR]</title>
  <tmdb>company/movies/27</tmdb>
  <thumbnail>http://www.cartoonbrew.com/wp-content/uploads/2015/01/dreamworks_illustration-900x620.jpg</thumbnail>
  <fanart>http://entersandman.xyz/sm/plugin.video.rico/rico-fanart/studios-rico-fanart.jpg</fanart>
</dir>

<dir>
  <title>[COLOR gold]DreamWorks Animation[/COLOR]</title>
  <tmdb>company/movies/521</tmdb>
  <thumbnail>https://i.ytimg.com/vi/D8IflUD43mY/0.jpg</thumbnail>
  <fanart>http://entersandman.xyz/sm/plugin.video.rico/rico-fanart/studios-rico-fanart.jpg</fanart>
</dir>

<dir>
  <title>[COLOR gold]DreamWorks Pictures[/COLOR]</title>
  <tmdb>company/movies/7293</tmdb>
  <thumbnail>https://vignette.wikia.nocookie.net/seuss/images/e/ed/DreamWorks.png/revision/latest?cb=20171006185512</thumbnail>
  <fanart>http://entersandman.xyz/sm/plugin.video.rico/rico-fanart/studios-rico-fanart.jpg</fanart>
</dir>

<dir>
  <title>[COLOR gold]Focus Features[/COLOR]</title>
  <tmdb>company/movies/10146</tmdb>
  <thumbnail>https://cdn1.thr.com/sites/default/files/imagecache/landscape_928x523/2011/11/focus_features_logo_a_l.jpg</thumbnail>
  <fanart>http://entersandman.xyz/sm/plugin.video.rico/rico-fanart/studios-rico-fanart.jpg</fanart>
</dir>

<dir>
  <title>[COLOR gold]Twentieth Century Fox Film Corporation[/COLOR]</title>
  <tmdb>company/movies/306</tmdb>
  <thumbnail>https://upload.wikimedia.org/wikipedia/en/0/02/20th_Century_FOX_Television.jpg</thumbnail>
  <fanart>http://entersandman.xyz/sm/plugin.video.rico/rico-fanart/studios-rico-fanart.jpg</fanart>
</dir>

<dir>
  <title>[COLOR gold]Fox Searchlight Pictures[/COLOR]</title>
  <tmdb>company/movies/43</tmdb>
  <thumbnail>http://www.foxsearchlight.com/static/images/fb_icon_fsl.jpg</thumbnail>
  <fanart>http://entersandman.xyz/sm/plugin.video.rico/rico-fanart/studios-rico-fanart.jpg</fanart>
</dir>

<dir>
  <title>[COLOR gold]Hallmark Hall of Fame Productions[/COLOR]</title>
  <tmdb>company/movies/9027</tmdb>
  <thumbnail>http://www.greatamericanthings.net/wp-content/uploads/2012/05/Hallmark-by-mytvlog.blogspotdotcom-560x420.jpg</thumbnail>
  <fanart>http://entersandman.xyz/sm/plugin.video.rico/rico-fanart/studios-rico-fanart.jpg</fanart>
</dir>

<dir>
  <title>[COLOR gold]Happy Madison Productions[/COLOR]</title>
  <tmdb>company/movies/2608</tmdb>
  <thumbnail>https://static1.squarespace.com/static/54eff520e4b017f5a82ce696/5631a81be4b068c168c5fae7/56abb9ffab28106bf434a936/1454094848061/happymadison.png</thumbnail>
  <fanart>http://entersandman.xyz/sm/plugin.video.rico/rico-fanart/studios-rico-fanart.jpg</fanart>
</dir>

<dir>
  <title>[COLOR gold]IFC Films[/COLOR]</title>
  <tmdb>company/movies/307</tmdb>
  <thumbnail>http://edictive.com/blog/wp-content/uploads/2012/09/key_art_ifc_films.jpg</thumbnail>
  <fanart>http://entersandman.xyz/sm/plugin.video.rico/rico-fanart/studios-rico-fanart.jpg</fanart>
</dir>

<dir>
  <title>[COLOR gold]Legendary Pictures[/COLOR]</title>
  <tmdb>company/movies/923</tmdb>
  <thumbnail>http://pmcdeadline2.files.wordpress.com/2011/01/legendary_pictures_logo.jpg</thumbnail>
  <fanart>http://entersandman.xyz/sm/plugin.video.rico/rico-fanart/studios-rico-fanart.jpg</fanart>
</dir>

<dir>
  <title>[COLOR gold]Lions Gate Family Entertainment[/COLOR]</title>
  <tmdb>company/movies/6574</tmdb>
  <thumbnail>http://vignette2.wikia.nocookie.net/logopedia/images/2/2c/LGFHE_logo.jpg/revision/latest?cb\x3d20120120000427</thumbnail>
  <fanart>http://entersandman.xyz/sm/plugin.video.rico/rico-fanart/studios-rico-fanart.jpg</fanart>
</dir>

<dir>
  <title>[COLOR gold]Lions Gate Entertainments[/COLOR]</title>
  <tmdb>company/movies/7035</tmdb>
  <thumbnail>https://i.ytimg.com/vi/XtxzYu0itFU/maxresdefault.jpg</thumbnail>
  <fanart>http://entersandman.xyz/sm/plugin.video.rico/rico-fanart/studios-rico-fanart.jpg</fanart>
</dir>

<dir>
  <title>[COLOR gold]Lucasfilm[/COLOR]</title>
  <tmdb>company/movies/1</tmdb>
  <thumbnail>https://vignette.wikia.nocookie.net/filmguide/images/e/e8/Lucasfilm-logo.jpg/revision/latest?cb=20130526000714</thumbnail>
  <fanart>http://entersandman.xyz/sm/plugin.video.rico/rico-fanart/studios-rico-fanart.jpg</fanart>
</dir>

<dir>
  <title>[COLOR gold]Magnolia Pictures[/COLOR]</title>
  <tmdb>company/movies/1030</tmdb>
  <thumbnail>http://pmcdeadline2.files.wordpress.com/2013/02/magnoliapictures__130219155741.jpg</thumbnail>
  <fanart>http://entersandman.xyz/sm/plugin.video.rico/rico-fanart/studios-rico-fanart.jpg</fanart>
</dir>

<dir>
  <title>[COLOR gold]Marvel Studios[/COLOR]</title>
  <tmdb>company/movies/420</tmdb>
  <thumbnail>https://www.bleedingcool.com/wp-content/uploads/2017/05/marvelstudios-2016logo-600x300.jpg</thumbnail>
  <fanart>http://entersandman.xyz/sm/plugin.video.rico/rico-fanart/studios-rico-fanart.jpg</fanart>
</dir>

<dir>
  <title>[COLOR gold]Metro-Goldwyn-Mayer (MGM)[/COLOR]</title>
  <tmdb>company/movies/8411</tmdb>
  <thumbnail>https://vignette1.wikia.nocookie.net/jamesbond/images/b/be/Mgm-logo.jpeg/revision/latest?cb=20120805163501</thumbnail>
  <fanart>http://entersandman.xyz/sm/plugin.video.rico/rico-fanart/studios-rico-fanart.jpg</fanart>
</dir>

<dir>
  <title>[COLOR gold]New Line Cinema[/COLOR]</title>
  <tmdb>company/movies/12</tmdb>
  <thumbnail>https://orig00.deviantart.net/a9c9/f/2016/100/3/6/new_line_cinema_logo_early_1990_s_remake_by_ethan1986media-d9yh4fb.png</thumbnail>
  <fanart>http://entersandman.xyz/sm/plugin.video.rico/rico-fanart/studios-rico-fanart.jpg</fanart>
</dir>

<dir>
  <title>[COLOR gold]Original Film[/COLOR]</title>
  <tmdb>company/movies/333</tmdb>
  <thumbnail>https://vignette.wikia.nocookie.net/parody/images/4/4a/Original_Film_Logo.jpg/revision/latest?cb=20151101071644</thumbnail>
  <fanart>http://entersandman.xyz/sm/plugin.video.rico/rico-fanart/studios-rico-fanart.jpg</fanart>
</dir>

<dir>
  <title>[COLOR gold]Paramount Pictures[/COLOR]</title>
  <tmdb>company/movies/4</tmdb>
  <thumbnail>https://cdn1.thr.com/sites/default/files/imagecache/landscape_928x523/2011/06/paramount_logo_2011_a_l.jpg</thumbnail>
  <fanart>http://entersandman.xyz/sm/plugin.video.rico/rico-fanart/studios-rico-fanart.jpg</fanart>
</dir>

<dir>
  <title>[COLOR gold]Screen Gems[/COLOR]</title>
  <tmdb>company/movies/3287</tmdb>
  <thumbnail>https://upload.wikimedia.org/wikipedia/en/thumb/f/f9/Screen_Gems_1999_logo.svg/1280px-Screen_Gems_1999_logo.svg.png</thumbnail>
  <fanart>http://entersandman.xyz/sm/plugin.video.rico/rico-fanart/studios-rico-fanart.jpg</fanart>
</dir>

<dir>
  <title>[COLOR gold]Spyglass Entertainment[/COLOR]</title>
  <tmdb>company/movies/158</tmdb>
  <thumbnail>https://vignette.wikia.nocookie.net/ideas/images/c/c1/Spyglass.png/revision/latest?cb=20160521205143</thumbnail>
  <fanart>http://entersandman.xyz/sm/plugin.video.rico/rico-fanart/studios-rico-fanart.jpg</fanart>
</dir>

<dir>
  <title>[COLOR gold]Summit Entertainment[/COLOR]</title>
  <tmdb>company/movies/491</tmdb>
  <thumbnail>http://mbadbkweb.famp-art.com/wp-content/uploads/2011/06/SummitEntertainmentLogo.jpg</thumbnail>
  <fanart>http://entersandman.xyz/sm/plugin.video.rico/rico-fanart/studios-rico-fanart.jpg</fanart>
</dir>

<dir>
  <title>[COLOR gold]Touchstone Pictures[/COLOR]</title>
  <tmdb>company/movies/9195</tmdb>
  <thumbnail>https://vignette.wikia.nocookie.net/filmguide/images/d/d3/Touchstone_Pictures_logo.png/revision/latest?cb=20130701155337</thumbnail>
  <fanart>http://entersandman.xyz/sm/plugin.video.rico/rico-fanart/studios-rico-fanart.jpg</fanart>
</dir>

<dir>
  <title>[COLOR gold]United Artists[/COLOR]</title>
  <tmdb>company/movies/60</tmdb>
  <thumbnail>https://s-media-cache-ak0.pinimg.com/originals/dc/d0/a5/dcd0a5e5e27f176eabf0c439fbf6c19b.jpg</thumbnail>
  <fanart>http://entersandman.xyz/sm/plugin.video.rico/rico-fanart/studios-rico-fanart.jpg</fanart>
</dir>

<dir>
  <title>[COLOR gold]Universal Studios[/COLOR]</title>
  <tmdb>company/movies/13</tmdb>
  <thumbnail>https://www.universalpictures.com/assets/img/universal-share.jpg</thumbnail>
  <fanart>http://entersandman.xyz/sm/plugin.video.rico/rico-fanart/studios-rico-fanart.jpg</fanart>
</dir>

<dir>
  <title>[COLOR gold]Universal Cartoon Studios[/COLOR]</title>
  <tmdb>company/movies/4285</tmdb>
  <thumbnail>http://vignette3.wikia.nocookie.net/logopedia/images/9/96/Universal_Cartoon_Studios.png/revision/latest?cb=20130617224758</thumbnail>
  <fanart>http://entersandman.xyz/sm/plugin.video.rico/rico-fanart/studios-rico-fanart.jpg</fanart>
</dir>

<dir>
  <title>[COLOR gold]Universal Animation Studios[/COLOR]</title>
  <tmdb>company/movies/5556</tmdb>
  <thumbnail>https://upload.wikimedia.org/wikipedia/en/3/33/Universal_Animation_Studios.jpg</thumbnail>
  <fanart>http://entersandman.xyz/sm/plugin.video.rico/rico-fanart/studios-rico-fanart.jpg</fanart>
</dir>

<dir>
  <title>[COLOR gold]Warner Bros. Entertainment[/COLOR]</title>
  <tmdb>company/movies/17</tmdb>
  <thumbnail>https://www.warnerbros.com/sites/default/files/INTTELEVISIONCOLOR_LOCL_POWERPT_0.png</thumbnail>
  <fanart>http://entersandman.xyz/sm/plugin.video.rico/rico-fanart/studios-rico-fanart.jpg</fanart>
</dir>

<dir>
  <title>[COLOR gold]Warner Bros.[/COLOR]</title>
  <tmdb>company/movies/6194</tmdb>
  <thumbnail>https://upload.wikimedia.org/wikipedia/en/thumb/8/89/Warner_Bros._Pictures_logo.svg/1093px-Warner_Bros._Pictures_logo.svg.png</thumbnail>
  <fanart>http://entersandman.xyz/sm/plugin.video.rico/rico-fanart/studios-rico-fanart.jpg</fanart>
</dir>

<dir>
  <title>[COLOR gold]Warner Bros. Animation[/COLOR]</title>
  <tmdb>company/movies/2785</tmdb>
  <thumbnail>https://vignette.wikia.nocookie.net/looneytunesshow/images/f/f3/Warner_Bros._Animation_Presents_%282011%29.png/revision/latest?cb=20110609165521</thumbnail>
  <fanart>http://entersandman.xyz/sm/plugin.video.rico/rico-fanart/studios-rico-fanart.jpg</fanart>
</dir>

<dir>
  <title>[COLOR gold]Warner Bros. Pictures[/COLOR]</title>
  <tmdb>company/movies/174</tmdb>
  <thumbnail>https://pbs.twimg.com/media/BhWUjCjCYAAlf3Z.png:large</thumbnail>
  <fanart>http://entersandman.xyz/sm/plugin.video.rico/rico-fanart/studios-rico-fanart.jpg</fanart>
</dir>

<dir>
  <title>[COLOR gold]The Weinstein Company[/COLOR]</title>
  <tmdb>company/movies/308</tmdb>
  <thumbnail>https://pmcdeadline2.files.wordpress.com/2017/01/weinstein-company.jpg</thumbnail>
  <fanart>http://entersandman.xyz/sm/plugin.video.rico/rico-fanart/studios-rico-fanart.jpg</fanart>
</dir>