<?xml version="1.0" encoding="UTF-8" standalone="yes"?>

 <item>
    <title>[B][COLOR black]============[/COLOR][COLOR orangered]TV SHOWS[/COLOR][COLOR black]============[/COLOR][/B]</title>
    <thumbnail>http://entersandman.xyz/sm/plugin.video.rico/rico-icon/the-rico-icon.png</thumbnail>
    <fanart>http://entersandman.xyz/sm/plugin.video.rico/rico-fanart/the-rico-fanart.jpg</fanart>
 </item>

    <dir>
      <title>[COLOR gold]Popular[/COLOR]</title>
      <tmdb>tv/popular</tmdb>
	  <thumbnail>http://entersandman.xyz/sm/plugin.video.rico/rico-icon/popular-rico-icon.png</thumbnail>
	  <fanart>http://entersandman.xyz/sm/plugin.video.rico/rico-fanart/tv1-rico-fanart.jpg</fanart>
   </dir>

    <dir>
      <title>[COLOR gold]Top Rated[/COLOR]</title>
      <tmdb>tv/top_rated</tmdb>
	  <thumbnail>http://entersandman.xyz/sm/plugin.video.rico/rico-icon/toprated-rico-icon.png</thumbnail>
	  <fanart>http://entersandman.xyz/sm/plugin.video.rico/rico-fanart/tv1-rico-fanart.jpg</fanart>
   </dir>

   <dir>
      <title>[COLOR gold]Airing Today[/COLOR]</title>
      <tmdb>tv/today</tmdb>
	  <thumbnail>http://entersandman.xyz/sm/plugin.video.rico/rico-icon/airingtoday-rico-icon.png</thumbnail>
	  <fanart>http://entersandman.xyz/sm/plugin.video.rico/rico-fanart/tv1-rico-fanart.jpg</fanart>
   </dir>
	
    <dir>
      <title>[COLOR gold]TV Genre[/COLOR]</title>
      <link>file://rico/genretv.xml</link>
	  <thumbnail>http://entersandman.xyz/sm/plugin.video.rico/rico-icon/genre-rico-icon.png</thumbnail>
	  <fanart>http://entersandman.xyz/sm/plugin.video.rico/rico-fanart/tv1-rico-fanart.jpg</fanart>
   </dir>

    <dir>  
      <title>[COLOR gold]New TV Shows[/COLOR]</title>
      <tmdb>list/42075</tmdb>
	  <thumbnail>http://entersandman.xyz/sm/plugin.video.rico/rico-icon/ntvs-rico-icon.png</thumbnail>
	  <fanart>http://entersandman.xyz/sm/plugin.video.rico/rico-fanart/tv1-rico-fanart.jpg</fanart>
   </dir>
	  
    <dir>
      <title>[COLOR gold]Above The Law[/COLOR]</title>
      <tmdb>list/48187</tmdb>
	  <thumbnail>http://entersandman.xyz/sm/plugin.video.rico/rico-icon/atl-rico-icon.png</thumbnail>
	  <fanart>http://entersandman.xyz/sm/plugin.video.rico/rico-fanart/tv1-rico-fanart.jpg</fanart>
   </dir>
	  
    <dir>
      <title>[COLOR gold]Reality TV[/COLOR]</title>
      <tmdb>list/46074</tmdb>
	  <thumbnail>http://entersandman.xyz/sm/plugin.video.rico/rico-icon/reality-rico-icon.png</thumbnail>
	  <fanart>http://entersandman.xyz/sm/plugin.video.rico/rico-fanart/tv1-rico-fanart.jpg</fanart>
   </dir>
	  
    <dir>
      <title>[COLOR gold]TV Networks[/COLOR]</title>
      <link>file://rico/networks.xml</link>
	  <thumbnail>http://entersandman.xyz/sm/plugin.video.rico/rico-icon/networks00-rico-icon.png</thumbnail>
	  <fanart>http://entersandman.xyz/sm/plugin.video.rico/rico-fanart/tv1-rico-fanart.jpg</fanart>
   </dir>